st_name,pc_name,pc_code,pc91_state_id,pc91_district_id,state_clean,district_clean,pc_weight_relative,dist_weight_relative,pc_weight_absolute
AN,Andaman & Nicobar Islands,U0101,27,1,andaman nicobar islands,south andaman,0.5019995862269003,0.5019995862269003,0.1086156614004233
AN,Andaman & Nicobar Islands,U0101,27,1,andaman nicobar islands,south andaman,0.4980004137730997,0.4980004137730997,0.10775037630250377
AP,Adilabad,S0135,2,19,andhra pradesh,adilabad,0.8880019937796324,0.7501758541417229,0.887166517511579
AP,Adilabad,S0135,14,29,maharashtra,chandrapur,0.04703038247756123,0.05439453182977923,0.04698613396380482
AP,Adilabad,S0135,14,19,maharashtra,nanded,0.04258138072390075,0.052556649678258835,0.04254131805140117
AP,Adilabad,S0135,14,25,maharashtra,yavatmal,0.013648480434645694,0.013410834749767815,0.013635639268096505
AP,Adilabad,S0135,14,30,maharashtra,gadchiroli,0.008737762584259868,0.007593418574640176,0.00872954166434508
AP,Amalapuram,S0109,2,4,andhra pradesh,east godavari,0.8826829782636026,0.18218773265112556,0.8726977713052719
AP,Amalapuram,S0109,2,5,andhra pradesh,west godavari,0.06417357789450531,0.016796574917278265,0.06344762478074556
AP,Amalapuram,S0109,33,4,puducherry,yanam,0.053143443841891985,0.8640095601059357,0.052542267317242555
AP,Anakapalli,S0106,2,3,andhra pradesh,visakhapatnam,0.9600775044652561,0.37552919213160557,0.9600775044652564
AP,Anakapalli,S0106,2,2,andhra pradesh,vizianagaram,0.032475501713990995,0.021315301771936388,0.03247550171399101
AP,Anakapalli,S0106,2,4,andhra pradesh,east godavari,0.007446993820752944,0.003134637878547908,0.007446993820752946
AP,Anantapur,S0125,2,12,andhra pradesh,anantapur,0.9282627237193887,0.5022450658719976,0.923739459300581
AP,Anantapur,S0125,11,8,karnataka,chitradurga,0.05190544618858073,0.04852853421813431,0.051652519886696696
AP,Anantapur,S0125,11,19,karnataka,tumkur,0.019831830092030614,0.01955523052215493,0.01973519299875632
AP,Bapatla,S0116,2,8,andhra pradesh,prakasam,0.5884063359537428,0.12925197150156692,0.5813687195915938
AP,Bapatla,S0116,2,7,andhra pradesh,guntur,0.37293796927249473,0.12885776737501123,0.3684774558581302
AP,Bapatla,S0116,2,6,andhra pradesh,krishna,0.038655694773762406,0.01745912395345045,0.03819335449391291
AP,Bhadrachalam,S0105,2,22,andhra pradesh,khammam,0.3651380817276023,0.4365480874661171,0.3651363044243413
AP,Bhadrachalam,S0105,2,3,andhra pradesh,visakhapatnam,0.27113531669449226,0.49335314515777906,0.27113399694805485
AP,Bhadrachalam,S0105,2,4,andhra pradesh,east godavari,0.18830346006783294,0.3687220297839897,0.18830254350401673
AP,Bhadrachalam,S0105,2,5,andhra pradesh,west godavari,0.10809555933298136,0.268410028026658,0.1080950331797267
AP,Bhadrachalam,S0105,19,11,odisha,koraput,0.03569304173650428,0.026175242863153904,0.035692868001244535
AP,Bhadrachalam,S0105,13,45,madhya pradesh,bastar,0.02198940450833329,0.01077484736511683,0.02198929747528937
AP,Bhadrachalam,S0105,2,21,andhra pradesh,warangal,0.009645135932253591,0.014607700408354043,0.009645088984722223
AP,Bobbili,S0103,2,2,andhra pradesh,vizianagaram,0.6817121322360261,0.35149803357942844,0.6681708434285103
AP,Bobbili,S0103,2,1,andhra pradesh,srikakulam,0.31287790635788937,0.20636984678792042,0.30666301022924575
AP,Bobbili,S0103,2,3,andhra pradesh,visakhapatnam,0.005409961406084534,0.0016623322723873291,0.005302499845151155
AP,Chittoor,S0121,2,10,andhra pradesh,chittoor,0.9277102609708113,0.437020370139222,0.9240037497295188
AP,Chittoor,S0121,11,14,karnataka,kolar,0.025448805822717493,0.02203849917368537,0.02534712937390829
AP,Chittoor,S0121,23,4,tamil nadu,dharmapuri,0.020598408726248074,0.015773747284316835,0.020516111228086657
AP,Chittoor,S0121,23,3,tamil nadu,vellore,0.01957701928182634,0.02391699891248573,0.01949880257442121
AP,Chittoor,S0121,23,13,tamil nadu,nagapattinam,0.0066655051983967525,0.0032481776581872062,0.006638874286800606
AP,Cuddapah,S0123,2,11,andhra pradesh,ysr kadapa,0.9782336487097499,0.594429374510046,0.973187117807269
AP,Cuddapah,S0123,2,12,andhra pradesh,anantapur,0.021766351290250018,0.010900733714981563,0.021654062610990843
AP,Eluru,S0111,2,5,andhra pradesh,west godavari,0.8485160413560533,0.48568514897567044,0.8446703877864604
AP,Eluru,S0111,2,6,andhra pradesh,krishna,0.14333624110726204,0.07523291390252963,0.14268661104677993
AP,Eluru,S0111,2,22,andhra pradesh,khammam,0.00814771753668467,0.0022455090379939428,0.008110790363240888
AP,Guntur,S0115,2,7,andhra pradesh,guntur,0.9294504494381807,0.31017982827717816,0.9294504494381822
AP,Guntur,S0115,2,6,andhra pradesh,krishna,0.05716373122020732,0.024936921731197364,0.05716373122020742
AP,Guntur,S0115,2,23,andhra pradesh,nalgonda,0.013385819341612029,0.0034691744529606995,0.013385819341612053
AP,Hanamkonda,S0138,2,21,andhra pradesh,warangal,0.7836908843706926,0.3343135305758133,0.7800355788976918
AP,Hanamkonda,S0138,2,20,andhra pradesh,karimnagar,0.1965460688539779,0.09238620293525227,0.1956293350556058
AP,Hanamkonda,S0138,2,17,andhra pradesh,medak,0.01976304677532955,0.010801845108667999,0.019670867608158248
AP,Hindupur,S0124,2,12,andhra pradesh,anantapur,0.874491344311355,0.4214363607442891,0.8723337945016645
AP,Hindupur,S0124,11,19,karnataka,tumkur,0.06931564076827212,0.06087838305854503,0.06914462484167547
AP,Hindupur,S0124,11,14,karnataka,kolar,0.03658580076120125,0.03955438139255319,0.03649553607421128
AP,Hindupur,S0124,2,10,andhra pradesh,chittoor,0.01313254932374679,0.007723351225721086,0.013100148626497448
AP,Hindupur,S0124,2,11,andhra pradesh,ysr kadapa,0.006474664835424713,0.0037860064376661817,0.006458690507063028
AP,Hyderabad,S0130,2,15,andhra pradesh,rangareddy,0.8695945020430039,0.5859664343170263,0.8666138811730086
AP,Hyderabad,S0130,2,17,andhra pradesh,medak,0.06576280075078349,0.03159608224468947,0.0655373922690985
AP,Hyderabad,S0130,11,11,karnataka,gulbarga,0.039834101552300084,0.012018518820919118,0.03969756624285947
AP,Hyderabad,S0130,2,16,andhra pradesh,hyderabad,0.024808595653912566,0.34089059733774824,0.02472356174697364
AP,Kakinada,S0107,2,4,andhra pradesh,east godavari,0.9224718864780428,0.24951616050625755,0.9224718864780432
AP,Kakinada,S0107,2,3,andhra pradesh,visakhapatnam,0.0775281135219573,0.019486587029450293,0.07752811352195735
AP,Karimnagar,S0137,2,20,andhra pradesh,karimnagar,0.9379045406614058,0.43739993877547506,0.9335767300915443
AP,Karimnagar,S0137,2,18,andhra pradesh,nizamabad,0.035404829605919584,0.024548029890600228,0.03524145967950405
AP,Karimnagar,S0137,2,19,andhra pradesh,adilabad,0.026690629732674602,0.00919369496744264,0.02656747008852588
AP,Khammam,S0140,2,22,andhra pradesh,khammam,0.9412827335509938,0.5191946412104416,0.9366138112552281
AP,Khammam,S0140,2,21,andhra pradesh,warangal,0.05173020821105117,0.03614538673306196,0.051473617588624655
AP,Khammam,S0140,2,6,andhra pradesh,krishna,0.006987058237955109,0.007339686347744789,0.006952401241894069
AP,Kurnool,S0126,2,13,andhra pradesh,kurnool,0.9069259584392648,0.44537058400680424,0.9051165428689056
AP,Kurnool,S0126,2,12,andhra pradesh,anantapur,0.053233137060399664,0.02386324026651351,0.05312693118310632
AP,Kurnool,S0126,11,4,karnataka,bellary,0.03984090450033554,0.033128701288944816,0.039761417578311434
AP,Machilipatnam,S0112,2,6,andhra pradesh,krishna,0.9493409054607995,0.31351258451211295,0.9481585678483516
AP,Machilipatnam,S0112,2,5,andhra pradesh,west godavari,0.050659094539200554,0.018244547734646836,0.05059600218476632
AP,Mahabubnagar,S0129,2,14,andhra pradesh,mahbubnagar,0.926260216607662,0.44214922753058794,0.921826335294773
AP,Mahabubnagar,S0129,2,13,andhra pradesh,kurnool,0.030817093005134993,0.015368800403645319,0.03066957578444137
AP,Mahabubnagar,S0129,11,11,karnataka,gulbarga,0.022434402241346046,0.012204263230387627,0.022327011817920496
AP,Mahabubnagar,S0129,11,17,karnataka,raichur,0.020488288145856966,0.012818117471982915,0.020390213505152105
AP,Medak,S0133,2,17,andhra pradesh,medak,0.6710155384427411,0.47258747519298844,0.6669223100804137
AP,Medak,S0133,2,18,andhra pradesh,nizamabad,0.30128135600752004,0.27130303511628073,0.29944352465966123
AP,Medak,S0133,11,5,karnataka,bidar,0.027703105549738836,0.03604579172159764,0.027534115219613395
AP,Miryalguda,S0142,2,23,andhra pradesh,nalgonda,0.9737247933274817,0.5180824913195383,0.9705103089338721
AP,Miryalguda,S0142,2,21,andhra pradesh,warangal,0.020366521098880444,0.012132383878858866,0.020299286635227985
AP,Miryalguda,S0142,2,22,andhra pradesh,khammam,0.005908685573637835,0.00277857184960429,0.005889179674544622
AP,Nagarkurnool,S0128,2,14,andhra pradesh,mahbubnagar,0.8640807230828124,0.5402403853615043,0.8601504481403672
AP,Nagarkurnool,S0128,2,15,andhra pradesh,rangareddy,0.10393931910297409,0.16539936361902444,0.1034665506561237
AP,Nagarkurnool,S0128,2,13,andhra pradesh,kurnool,0.024560071087475377,0.016042601344911145,0.024448359496878392
AP,Nagarkurnool,S0128,2,8,andhra pradesh,prakasam,0.007419886726738064,0.004804394865423865,0.007386137339558315
AP,Nalgonda,S0141,2,23,andhra pradesh,nalgonda,0.7709426458846562,0.4622264650154579,0.7640755093752613
AP,Nalgonda,S0141,2,15,andhra pradesh,rangareddy,0.19229502377765187,0.2319558314859323,0.1905821646104914
AP,Nalgonda,S0141,2,14,andhra pradesh,mahbubnagar,0.02881296465801279,0.013655385323490778,0.028556314487467482
AP,Nalgonda,S0141,2,17,andhra pradesh,medak,0.007949365679679058,0.006837017726508591,0.007878557066902403
AP,Nandyal,S0127,2,13,andhra pradesh,kurnool,0.8276661031536146,0.5099303315940039,0.8256169311895195
AP,Nandyal,S0127,2,8,andhra pradesh,prakasam,0.1455640199889485,0.0889008603414962,0.14520362621710525
AP,Nandyal,S0127,2,11,andhra pradesh,ysr kadapa,0.018173377316390283,0.012401566471954657,0.01812838287340443
AP,Nandyal,S0127,2,12,andhra pradesh,anantapur,0.008596499541046614,0.00483476063929334,0.008575215951224886
AP,Narasapur,S0110,2,5,andhra pradesh,west godavari,0.90803208900081,0.19205801552840374,0.8937196497977474
AP,Narasapur,S0110,2,4,andhra pradesh,east godavari,0.04636082346571107,0.007732719976717037,0.045630082255907506
AP,Narasapur,S0110,2,6,andhra pradesh,krishna,0.04560708753347891,0.008845465335898322,0.04488822674049752
AP,Narasaraopet,S0117,2,8,andhra pradesh,prakasam,0.6049402072943719,0.46922950092469784,0.6034011769271878
AP,Narasaraopet,S0117,2,7,andhra pradesh,guntur,0.37793915245396553,0.46111463680203835,0.37697763621556574
AP,Narasaraopet,S0117,2,23,andhra pradesh,nalgonda,0.017120640251662652,0.016221869212043157,0.017077083574597342
AP,Nellore,S0119,2,9,andhra pradesh,sri potti sriramulu nellore,0.975135491875919,0.4583375408012205,0.9535145593731713
AP,Nellore,S0119,2,11,andhra pradesh,ysr kadapa,0.024864508124081062,0.009125569981644651,0.0243132064266825
AP,Nizamabad,S0134,2,18,andhra pradesh,nizamabad,0.9257248543854062,0.6945048787270317,0.9235932163706176
AP,Nizamabad,S0134,14,19,maharashtra,nanded,0.0372033833747831,0.02025870786414128,0.03711771629357127
AP,Nizamabad,S0134,2,19,andhra pradesh,adilabad,0.018760081460843025,0.006992061373823598,0.01871688320100046
AP,Nizamabad,S0134,2,17,andhra pradesh,medak,0.018311680778967766,0.010744564594394605,0.018269515037518558
AP,Ongole,S0118,2,8,andhra pradesh,prakasam,0.5611817314513109,0.3078132723668151,0.554043964891868
AP,Ongole,S0118,2,9,andhra pradesh,sri potti sriramulu nellore,0.41021142525721066,0.3219740624161028,0.40499387587988145
AP,Ongole,S0118,2,11,andhra pradesh,ysr kadapa,0.028606843291478508,0.01753245500377198,0.028242987951980783
AP,Parvathipuram,S0102,2,1,andhra pradesh,srikakulam,0.4905854196068512,0.3278039657848549,0.49058541960685154
AP,Parvathipuram,S0102,2,2,andhra pradesh,vizianagaram,0.38572909831640834,0.2014802590343399,0.38572909831640867
AP,Parvathipuram,S0102,19,11,odisha,koraput,0.08754151782377327,0.010982502546440282,0.08754151782377333
AP,Parvathipuram,S0102,19,12,odisha,ganjam,0.036143964252967196,0.009425118269296033,0.036143964252967224
AP,Peddapalli,S0136,2,20,andhra pradesh,karimnagar,0.5788667876447425,0.46210612191052336,0.5763330605651574
AP,Peddapalli,S0136,2,19,andhra pradesh,adilabad,0.3962505922081493,0.23363838951701082,0.39451618478107203
AP,Peddapalli,S0136,14,30,maharashtra,gadchiroli,0.01470380853525971,0.008918505369717193,0.014639449275661479
AP,Peddapalli,S0136,2,17,andhra pradesh,medak,0.005153373277547129,0.004783612380561835,0.005130816721007311
AP,Peddapalli,S0136,2,21,andhra pradesh,warangal,0.005025438334301305,0.0036408554781783937,0.005003441755008491
AP,Rajahmundry,S0108,2,4,andhra pradesh,east godavari,0.9466656240833318,0.1876742876731853,0.9465607075547512
AP,Rajahmundry,S0108,2,5,andhra pradesh,west godavari,0.053334375916668224,0.013408045820081465,0.05332846500426913
AP,Rajampet,S0122,2,11,andhra pradesh,ysr kadapa,0.5764508205149013,0.3577202218871112,0.5753904330512571
AP,Rajampet,S0122,2,10,andhra pradesh,chittoor,0.4071393938363026,0.25410724274554,0.4063904565569801
AP,Rajampet,S0122,11,14,karnataka,kolar,0.016409785648796128,0.01882790999353815,0.016379599672189264
AP,Secunderabad,S0131,2,16,andhra pradesh,hyderabad,0.6596289018195896,0.6591094026622518,0.6596289018195893
AP,Secunderabad,S0131,2,15,andhra pradesh,rangareddy,0.34037109818041056,0.016678370578016924,0.34037109818041045
AP,Siddipet,S0132,2,17,andhra pradesh,medak,0.9879500871743943,0.45750959335029034,0.9837385388214271
AP,Siddipet,S0132,2,18,andhra pradesh,nizamabad,0.006161186212986599,0.0036480627554069237,0.0061349215929572196
AP,Siddipet,S0132,2,20,andhra pradesh,karimnagar,0.005888726612619081,0.0023452292536371867,0.005863623465012322
AP,Srikakulam,S0101,2,1,andhra pradesh,srikakulam,0.9398052542891077,0.4437085610129806,0.6844696510926911
AP,Srikakulam,S0101,19,12,odisha,ganjam,0.06019474571089241,0.011090981512203921,0.04384044077888629
AP,Tenali,S0114,2,6,andhra pradesh,krishna,0.5188904429607334,0.13649145442022098,0.5188824200927369
AP,Tenali,S0114,2,7,andhra pradesh,guntur,0.4811095570392665,0.09681414392079311,0.4811021183235985
AP,Tirupathi,S0120,2,10,andhra pradesh,chittoor,0.5957262529988366,0.27199548877945007,0.5656936673527672
AP,Tirupathi,S0120,2,9,andhra pradesh,sri potti sriramulu nellore,0.37500319757541395,0.21802062642457842,0.35609801152386766
AP,Tirupathi,S0120,23,13,tamil nadu,nagapattinam,0.018245895917015087,0.008617822361411703,0.017326058275046848
AP,Tirupathi,S0120,2,11,andhra pradesh,ysr kadapa,0.011024653508734295,0.005004805707805184,0.010468863245920496
AP,Vijayawada,S0113,2,6,andhra pradesh,krishna,0.8847041947092963,0.4161818497968455,0.8819526582483731
AP,Vijayawada,S0113,2,22,andhra pradesh,khammam,0.09634465799241643,0.0237979561558645,0.09604501451738076
AP,Vijayawada,S0113,2,5,andhra pradesh,west godavari,0.010521457134300473,0.005397638997261314,0.010488734137054392
AP,Vijayawada,S0113,2,7,andhra pradesh,guntur,0.0084296901639868,0.003033623624979141,0.008403472813623589
AP,Visakhapatnam,S0104,2,2,andhra pradesh,vizianagaram,0.6310489348036387,0.3786810702894387,0.5772232692277188
AP,Visakhapatnam,S0104,2,3,andhra pradesh,visakhapatnam,0.30750834917488673,0.10996874340877785,0.2812792555949395
AP,Visakhapatnam,S0104,19,11,odisha,koraput,0.04623777323171762,0.006664147647080757,0.04229389696209033
AP,Visakhapatnam,S0104,2,1,andhra pradesh,srikakulam,0.015204942789756938,0.011671987574742308,0.0139080288413052
AP,Warangal,S0139,2,21,andhra pradesh,warangal,0.9602805892172429,0.5991601429257334,0.958938207234037
AP,Warangal,S0139,2,22,andhra pradesh,khammam,0.03133769147921995,0.015435234279978676,0.03129388433273658
AP,Warangal,S0139,2,20,andhra pradesh,karimnagar,0.008381719303537118,0.00576250712511206,0.008370002447955847
AR,Arunachal East,S0202,3,8,arunachal pradesh,lower dibang valley,0.3119980803528338,1.0,0.2971245146629558
AR,Arunachal East,S0202,3,7,arunachal pradesh,east siang,0.24291290701123022,0.974477681974152,0.2313327681999116
AR,Arunachal East,S0202,3,9,arunachal pradesh,lohit,0.2385911851231979,0.9840799821915538,0.2272170713435793
AR,Arunachal East,S0202,3,10,arunachal pradesh,changlang,0.11873479338212382,0.9275829002402635,0.11307447089858176
AR,Arunachal East,S0202,3,11,arunachal pradesh,tirap,0.0402789811065932,0.7661573421830231,0.03835880239673459
AR,Arunachal East,S0202,3,6,arunachal pradesh,west siang,0.022251743020285212,0.10963117075029014,0.021190958411763855
AR,Arunachal East,S0202,4,18,assam,tinsukia,0.01509935484018683,0.14966201913434743,0.014379538725176378
AR,Arunachal East,S0202,4,11,assam,dhemaji,0.010132955163549005,0.17747602922212186,0.009649897145733013
AR,Arunachal West,S0201,3,4,arunachal pradesh,lower subansiri,0.32243480695980115,1.0,0.3172112498027949
AR,Arunachal West,S0201,3,6,arunachal pradesh,west siang,0.17140437933771616,0.8903688292497098,0.16862756817122393
AR,Arunachal West,S0201,3,5,arunachal pradesh,upper subansiri,0.15217637977579854,1.0,0.14971106895777547
AR,Arunachal West,S0201,3,3,arunachal pradesh,east kameng,0.14185291851546436,1.0,0.139554851396904
AR,Arunachal West,S0201,3,2,arunachal pradesh,west kameng,0.1204726291969936,1.0,0.11852093027714415
AR,Arunachal West,S0201,3,1,arunachal pradesh,tawang,0.04474761831484525,1.0,0.04402269117651482
AR,Arunachal West,S0201,4,9,assam,sonitpur,0.023370550986776574,0.18460913814865362,0.022991939849780513
AR,Arunachal West,S0201,4,11,assam,dhemaji,0.008915562169188934,0.1646380951053879,0.00877112692965412
AR,Arunachal West,S0201,4,10,assam,lakhimpur,0.008590939566583435,0.11028548317533177,0.008451763327263747
AR,Arunachal West,S0201,3,7,arunachal pradesh,east siang,0.006034215176832073,0.025522318025848024,0.005936458770906002
AS,Autonomous District,S0303,4,19,assam,karbi anglong,0.5360259077844935,0.8052194450012042,0.5360269140173617
AS,Autonomous District,S0303,4,20,assam,dima hasao,0.28206703179507325,0.8942230026130138,0.28206756129395427
AS,Autonomous District,S0303,18,1,nagaland,kohima,0.05642663473409079,0.23438325937738272,0.05642674065869943
AS,Autonomous District,S0303,15,2,manipur,tamenglong,0.03814258017931899,0.14228714264355924,0.03814265178092871
AS,Autonomous District,S0303,4,14,assam,golaghat,0.03207674914929148,0.1440267444171027,0.03207680936406622
AS,Autonomous District,S0303,4,23,assam,cachar,0.020276206904115714,0.08513935628004715,0.020276244966801735
AS,Autonomous District,S0303,4,13,assam,nagaon,0.019642787671545994,0.07061890417665401,0.01964282454517148
AS,Autonomous District,S0303,16,1,meghalaya,jaintia hills,0.01534210178207017,0.06266475485813865,0.015342130582407717
AS,Barpeta,S0306,4,5,assam,barpeta,0.5367193262739387,0.5808404550107654,0.536719326273939
AS,Barpeta,S0306,4,3,assam,bongaigaon,0.21300647096978323,0.3892475458157315,0.21300647096978337
AS,Barpeta,S0306,4,6,assam,nalbari,0.15652563179282872,0.2782948483189296,0.15652563179282883
AS,Barpeta,S0306,4,4,assam,goalpara,0.050024542361804036,0.1087835526629735,0.05002454236180407
AS,Barpeta,S0306,4,7,assam,kamrup,0.043724028601645315,0.03599301548357138,0.04372402860164534
AS,Dhubri,S0304,4,2,assam,dhubri,0.5228290358356205,0.379122089786009,0.5219141782566811
AS,Dhubri,S0304,4,4,assam,goalpara,0.30026461888572303,0.7505142914741973,0.29973920934752496
AS,Dhubri,S0304,16,5,meghalaya,west garo hills,0.11698845379762358,0.0858927738603437,0.11678374486550758
AS,Dhubri,S0304,4,3,assam,bongaigaon,0.034506743737072056,0.07247892719805016,0.03444636308896608
AS,Dhubri,S0304,16,4,meghalaya,east garo hills,0.02035978889590448,0.034466686164900104,0.02032416289600711
AS,Dhubri,S0304,4,5,assam,barpeta,0.0050513588480564,0.006283368595668183,0.005042519870858624
AS,Dibrugarh,S0313,4,17,assam,dibrugarh,0.49565321569410914,0.7352012495947734,0.49565335302183905
AS,Dibrugarh,S0313,4,18,assam,tinsukia,0.2730936433818418,0.3786281785524048,0.2730937190462961
AS,Dibrugarh,S0313,4,16,assam,sivasagar,0.12948198466860883,0.2503208082617517,0.12948202054342303
AS,Dibrugarh,S0313,3,10,arunachal pradesh,changlang,0.06627019716545864,0.07241709975973665,0.06627021552655354
AS,Dibrugarh,S0313,3,11,arunachal pradesh,tirap,0.035500959089981604,0.09445559969651383,0.035500968926024154
AS,Gauhati,S0307,4,7,assam,kamrup,0.6294742068219359,0.6619142478467267,0.6280041441852745
AS,Gauhati,S0307,16,2,meghalaya,east khasi hills,0.16426519385472257,0.15436268538675224,0.16388157190266686
AS,Gauhati,S0307,16,3,meghalaya,west khasi hills,0.05935917805493291,0.0537379905022256,0.05922055170796622
AS,Gauhati,S0307,4,4,assam,goalpara,0.05065180327614968,0.14070215586282905,0.05053351197418876
AS,Gauhati,S0307,16,4,meghalaya,east garo hills,0.0454548089377911,0.08551792022747928,0.04534865460207433
AS,Gauhati,S0307,4,6,assam,nalbari,0.04085272366375103,0.09278257996138535,0.04075731695444813
AS,Gauhati,S0307,4,8,assam,darrang,0.009942085390716726,0.015982856630115064,0.009918866824959792
AS,Jorhat,S0312,4,16,assam,sivasagar,0.46028861401621873,0.6716873681981776,0.45968159126070446
AS,Jorhat,S0312,4,15,assam,jorhat,0.2191957636766342,0.32097099670056817,0.2189066910982294
AS,Jorhat,S0312,18,5,nagaland,mokokchung,0.1045630661916105,0.2823132176303907,0.1044251697530894
AS,Jorhat,S0312,18,7,nagaland,mon,0.09267270765604478,0.18093878711103065,0.09255049207075908
AS,Jorhat,S0312,18,4,nagaland,wokha,0.052875110519505546,0.132882630576181,0.05280537949790669
AS,Jorhat,S0312,3,11,arunachal pradesh,tirap,0.038333453188332,0.07698655942873775,0.0382828995190163
AS,Jorhat,S0312,18,6,nagaland,tuensang,0.032071284751654223,0.032023412008154555,0.03202898955023056
AS,Kaliabor,S0311,4,14,assam,golaghat,0.3950220668557623,0.5831037719439826,0.3941315243808544
AS,Kaliabor,S0311,4,19,assam,karbi anglong,0.20060379896855193,0.09906935234984804,0.20015155536345072
AS,Kaliabor,S0311,4,13,assam,nagaon,0.1868105303804885,0.22079584834072,0.18638938248516182
AS,Kaliabor,S0311,4,15,assam,jorhat,0.10144746634940058,0.18581379290404584,0.10121876196719977
AS,Kaliabor,S0311,18,4,nagaland,wokha,0.06521411748257082,0.20500368103366548,0.06506709799567448
AS,Kaliabor,S0311,18,1,nagaland,kohima,0.05090201996322585,0.06951029857888086,0.050787265840255766
AS,Karimganj,S0301,4,22,assam,hailakandi,0.36272170967129613,0.9764101654793123,0.36272136608824385
AS,Karimganj,S0301,4,21,assam,karimganj,0.25773652570106276,0.7618406632967554,0.25773628156375356
AS,Karimganj,S0301,17,1,mizoram,aizawl,0.2564237615976902,0.06967673458896508,0.25642351870387836
AS,Karimganj,S0301,4,23,assam,cachar,0.12311800302995103,0.1086509740192116,0.1231178864081494
AS,Kokrajhar,S0305,4,2,assam,kokrajhar,0.43982616086624926,0.5451324124803102,0.4396807284723474
AS,Kokrajhar,S0305,4,5,assam,barpeta,0.19419317057315677,0.41287617639356644,0.19412895889093162
AS,Kokrajhar,S0305,4,6,assam,nalbari,0.16258513321329074,0.5679064236617111,0.16253137300700948
AS,Kokrajhar,S0305,4,3,assam,bongaigaon,0.14993177650864675,0.5382735269862183,0.14988220024620555
AS,Kokrajhar,S0305,4,7,assam,kamrup,0.032748683457975124,0.05296246101731702,0.032737854817352544
AS,Kokrajhar,S0305,4,2,assam,dhubri,0.020715075380681385,0.025674823422830347,0.020708225758556735
AS,Lakhimpur,S0314,4,10,assam,lakhimpur,0.28444054782593164,0.7604925065087301,0.28332929451992334
AS,Lakhimpur,S0314,4,18,assam,tinsukia,0.2167294498124688,0.47170980231324766,0.2158827304559836
AS,Lakhimpur,S0314,4,11,assam,dhemaji,0.17105793156621124,0.6578858756724904,0.17038964185356373
AS,Lakhimpur,S0314,4,15,assam,jorhat,0.13717892491949715,0.41776044510299404,0.1366429938259994
AS,Lakhimpur,S0314,4,17,assam,dibrugarh,0.11371872741632162,0.26479875040522666,0.11327445070274358
AS,Lakhimpur,S0314,4,14,assam,golaghat,0.03359826287377796,0.08246022136080525,0.03346700106536143
AS,Lakhimpur,S0314,4,16,assam,sivasagar,0.025698385400603607,0.07799182354007068,0.025597986860543938
AS,Lakhimpur,S0314,3,9,arunachal pradesh,lohit,0.01757777018518796,0.015920017808446162,0.017509097292452227
AS,Mangaldoi,S0308,4,8,assam,darrang,0.6489511478405591,0.9840171433698849,0.6489511478405585
AS,Mangaldoi,S0308,4,7,assam,kamrup,0.22483187266758908,0.2229951476371092,0.2248318726675889
AS,Mangaldoi,S0308,4,12,assam,morigaon,0.07371009184827854,0.23507533968941877,0.07371009184827847
AS,Mangaldoi,S0308,4,6,assam,nalbari,0.028482992408617385,0.061016148057974035,0.028482992408617357
AS,Mangaldoi,S0308,4,9,assam,sonitpur,0.024023895234955867,0.020578873403655575,0.024023895234955846
AS,Nowgong,S0310,4,13,assam,nagaon,0.5129537390476742,0.49200798440318055,0.5122843146690359
AS,Nowgong,S0310,4,12,assam,morigaon,0.2558618292016382,0.7649246603105813,0.25552791966361915
AS,Nowgong,S0310,4,19,assam,karbi anglong,0.17636913259331796,0.07068498184916165,0.1761389640849132
AS,Nowgong,S0310,4,7,assam,kamrup,0.02810956045569487,0.026135128015275746,0.028072876397056787
AS,Nowgong,S0310,4,20,assam,dima hasao,0.026705738701674798,0.022587814008908528,0.026670886684474114
AS,Silchar,S0302,4,23,assam,cachar,0.6856958392302499,0.721214337792123,0.683712181933765
AS,Silchar,S0302,15,3,manipur,churachandpur,0.11026681448027685,0.09278216269785285,0.10994782235783741
AS,Silchar,S0302,15,7,manipur,imphal west,0.0875466770393451,0.2077908742665353,0.08729341226106228
AS,Silchar,S0302,15,2,manipur,tamenglong,0.0741652787890821,0.06930194341986302,0.07395072521007695
AS,Silchar,S0302,17,1,mizoram,aizawl,0.034972715365172206,0.0113260807106594,0.03487154239890499
AS,Silchar,S0302,4,22,assam,hailakandi,0.007352675095873774,0.023589834520687837,0.007331404458415939
AS,Tezpur,S0309,4,9,assam,sonitpur,0.6493367433815785,0.7948119884476909,0.6441773963632588
AS,Tezpur,S0309,4,13,assam,nagaon,0.1481274995866677,0.21657726307944553,0.14695054297499707
AS,Tezpur,S0309,4,14,assam,golaghat,0.10427398160546153,0.1904092622781095,0.10344546595226936
AS,Tezpur,S0309,4,10,assam,lakhimpur,0.06496038940314604,0.1292220103159381,0.06444424243504036
AS,Tezpur,S0309,4,15,assam,jorhat,0.033301386023146286,0.0754547652923919,0.033036787710428485
BR,Araria,S0422,5,41,bihar,araria,0.5810299740854847,0.6710096427701431,0.5810299740854848
BR,Araria,S0422,5,21,bihar,saharsa,0.24699027339113283,0.21466064642944174,0.2469902733911329
BR,Araria,S0422,5,23,bihar,purnia,0.10331169006552625,0.07865322783943532,0.10331169006552626
BR,Araria,S0422,5,22,bihar,madhepura,0.06866806245785617,0.0962124064072827,0.06866806245785619
BR,Arrah,S0433,5,3,bihar,bhojpur,0.5574295512381852,0.260901208017973,0.557429551238185
BR,Arrah,S0433,5,1,bihar,patna,0.3224611763190186,0.19131540402668218,0.32246117631901855
BR,Arrah,S0433,5,6,bihar,jehanabad,0.12010927244279612,0.12970217238984286,0.1201092724427961
BR,Aurangabad,S0437,5,5,bihar,aurangabad,0.6365350211600577,0.9539081001248909,0.6362250610461507
BR,Aurangabad,S0437,5,7,bihar,gaya,0.2636838256850144,0.21365592501477598,0.26355542510071384
BR,Aurangabad,S0437,5,34,bihar,hazaribag,0.046522127945374275,0.017043799962782193,0.04649947404009368
BR,Aurangabad,S0437,5,6,bihar,jehanabad,0.03560491621790516,0.07238734618847716,0.03558757843833345
BR,Aurangabad,S0437,5,35,bihar,palamu,0.01765410899164858,0.005585281983139638,0.017645512340322148
BR,Bagaha,S0401,5,12,bihar,pashchim champaran,0.9315438155190624,0.7746916853899429,0.901939056903741
BR,Bagaha,S0401,25,55,uttar pradesh,deoria,0.05787234444377267,0.04310835324403456,0.056033142938467236
BR,Bagaha,S0401,5,13,bihar,purba champaran,0.010583840037164912,0.011538801839800342,0.010247482235949892
BR,Balia,S0419,5,17,bihar,begusarai,0.7470524948864268,0.5726174274138243,0.7470524948864254
BR,Balia,S0419,5,25,bihar,khagaria,0.16405385825968288,0.1457581626309368,0.1640538582596826
BR,Balia,S0419,5,26,bihar,munger,0.06738283655765989,0.01864637083181778,0.06738283655765978
BR,Balia,S0419,5,1,bihar,patna,0.021510810296230472,0.009935051699961485,0.021510810296230434
BR,Banka,S0426,5,27,bihar,bhagalpur,0.5716145845225393,0.4542343904983778,0.5716145845225395
BR,Banka,S0426,5,26,bihar,munger,0.2859815331490791,0.21397714757688607,0.2859815331490792
BR,Banka,S0426,5,31,bihar,santal parganas,0.05909511799983854,0.019381654660384363,0.05909511799983856
BR,Banka,S0426,5,31,bihar,santal parganas,0.05392480447586279,0.017685926915024984,0.05392480447586282
BR,Banka,S0426,5,31,bihar,santal parganas,0.017737932886793015,0.0058175785282607645,0.017737932886793022
BR,Banka,S0426,5,33,bihar,giridih,0.011646026965887265,0.0072439721485174306,0.01164602696588727
BR,Barh,S0418,5,1,bihar,patna,0.6621958853912508,0.36668490861959435,0.6621958491117736
BR,Barh,S0418,5,2,bihar,nalanda,0.2692235421206907,0.2707620661327656,0.26922352737084165
BR,Barh,S0418,5,26,bihar,munger,0.03607601253238835,0.011968969335736681,0.03607601055590541
BR,Barh,S0418,5,17,bihar,begusarai,0.03250455995567009,0.029871080297337895,0.03250455817485498
BR,Begusarai,S0430,5,26,bihar,munger,0.7019667403952724,0.25351018115777535,0.7005708163348664
BR,Begusarai,S0430,5,17,bihar,begusarai,0.24591550367586212,0.24599891568389662,0.24542647855735764
BR,Begusarai,S0430,5,8,bihar,nawada,0.0335695410222029,0.02900114712324147,0.03350278496765922
BR,Begusarai,S0430,5,2,bihar,nalanda,0.018548214906662495,0.020305680554205653,0.01851133011144953
BR,Bettiah,S0402,5,13,bihar,purba champaran,0.5147450892880866,0.30535386233292283,0.5142860456700142
BR,Bettiah,S0402,5,12,bihar,pashchim champaran,0.4755396533196942,0.2151820806419204,0.475115572648427
BR,Bettiah,S0402,25,55,uttar pradesh,deoria,0.00971525739221907,0.0039376619187729564,0.00970659343991212
BR,Bhagalpur,S0427,5,27,bihar,bhagalpur,0.8501481780103285,0.26741138062769365,0.8501481780103277
BR,Bhagalpur,S0427,5,31,bihar,santal parganas,0.08044967974877039,0.010444126263170182,0.08044967974877032
BR,Bhagalpur,S0427,5,31,bihar,santal parganas,0.06940214224090113,0.009009914505092195,0.06940214224090106
BR,Bikramganj,S0436,5,4,bihar,rohtas,0.6988126815699796,0.2193184421985083,0.6988126815699793
BR,Bikramganj,S0436,5,3,bihar,bhojpur,0.2537398955484388,0.11910515085074073,0.25373989554843873
BR,Bikramganj,S0436,5,5,bihar,aurangabad,0.02982451513898999,0.023808461811141646,0.029824515138989982
BR,Bikramganj,S0436,5,6,bihar,jehanabad,0.01762290774259175,0.01908551866529856,0.017622907742591745
BR,Buxar,S0434,5,3,bihar,bhojpur,0.9683494292612246,0.5133431796437707,0.9683482444303668
BR,Buxar,S0434,25,59,uttar pradesh,ballia,0.01634440292375643,0.015344333018533522,0.01634438292544554
BR,Buxar,S0434,5,4,bihar,rohtas,0.00944933576061047,0.0033492654109553714,0.009449324198808236
BR,Buxar,S0434,25,60,uttar pradesh,ghazipur,0.005856832054408512,0.004204472526495744,0.005856824888239837
BR,Chapra,S0407,5,9,bihar,saran,0.7480154298178073,0.3921692360235499,0.7480154298178078
BR,Chapra,S0407,5,1,bihar,patna,0.17919718980987842,0.08244140310121424,0.17919718980987853
BR,Chapra,S0407,5,3,bihar,bhojpur,0.05236438937407367,0.019004822581914375,0.0523643893740737
BR,Chapra,S0407,5,16,bihar,vaishali,0.014873148028283704,0.01535527457951732,0.014873148028283713
BR,Chapra,S0407,5,15,bihar,muzaffarpur,0.005549842969956824,0.0029427927080882626,0.005549842969956828
BR,Darbhanga,S0415,5,19,bihar,darbhanga,0.9229457905755383,0.49070594555589314,0.9221901375136264
BR,Darbhanga,S0415,5,20,bihar,madhubani,0.07705420942446167,0.031529451098106565,0.07699112202552734
BR,Gaya,S0440,5,7,bihar,gaya,0.8737303323792884,0.6251306342404174,0.8737303323792888
BR,Gaya,S0440,5,8,bihar,nawada,0.05820884584227167,0.08228637968134556,0.05820884584227169
BR,Gaya,S0440,5,34,bihar,hazaribag,0.057096458821329486,0.0184704701312369,0.05709645882132951
BR,Gaya,S0440,5,6,bihar,jehanabad,0.010964362957110415,0.019683304437266697,0.01096436295711042
BR,Gopalganj,S0404,5,11,bihar,gopalganj,0.8043181292849546,0.8489641183082812,0.802193979519518
BR,Gopalganj,S0404,5,9,bihar,saran,0.14542436309906054,0.09223153236669404,0.14504030719441463
BR,Gopalganj,S0404,25,55,uttar pradesh,deoria,0.040959815850087185,0.015516542326591077,0.04085164374745456
BR,Gopalganj,S0404,5,10,bihar,siwan,0.009297691765897741,0.010885553417001757,0.009273137190954626
BR,Hajipur,S0408,5,16,bihar,vaishali,0.8298291537231169,0.7231469494104006,0.8298291537231176
BR,Hajipur,S0408,5,1,bihar,patna,0.0738790076545805,0.02868919859218657,0.07387900765458057
BR,Hajipur,S0408,5,18,bihar,samastipur,0.0722468949225487,0.04848781578014507,0.07224689492254875
BR,Hajipur,S0408,5,15,bihar,muzaffarpur,0.024044943699753817,0.01076182496414212,0.024044943699753837
BR,Jahanabad,S0438,5,6,bihar,jehanabad,0.7421808935899741,0.7591416583191147,0.7421808935899734
BR,Jahanabad,S0438,5,7,bihar,gaya,0.13369448140458431,0.054501103831777704,0.1336944814045842
BR,Jahanabad,S0438,5,1,bihar,patna,0.09607570141268469,0.053991874986429954,0.09607570141268461
BR,Jahanabad,S0438,5,2,bihar,nalanda,0.028048923592756906,0.028628544737412446,0.02804892359275688
BR,Jhanjharpur,S0414,5,20,bihar,madhubani,0.8617552773652796,0.528552454978187,0.8582884299292072
BR,Jhanjharpur,S0414,5,21,bihar,saharsa,0.13824472263472032,0.08925854855008128,0.13768856316020914
BR,Katihar,S0425,5,24,bihar,katihar,0.7595949245103647,0.8128049436072118,0.7584466891329703
BR,Katihar,S0425,26,5,west bengal,maldah,0.12000847898122421,0.09043683646842254,0.11982706915776815
BR,Katihar,S0425,26,4,west bengal,uttar dinajpur,0.06999152862960036,0.04480712821154166,0.06988572651495058
BR,Katihar,S0425,5,31,bihar,santal parganas,0.02964931501247978,0.005755095868771287,0.02960449587096855
BR,Katihar,S0425,5,23,bihar,purnia,0.020755752866330923,0.015331925177033943,0.02072437760438991
BR,Khagaria,S0428,5,27,bihar,bhagalpur,0.4580044421561719,0.2046396915425888,0.45709508468608845
BR,Khagaria,S0428,5,25,bihar,khagaria,0.3226832532885098,0.43586370942317815,0.3220425729809841
BR,Khagaria,S0428,5,24,bihar,katihar,0.12502834055584217,0.1271035174659156,0.12478009961101347
BR,Khagaria,S0428,5,22,bihar,madhepura,0.0398942371759,0.05152552019812829,0.0398150280695027
BR,Khagaria,S0428,5,26,bihar,munger,0.03559441426361928,0.014974582604138004,0.03552374235844847
BR,Khagaria,S0428,5,17,bihar,begusarai,0.018795312559956933,0.021902356349910897,0.018757994891598767
BR,Kishanganj,S0423,5,42,bihar,kishanganj,0.43315270084956903,1.0,0.4314463081561957
BR,Kishanganj,S0423,5,41,bihar,araria,0.2149520939521163,0.3050342469426253,0.21410529631741207
BR,Kishanganj,S0423,5,23,bihar,purnia,0.21345605456170638,0.19968813422863013,0.21261515053145105
BR,Kishanganj,S0423,26,4,west bengal,uttar dinajpur,0.13068118856216243,0.10594983586144019,0.1301663737523126
BR,Kishanganj,S0423,26,3,west bengal,darjiling,0.0077579620744458785,0.00887996384088431,0.00772739980443501
BR,Madhepura,S0421,5,22,bihar,madhepura,0.6939291937996709,0.8128511728017462,0.6939291937996703
BR,Madhepura,S0421,5,21,bihar,saharsa,0.132594789272431,0.09634266018559813,0.1325947892724309
BR,Madhepura,S0421,5,23,bihar,purnia,0.08369402410453629,0.053269807591694335,0.08369402410453622
BR,Madhepura,S0421,5,27,bihar,bhagalpur,0.045867567084563965,0.018587010540385845,0.04586756708456393
BR,Madhepura,S0421,5,25,bihar,khagaria,0.04391442573879787,0.053797878504727066,0.043914425738797835
BR,Madhubani,S0413,5,20,bihar,madhubani,0.8705026919386593,0.4204044356222648,0.8705026919386591
BR,Madhubani,S0413,5,19,bihar,darbhanga,0.117434844218834,0.07369181151598592,0.11743484421883399
BR,Madhubani,S0413,5,14,bihar,sitamarhi,0.012062463842506721,0.007740585885497152,0.01206246384250672
BR,Maharajganj,S0406,5,9,bihar,saran,0.8034273267039337,0.43340692582069396,0.8010638198368726
BR,Maharajganj,S0406,5,10,bihar,siwan,0.1503443078354928,0.14971639211540774,0.14990202787788853
BR,Maharajganj,S0406,5,3,bihar,bhojpur,0.046228365460573566,0.017263251444580574,0.04609237175512254
BR,Monghyr,S0429,5,26,bihar,munger,0.9020103288027311,0.433765643099062,0.8989202224902159
BR,Monghyr,S0429,5,27,bihar,bhagalpur,0.07769858803104734,0.03968296129455519,0.07743240826604736
BR,Monghyr,S0429,5,25,bihar,khagaria,0.020291083166221493,0.03132927025334682,0.020221569988625246
BR,Motihari,S0403,5,13,bihar,purba champaran,0.8403004892768164,0.4945695633404684,0.8403004892768162
BR,Motihari,S0403,5,15,bihar,muzaffarpur,0.08849481875750684,0.06025662894679693,0.08849481875750682
BR,Motihari,S0403,5,11,bihar,gopalganj,0.034265749583990035,0.038392857516210716,0.03426574958399003
BR,Motihari,S0403,5,9,bihar,saran,0.01671976435786915,0.011256441775608686,0.016719764357869146
BR,Motihari,S0403,5,14,bihar,sitamarhi,0.014442338736940391,0.012287698580573467,0.014442338736940388
BR,Motihari,S0403,5,12,bihar,pashchim champaran,0.005776839286877081,0.002593529635129038,0.00577683928687708
BR,Muzaffarpur,S0410,5,15,bihar,muzaffarpur,0.9036769400181912,0.4279629690101667,0.9003019714933799
BR,Muzaffarpur,S0410,5,14,bihar,sitamarhi,0.048031846213060087,0.028422894758756753,0.04785246134444277
BR,Muzaffarpur,S0410,5,19,bihar,darbhanga,0.031814289896273405,0.018409657487420922,0.031695472847520355
BR,Muzaffarpur,S0410,5,18,bihar,samastipur,0.01647692387247523,0.011700930553272404,0.016415387390804913
BR,Nalanda,S0431,5,2,bihar,nalanda,0.7957505483731092,0.6803037085756163,0.7925369036241816
BR,Nalanda,S0431,5,8,bihar,nawada,0.10455636618989574,0.0705392301548208,0.10413411449574352
BR,Nalanda,S0431,5,26,bihar,munger,0.050873307354165,0.014347601448796987,0.05066785510864216
BR,Nalanda,S0431,5,7,bihar,gaya,0.04881977808283004,0.01666980184111484,0.04862261903116435
BR,Nawada,S0439,5,8,bihar,nawada,0.7133754957069801,0.8181732430405921,0.713134034673149
BR,Nawada,S0439,5,7,bihar,gaya,0.1393924214141555,0.08091343702430505,0.13934524031754447
BR,Nawada,S0439,5,34,bihar,hazaribag,0.09786630380751588,0.02568562161322214,0.09783317833707737
BR,Nawada,S0439,5,26,bihar,munger,0.03738087153231997,0.01792196417866836,0.03736821897565097
BR,Nawada,S0439,5,33,bihar,giridih,0.0119849075390285,0.004776837272476341,0.011980850926231789
BR,Patna,S0432,5,1,bihar,patna,1.0,0.22057018668925787,0.9999999999999999
BR,Purnea,S0424,5,23,bihar,purnia,0.9197141313882516,0.6530569051632062,0.9194434351680102
BR,Purnea,S0424,5,24,bihar,katihar,0.05842101227401204,0.06009153892687255,0.05840381742328012
BR,Purnea,S0424,5,27,bihar,bhagalpur,0.02186485633773634,0.009884665029814227,0.0218584209315979
BR,Rosera,S0416,5,19,bihar,darbhanga,0.5311408316068978,0.3876107413704604,0.5291262340350317
BR,Rosera,S0416,5,18,bihar,samastipur,0.3104966740010163,0.2780762249562841,0.30931897157579974
BR,Rosera,S0416,5,17,bihar,begusarai,0.07241335038097615,0.06227440071871608,0.07213868921548665
BR,Rosera,S0416,5,25,bihar,khagaria,0.06993076971020297,0.06970954035330197,0.06966552488157496
BR,Rosera,S0416,5,21,bihar,saharsa,0.01601837430090668,0.009470580124825576,0.01595761719836154
BR,Saharsa,S0420,5,21,bihar,saharsa,0.7345494252278041,0.5902675647100533,0.734549425227804
BR,Saharsa,S0420,5,25,bihar,khagaria,0.1945159645447087,0.26354143883450926,0.19451596454470865
BR,Saharsa,S0420,5,22,bihar,madhepura,0.030421789819401374,0.03941090059284275,0.030421789819401367
BR,Saharsa,S0420,5,41,bihar,araria,0.022435242376418387,0.02395611028723155,0.022435242376418384
BR,Saharsa,S0420,5,19,bihar,darbhanga,0.011347106902356576,0.01125488370217383,0.011347106902356574
BR,Saharsa,S0420,5,20,bihar,madhubani,0.006730471129310836,0.005137788774016043,0.006730471129310835
BR,Samastipur,S0417,5,18,bihar,samastipur,0.805203606581032,0.6617350287102984,0.8049183968978768
BR,Samastipur,S0417,5,1,bihar,patna,0.09751989516912332,0.046371972284673324,0.09748535282706824
BR,Samastipur,S0417,5,17,bihar,begusarai,0.0853264600820938,0.06733581953631423,0.08529623675417293
BR,Samastipur,S0417,5,19,bihar,darbhanga,0.011950038167750903,0.00800252267191902,0.011945805366790178
BR,Sasaram,S0435,5,4,bihar,rohtas,0.9580053116640881,0.7298142454250299,0.953461322494154
BR,Sasaram,S0435,5,3,bihar,bhojpur,0.030494784525837367,0.03474540674802568,0.030350142352210813
BR,Sasaram,S0435,5,5,bihar,aurangabad,0.01149990381007443,0.022283438063967407,0.011445357725901377
BR,Sheohar,S0412,5,14,bihar,sitamarhi,0.6277342205669758,0.45958020468448857,0.6277342205669751
BR,Sheohar,S0412,5,13,bihar,purba champaran,0.37226577943302425,0.18853777248680842,0.37226577943302386
BR,Sitamarhi,S0411,5,14,bihar,sitamarhi,0.7352545923046615,0.49196861609068404,0.7253785969103428
BR,Sitamarhi,S0411,5,15,bihar,muzaffarpur,0.22041834300549218,0.11803243078336148,0.217457667121072
BR,Sitamarhi,S0411,5,20,bihar,madhubani,0.028547961831435566,0.014375869527425535,0.02816450344502726
BR,Sitamarhi,S0411,5,19,bihar,darbhanga,0.015779102858410776,0.01032443769614685,0.015567156753228785
BR,Siwan,S0405,5,10,bihar,siwan,0.7876490522136622,0.8195401248814327,0.7876489332940196
BR,Siwan,S0405,5,9,bihar,saran,0.08181371734617278,0.046113753937222494,0.08181370499389737
BR,Siwan,S0405,5,11,bihar,gopalganj,0.07604465955174675,0.07133329664085891,0.07604464807048651
BR,Siwan,S0405,25,55,uttar pradesh,deoria,0.04011950472438927,0.013506866769831509,0.04011949866712665
BR,Siwan,S0405,25,59,uttar pradesh,ballia,0.014373066164028916,0.009931660080068436,0.014373063993976294
BR,Vaishali,S0409,5,15,bihar,muzaffarpur,0.7223819841659151,0.3800433535874445,0.7223819841659159
BR,Vaishali,S0409,5,16,bihar,vaishali,0.2552854447148052,0.26149777601008223,0.2552854447148054
BR,Vaishali,S0409,5,9,bihar,saran,0.022332571119279648,0.011616865221190572,0.022332571119279672
CG,Bastar,S2609,13,45,madhya pradesh,bastar,0.9816593835815227,0.6522455161775526,0.9798946145180709
CG,Bastar,S2609,19,11,odisha,koraput,0.011392166964263132,0.011328336035964877,0.011371686801631916
CG,Bastar,S2609,14,30,maharashtra,gadchiroli,0.006948449454214227,0.011946667378378632,0.006935957943573319
CG,Bilaspur,S2604,13,40,madhya pradesh,bilaspur,0.9655451326659332,0.384579442734857,0.9608103492305282
CG,Bilaspur,S2604,13,14,madhya pradesh,shahdol,0.021710100305736658,0.012287279067216016,0.02160363959268354
CG,Bilaspur,S2604,13,35,madhya pradesh,mandla,0.012744767028330047,0.007566746533246666,0.012682269989328648
CG,Durg,S2610,13,43,madhya pradesh,durg,0.9181478687102099,0.5564887179255341,0.9181478687102107
CG,Durg,S2610,13,40,madhya pradesh,bilaspur,0.0367712089167474,0.009927746061578304,0.036771208916747435
CG,Durg,S2610,13,42,madhya pradesh,raj nandgaon,0.032590228346798145,0.01725063643571605,0.03259022834679818
CG,Durg,S2610,13,44,madhya pradesh,raipur,0.012490694026244389,0.003210975566355123,0.012490694026244399
CG,Janjgir,S2603,13,40,madhya pradesh,bilaspur,0.9643591286980361,0.48842767971468776,0.9643591286980364
CG,Janjgir,S2603,13,41,madhya pradesh,raigarh,0.018742566603211344,0.014782446402850808,0.01874256660321135
CG,Janjgir,S2603,13,39,madhya pradesh,surguja,0.016898304698752673,0.00783865891040327,0.01689830469875268
CG,Kanker,S2608,13,45,madhya pradesh,bastar,0.6703785284419819,0.31081473516410546,0.6691670287545427
CG,Kanker,S2608,13,43,madhya pradesh,durg,0.17470527693179758,0.3572783141144165,0.1743895517415998
CG,Kanker,S2608,13,44,madhya pradesh,raipur,0.1387923195563216,0.12038510745559348,0.13854149581327566
CG,Kanker,S2608,13,42,madhya pradesh,raj nandgaon,0.008629039928867797,0.01541122274111809,0.008613445635892723
CG,Kanker,S2608,14,30,maharashtra,gadchiroli,0.007494835141031226,0.008991914689356513,0.007481290568755216
CG,Mahasamund,S2607,13,44,madhya pradesh,raipur,0.9356079231369437,0.4984849668914128,0.9356079231369441
CG,Mahasamund,S2607,19,10,odisha,kalahandi,0.041176178220733356,0.03813366195882604,0.04117617822073337
CG,Mahasamund,S2607,13,41,madhya pradesh,raigarh,0.010896539941874879,0.009494998243754786,0.010896539941874882
CG,Mahasamund,S2607,13,43,madhya pradesh,durg,0.006925695383603154,0.008699912068181296,0.006925695383603157
CG,Mahasamund,S2607,19,1,odisha,sambalpur,0.005393663316844782,0.0034562070754842918,0.005393663316844784
CG,Raigarh,S2602,13,41,madhya pradesh,raigarh,0.9191503490732104,0.8020194248524359,0.9180264532190542
CG,Raigarh,S2602,5,37,bihar,gumla,0.030187585338461616,0.037886203339548764,0.03015067331199816
CG,Raigarh,S2602,13,39,madhya pradesh,surguja,0.026335130710537898,0.013514973201313488,0.026302929292941656
CG,Raigarh,S2602,19,2,odisha,sundargarh,0.024326934877790227,0.029882987694597882,0.02429718899205886
CG,Raipur,S2606,13,44,madhya pradesh,raipur,0.9328067064488299,0.1955035463521795,0.9328067064488297
CG,Raipur,S2606,13,43,madhya pradesh,durg,0.041699054970224296,0.020605468587197133,0.04169905497022428
CG,Raipur,S2606,13,40,madhya pradesh,bilaspur,0.025494238580945804,0.00561173748142042,0.0254942385809458
CG,Rajnandgaon,S2611,13,42,madhya pradesh,raj nandgaon,0.8806002504359822,0.9587443225865401,0.8803702830920903
CG,Rajnandgaon,S2611,13,43,madhya pradesh,durg,0.04566387501999636,0.056927587304670846,0.04565194997222927
CG,Rajnandgaon,S2611,14,30,maharashtra,gadchiroli,0.021456502052923942,0.01569272621118068,0.021450898721805334
CG,Rajnandgaon,S2611,13,38,madhya pradesh,balaghat,0.02093030163835801,0.026229033497905393,0.02092483572363422
CG,Rajnandgaon,S2611,14,28,maharashtra,bhandara,0.012097109466907207,0.014075566343810257,0.012093950326160317
CG,Rajnandgaon,S2611,13,40,madhya pradesh,bilaspur,0.011021209586265157,0.006120378693551256,0.011018331415047542
CG,Rajnandgaon,S2611,13,35,madhya pradesh,mandla,0.008230751799567115,0.00681321882065603,0.008228602351927686
CG,Sarangarh,S2605,13,44,madhya pradesh,raipur,0.42992828486901835,0.15269207815370042,0.42992828486901824
CG,Sarangarh,S2605,13,40,madhya pradesh,bilaspur,0.28239155713483927,0.10533301531390535,0.28239155713483916
CG,Sarangarh,S2605,13,41,madhya pradesh,raigarh,0.261212403141037,0.15172682900491816,0.26121240314103694
CG,Sarangarh,S2605,19,1,odisha,sambalpur,0.026467754855105427,0.011305644838433415,0.02646775485510542
CG,Surguja,S2601,13,39,madhya pradesh,surguja,0.9386717388550008,0.9639822222863443,0.9323279101279264
CG,Surguja,S2601,5,35,bihar,palamu,0.027269221855520172,0.04676897171215004,0.02708492817135852
CG,Surguja,S2601,13,15,madhya pradesh,sidhi,0.017679633270896018,0.036524362700499025,0.017560148939169084
CG,Surguja,S2601,25,63,uttar pradesh,sonbhadra,0.009044920004967262,0.02853583807134477,0.00898379168823367
CG,Surguja,S2601,13,41,madhya pradesh,raigarh,0.007334486013615939,0.012806887273689331,0.0072849173293299315
CH,Chandigarh,U0201,8,1,haryana,ambala,0.5749270235663375,0.02737028556408081,0.5749270235663368
CH,Chandigarh,U0201,20,8,punjab,rupnagar,0.26541656599262425,0.01494166162505839,0.265416565992624
CH,Chandigarh,U0201,28,1,chandigarh,chandigarh,0.15965641044103823,0.1045510335238126,0.15965641044103807
DD,Daman And Diu,U0401,30,1,daman diu,daman,1.0,0.3167077109289721,0.6285184321596958
DL,Chandni Chowk,U0505,31,1,nct of delhi,north west,0.9385566226409632,0.006391517567080742,0.9385566226409668
DL,Chandni Chowk,U0505,25,16,uttar pradesh,ghaziabad,0.061443377359036745,0.0002451921401698713,0.06144337735903698
DL,Delhi Sadar,U0506,31,1,nct of delhi,north west,0.8271308494502029,0.014931719042343897,0.8271308494502035
DL,Delhi Sadar,U0506,25,16,uttar pradesh,ghaziabad,0.17286915054979712,0.0018286940212259985,0.17286915054979726
DL,East Delhi,U0504,25,16,uttar pradesh,ghaziabad,0.4186554601015784,0.05446049090962195,0.41865069641367686
DL,East Delhi,U0504,8,8,haryana,sonipat,0.2842022472981662,0.016987340008499153,0.2841990134915255
DL,East Delhi,U0504,31,1,nct of delhi,north west,0.27175707772459917,0.060327829375757,0.2717539855258183
DL,East Delhi,U0504,25,15,uttar pradesh,meerut,0.025385214875656256,0.002452009961059651,0.02538492602897323
DL,Karol Bagh,U0507,31,1,nct of delhi,north west,1.0,0.0208775785459827,0.9999999999999999
DL,New Delhi,U0501,31,1,nct of delhi,north west,1.0,0.04126575845310207,0.9999999999999996
DL,Outer Delhi,U0503,31,1,nct of delhi,north west,0.8014616139657151,0.44666339503469854,0.8014610016372905
DL,Outer Delhi,U0503,8,8,haryana,sonipat,0.11413984960428776,0.017127578551986416,0.11413976239976907
DL,Outer Delhi,U0503,8,8,haryana,rohtak,0.084398536429997,0.012664661530473558,0.08439847194827765
DL,South Delhi,U0502,31,1,nct of delhi,north west,1.0,0.09035001293459811,0.9999997341273579
DN,Dadra & Nagar Haveli,U0301,29,1,dadra nagar haveli,dadra nagar haveli,0.7306407243128451,0.6783641288519463,0.7306407243128458
DN,Dadra & Nagar Haveli,U0301,14,2,maharashtra,thane,0.14952705413426698,0.008634242739340494,0.1495270541342671
DN,Dadra & Nagar Haveli,U0301,7,18,gujarat,valsad,0.11983222155288784,0.012636084286969107,0.11983222155288793
GA,Mormugao,S0502,6,1,goa,north goa,0.9587627053847514,0.50239753968107,0.7397727410233909
GA,Mormugao,S0502,6,2,goa,south goa,0.04123729461524856,0.025212809824812155,0.031818328245954666
GA,Panaji,S0501,6,2,goa,south goa,0.7576945627455416,0.915645747229148,0.632093840713666
GA,Panaji,S0501,11,20,karnataka,uttara kannada,0.13679578966411843,0.025930879547925566,0.11411956787565085
GA,Panaji,S0501,6,1,goa,north goa,0.10550964759033991,0.10927750571709391,0.08801963437095521
GJ,Ahmedabad,S0610,7,12,gujarat,ahmadabad,0.5059840340727406,0.008972173638098619,0.5059840340727397
GJ,Ahmedabad,S0610,7,10,gujarat,gandhinagar,0.49401596592725944,0.006975785766322385,0.4940159659272586
GJ,Amreli,S0607,7,5,gujarat,amreli,0.7672207100071052,0.9347051445268731,0.7111609756125924
GJ,Amreli,S0607,7,4,gujarat,bhavnagar,0.17464636524216032,0.16402166070030955,0.16188520183671481
GJ,Amreli,S0607,7,6,gujarat,junagadh,0.05220594303482549,0.03814188503642426,0.048391328462807116
GJ,Amreli,S0607,7,2,gujarat,rajkot,0.0059269817159089576,0.003548122174943821,0.005493905527504304
GJ,Anand,S0620,7,13,gujarat,kheda,0.9467227832426361,0.3592282949442688,0.9151698379980301
GJ,Anand,S0620,7,12,gujarat,ahmadabad,0.05327721675736383,0.017416235801085665,0.05150156169456677
GJ,Banaskantha,S0614,7,8,gujarat,banas kantha,0.8509582386609187,0.7531276228628033,0.828565364302306
GJ,Banaskantha,S0614,21,18,rajasthan,jalor,0.08816463505517014,0.08378377979132695,0.08584459218353627
GJ,Banaskantha,S0614,7,2,gujarat,rajkot,0.04208299884494992,0.03340644258103225,0.040975589264837596
GJ,Banaskantha,S0614,21,19,rajasthan,sirohi,0.018794127438961326,0.03515002303271581,0.018299562000494356
GJ,Baroda,S0622,7,15,gujarat,vadodara,0.8408071054398116,0.29265407278482986,0.8405465442617659
GJ,Baroda,S0622,7,13,gujarat,kheda,0.10180604596101477,0.03914769924718721,0.1017744968659891
GJ,Baroda,S0622,7,14,gujarat,panch mahals,0.03228064057387856,0.009437066564449934,0.032270636993174284
GJ,Baroda,S0622,7,16,gujarat,bharuch,0.025106208025295222,0.008600350212849085,0.02509842775905222
GJ,Bhavnagar,S0608,7,4,gujarat,bhavnagar,0.9685178277040748,0.5302327707294281,0.7995395615937921
GJ,Bhavnagar,S0608,7,5,gujarat,amreli,0.02461203001727187,0.017479099098576655,0.020317944726522263
GJ,Bhavnagar,S0608,7,12,gujarat,ahmadabad,0.006870142278653314,0.0038518353702879913,0.005671501740533565
GJ,Broach,S0623,7,16,gujarat,bharuch,0.8532737486585246,0.7894490797647277,0.8338462261339364
GJ,Broach,S0623,7,17,gujarat,surat,0.1467262513414754,0.1434902862018394,0.14338555609875134
GJ,Bulsar,S0626,7,18,gujarat,valsad,0.6422890670372896,0.7163388562622798,0.6342190837946989
GJ,Bulsar,S0626,7,19,gujarat,the dangs,0.3020737868500808,0.8414820109348008,0.29827840791088966
GJ,Bulsar,S0626,29,1,dadra nagar haveli,dadra nagar haveli,0.032753401020291575,0.3216358711480537,0.032341873857621904
GJ,Bulsar,S0626,30,1,daman diu,daman,0.02288374509233816,0.6832922890710279,0.022596224334317593
GJ,Chhota Udaipur,S0621,7,15,gujarat,vadodara,0.7519515050529374,0.6441177181732185,0.7519515050529375
GJ,Chhota Udaipur,S0621,7,16,gujarat,bharuch,0.19554844666032958,0.1648566982046326,0.1955484466603296
GJ,Chhota Udaipur,S0621,7,14,gujarat,panch mahals,0.03502877983820303,0.02520212129212835,0.03502877983820304
GJ,Chhota Udaipur,S0621,13,21,madhya pradesh,jhabua,0.017471268448529986,0.01697868434279356,0.01747126844852999
GJ,Dhandhuka,S0609,7,12,gujarat,ahmadabad,0.6475641055371149,0.7436134382225578,0.6281096185035895
GJ,Dhandhuka,S0609,7,4,gujarat,bhavnagar,0.2665240492475647,0.2988531413399348,0.25851698304998916
GJ,Dhandhuka,S0609,7,3,gujarat,surendranagar,0.07112621492955444,0.06487109130058809,0.06898940096123998
GJ,Dhandhuka,S0609,7,10,gujarat,mahesana,0.01478563028576613,0.013520588558327717,0.014341432019961462
GJ,Dohad,S0617,7,14,gujarat,panch mahals,0.9116238376459417,0.5085077496164823,0.9071197258333291
GJ,Dohad,S0617,21,24,rajasthan,banswara,0.05081859832721501,0.04540425001080915,0.05056751598428606
GJ,Dohad,S0617,21,23,rajasthan,dungarpur,0.03755756402684333,0.04625912240265188,0.03737200123131235
GJ,Gandhinagar,S0611,7,10,gujarat,gandhinagar,0.7226764080954288,0.06459848940232706,0.7226764080954293
GJ,Gandhinagar,S0611,7,10,gujarat,mahesana,0.20543070540463718,0.018363008806344852,0.20543070540463731
GJ,Gandhinagar,S0611,7,12,gujarat,ahmadabad,0.05751535518089333,0.006456111143422352,0.057515355180893374
GJ,Gandhinagar,S0611,7,9,gujarat,sabar kantha,0.014377531319040737,0.0016726458036395173,0.014377531319040746
GJ,Godhra,S0618,7,14,gujarat,panch mahals,0.8037309348765879,0.4230929154252386,0.803730934876588
GJ,Godhra,S0618,7,13,gujarat,kheda,0.12777207197717472,0.08847056590848168,0.12777207197717474
GJ,Godhra,S0618,7,9,gujarat,sabar kantha,0.0320523116910019,0.019816171624457313,0.03205231169100191
GJ,Godhra,S0618,7,15,gujarat,vadodara,0.02907264532522017,0.018221030885591658,0.02907264532522018
GJ,Godhra,S0618,21,23,rajasthan,dungarpur,0.007372036130015521,0.0085690089018633,0.007372036130015523
GJ,Jamnagar,S0603,7,1,gujarat,jamnagar,0.969989941183957,0.7496351894406326,0.9045819552544798
GJ,Jamnagar,S0603,7,6,gujarat,junagadh,0.02199717634903794,0.01621874058669909,0.020513871275410135
GJ,Jamnagar,S0603,7,2,gujarat,rajkot,0.008012882467005038,0.0048408512090169905,0.007472560880766007
GJ,Junagadh,S0606,7,6,gujarat,junagadh,0.9553973032844068,0.6021789430597879,0.856673944533714
GJ,Junagadh,S0606,7,5,gujarat,amreli,0.031715530262850976,0.033333862432286365,0.028438292969691248
GJ,Junagadh,S0606,30,2,daman diu,diu,0.007290157572193012,1.0,0.006536849143464442
GJ,Junagadh,S0606,7,2,gujarat,rajkot,0.005597008880549289,0.0028905488984439474,0.005018657325917788
GJ,Kaira,S0619,7,13,gujarat,kheda,0.8993923078247774,0.35805163611884316,0.8993923078247777
GJ,Kaira,S0619,7,12,gujarat,ahmadabad,0.10060769217522261,0.03450585075142025,0.10060769217522265
GJ,Kapadvanj,S0616,7,9,gujarat,sabar kantha,0.5067757759914984,0.3356916876146337,0.5067344808012045
GJ,Kapadvanj,S0616,7,12,gujarat,ahmadabad,0.22353537619280345,0.14286917358578005,0.22351716116293308
GJ,Kapadvanj,S0616,7,13,gujarat,kheda,0.20906899819923264,0.1551018037812193,0.2090519619783354
GJ,Kapadvanj,S0616,7,10,gujarat,mahesana,0.024432732821110588,0.01243528113047508,0.024430741892579582
GJ,Kapadvanj,S0616,7,10,gujarat,gandhinagar,0.02192969066411872,0.011161333057145728,0.02192790369877436
GJ,Kapadvanj,S0616,21,23,rajasthan,dungarpur,0.014257426131236326,0.017756142086223562,0.01425626434893914
GJ,Kutch,S0601,7,7,gujarat,kachchh,0.9692938981000607,1.0,0.463458275959706
GJ,Kutch,S0601,7,2,gujarat,rajkot,0.030706101899939407,0.04926783005312916,0.014681818461751936
GJ,Mandvi,S0625,7,17,gujarat,surat,0.9055356494030472,0.6704212040708369,0.905535657895917
GJ,Mandvi,S0625,7,18,gujarat,valsad,0.0406759200219118,0.0420838201661872,0.04067592040340455
GJ,Mandvi,S0625,7,19,gujarat,the dangs,0.02752350165667338,0.07112549039028031,0.02752350191481177
GJ,Mandvi,S0625,14,7,maharashtra,dhule,0.0201197035074832,0.008498187083415883,0.020119703696182586
GJ,Mandvi,S0625,7,16,gujarat,bharuch,0.0061452254108844695,0.004304285454672366,0.006145225468519526
GJ,Mehsana,S0612,7,10,gujarat,mahesana,0.9727362417646495,0.35376416371039027,0.9726591878448072
GJ,Mehsana,S0612,7,12,gujarat,ahmadabad,0.02726375823535048,0.01245125618753704,0.027261598575463796
GJ,Patan,S0613,7,10,gujarat,mahesana,0.8838925838747309,0.49612742109105124,0.876545043876076
GJ,Patan,S0613,7,8,gujarat,banas kantha,0.11610741612526895,0.056790994433122965,0.11514224920376236
GJ,Porbandar,S0605,7,6,gujarat,junagadh,0.48821986344303075,0.3384523628217927,0.44547405057036055
GJ,Porbandar,S0605,7,1,gujarat,jamnagar,0.2698970520859273,0.19611589307428703,0.246266368971174
GJ,Porbandar,S0605,7,2,gujarat,rajkot,0.24188308447104204,0.13739482464956976,0.22070514838104527
GJ,Rajkot,S0604,7,2,gujarat,rajkot,0.8895478368448881,0.5647628539787147,0.8875926271537461
GJ,Rajkot,S0604,7,1,gujarat,jamnagar,0.06679508199586481,0.05424891748508049,0.0666482676411673
GJ,Rajkot,S0604,7,3,gujarat,surendranagar,0.019065584610059187,0.015446272833765337,0.019023678807748325
GJ,Rajkot,S0604,7,5,gujarat,amreli,0.01120828612420027,0.014481893942263931,0.011183650518622431
GJ,Rajkot,S0604,7,4,gujarat,bhavnagar,0.0069198821508681275,0.00689242723032755,0.006904672377899732
GJ,Rajkot,S0604,7,6,gujarat,junagadh,0.006463328274119503,0.00500806849529602,0.006449121998127182
GJ,Sabarkantha,S0615,7,9,gujarat,sabar kantha,0.5896793712467675,0.6099184893681395,0.5879094838576663
GJ,Sabarkantha,S0615,7,8,gujarat,banas kantha,0.27447268113851847,0.19008138270407365,0.27364886779064307
GJ,Sabarkantha,S0615,21,19,rajasthan,sirohi,0.0767713215665184,0.11235246150116691,0.0765408970332709
GJ,Sabarkantha,S0615,21,21,rajasthan,udaipur,0.047337326074887484,0.021671981122556125,0.04719524591991008
GJ,Sabarkantha,S0615,7,10,gujarat,mahesana,0.01173929997330803,0.009329468145248081,0.011704065166067435
GJ,Surat,S0624,7,17,gujarat,surat,0.5295540614069405,0.111820397414196,0.5106141002856085
GJ,Surat,S0624,7,18,gujarat,valsad,0.4704459385930594,0.13882127660742483,0.4536200308416052
GJ,Surendranagar,S0602,7,3,gujarat,surendranagar,0.7555300576030273,0.9196826358656466,0.7514136489972874
GJ,Surendranagar,S0602,7,2,gujarat,rajkot,0.2137387699932499,0.20388852645514943,0.2125742417215729
GJ,Surendranagar,S0602,7,12,gujarat,ahmadabad,0.019485775514938363,0.0298639252998103,0.019379609766518393
GJ,Surendranagar,S0602,7,10,gujarat,mahesana,0.011245396888784459,0.013724460332367587,0.011184127786301873
HP,Hamirpur,S0804,9,2,himachal pradesh,kangra,0.2648881062910367,0.2187958962748937,0.2648881062910369
HP,Hamirpur,S0804,9,3,himachal pradesh,hamirpur,0.24619776148081007,1.0,0.24619776148081024
HP,Hamirpur,S0804,9,4,himachal pradesh,una,0.2005565527654401,0.5870840260316874,0.20055655276544024
HP,Hamirpur,S0804,9,5,himachal pradesh,bilaspur,0.16885449567362018,0.7261682246776344,0.16885449567362026
HP,Hamirpur,S0804,9,6,himachal pradesh,mandi,0.1004712935261919,0.12130987220640872,0.10047129352619195
HP,Hamirpur,S0804,9,10,himachal pradesh,solan,0.019031790262901013,0.04453370518715336,0.019031790262901027
HP,Kangra,S0803,9,2,himachal pradesh,kangra,0.5268494010796252,0.668552475866685,0.5007127813233397
HP,Kangra,S0803,9,1,himachal pradesh,chamba,0.4165679955928976,0.49545711363151074,0.39590235702305504
HP,Kangra,S0803,9,8,himachal pradesh,lahul spiti,0.02943899315394122,0.015872676549832338,0.02797854588286961
HP,Kangra,S0803,20,1,punjab,gurdaspur,0.011105282417279195,0.023115561614806556,0.010554357346031516
HP,Kangra,S0803,9,7,himachal pradesh,kullu,0.008105846581003695,0.010643753318781222,0.007703721363709464
HP,Kangra,S0803,9,6,himachal pradesh,mandi,0.007932481175253091,0.014714160836894958,0.00753895649101387
HP,Mandi,S0802,9,8,himachal pradesh,lahul spiti,0.42121915303633795,0.9813113003206294,0.38764965329906914
HP,Mandi,S0802,9,12,himachal pradesh,kinnaur,0.18615313983286902,0.916834980164113,0.1713174711941921
HP,Mandi,S0802,9,7,himachal pradesh,kullu,0.17437523400875662,0.9893562466812188,0.16047821785921285
HP,Mandi,S0802,9,6,himachal pradesh,mandi,0.10260707369201529,0.8223850870406575,0.09442969593386553
HP,Mandi,S0802,9,1,himachal pradesh,chamba,0.08445034322113269,0.4340033305423936,0.0777199850355221
HP,Mandi,S0802,9,9,himachal pradesh,shimla,0.02586251916075252,0.14682819631756908,0.023801378721354946
HP,Mandi,S0802,9,2,himachal pradesh,kangra,0.0053325370481358885,0.029238451478576854,0.004907554946192079
HP,Simla,S0801,9,9,himachal pradesh,shimla,0.49758713636007834,0.7785443489761341,0.496687394330318
HP,Simla,S0801,9,11,himachal pradesh,sirmaur,0.27774368459681664,0.7587721993257698,0.2772414656922841
HP,Simla,S0801,9,10,himachal pradesh,solan,0.16829324251167577,0.7204356771369566,0.16798893298968917
HP,Simla,S0801,9,6,himachal pradesh,mandi,0.01882888531752336,0.04159087991603884,0.018794838739033325
HP,Simla,S0801,9,12,himachal pradesh,kinnaur,0.018285528623814665,0.024820121480673894,0.018252464548325128
HP,Simla,S0801,9,5,himachal pradesh,bilaspur,0.011324983881979285,0.08910078959390023,0.011304505933012368
HP,Simla,S0801,25,4,uttar pradesh,dehra dun,0.00793653870811186,0.023273396634861485,0.007922187779551398
HR,Ambala,S0701,8,1,haryana,ambala,0.4520034989208723,0.684558369246359,0.45200350945626944
HR,Ambala,S0701,8,2,haryana,yamunanagar,0.2904029335288864,0.5671505585188094,0.2904029402976619
HR,Ambala,S0701,9,11,himachal pradesh,sirmaur,0.14480684103921995,0.17145856117501448,0.1448068444144097
HR,Ambala,S0701,9,10,himachal pradesh,solan,0.06981634170257117,0.12953540872744004,0.06981634332986585
HR,Ambala,S0701,20,9,punjab,patiala,0.04297038480845011,0.03807862811943241,0.0429703858100133
HR,Bhiwani,S0708,8,13,haryana,bhiwani,0.6181891191943045,0.8379810502680369,0.6179691292052258
HR,Bhiwani,S0708,8,15,haryana,hisar,0.2936615807099252,0.2917058758242762,0.2935570777254382
HR,Bhiwani,S0708,8,8,haryana,rohtak,0.059259185955017966,0.0644743232600364,0.05923809786519839
HR,Bhiwani,S0708,8,12,haryana,mahendragarh,0.023194349254702654,0.06445887867470175,0.02318609526821082
HR,Bhiwani,S0708,8,14,haryana,jind,0.005695764886049757,0.012847613867739346,0.005693737980017004
HR,Faridabad,S0706,8,9,haryana,faridabad,0.5019228189743195,0.8837467305817083,0.4993724105500299
HR,Faridabad,S0706,8,10,haryana,gurgaon,0.3779166611942934,0.4801959185312928,0.37599636229583144
HR,Faridabad,S0706,31,1,nct of delhi,north west,0.050672381480665434,0.11501455391497717,0.050414901119698395
HR,Faridabad,S0706,25,17,uttar pradesh,bulandshahr,0.04386327760534514,0.037306441983443565,0.04364039618116477
HR,Faridabad,S0706,25,16,uttar pradesh,ghaziabad,0.019593751564179578,0.02606075764143413,0.019494190302639727
HR,Faridabad,S0706,21,6,rajasthan,bharatpur,0.006031109181197091,0.004066010214882735,0.006000463450255892
HR,Hissar,S0709,8,14,haryana,jind,0.382964739767499,0.6066551324535648,0.3829644259845378
HR,Hissar,S0709,8,15,haryana,hisar,0.3620300219654434,0.2525546078899904,0.3620297253353871
HR,Hissar,S0709,8,4,haryana,kaithal,0.20018427547085418,0.38528440535246966,0.200184111449449
HR,Hissar,S0709,8,6,haryana,panipat,0.023851952958256328,0.06418221582874886,0.023851933415108738
HR,Hissar,S0709,20,10,punjab,sangrur,0.020724967812904404,0.017266757143253205,0.02072495083185864
HR,Hissar,S0709,20,9,punjab,patiala,0.01024404202504249,0.010488744566208977,0.010244033631565213
HR,Karnal,S0703,8,5,haryana,karnal,0.5323499079824333,0.9792264257042541,0.5304311613091574
HR,Karnal,S0703,8,6,haryana,panipat,0.292935485599892,0.6307717424773822,0.29187965938474447
HR,Karnal,S0703,8,3,haryana,kurukshetra,0.07843361460865841,0.16138596686071532,0.0781509166409369
HR,Karnal,S0703,25,14,uttar pradesh,muzaffarnagar,0.03679743963742728,0.02851152934929912,0.03666481077090418
HR,Karnal,S0703,8,2,haryana,yamunanagar,0.029930006455396695,0.05404478147973072,0.029822129851200283
HR,Karnal,S0703,8,4,haryana,kaithal,0.017258992346113933,0.02658131053898693,0.01719678582808577
HR,Karnal,S0703,8,14,haryana,jind,0.012294553370078383,0.015584946857203408,0.012250240159867348
HR,Kurukshetra,S0702,8,3,haryana,kurukshetra,0.3859005611407076,0.8386140331392847,0.3859007095243491
HR,Kurukshetra,S0702,8,4,haryana,kaithal,0.32584391137518065,0.5300218092126436,0.3258440366662815
HR,Kurukshetra,S0702,8,2,haryana,yamunanagar,0.11093189557304015,0.211556593677572,0.11093193822775559
HR,Kurukshetra,S0702,8,1,haryana,ambala,0.10625622762713809,0.15714329222928847,0.10625626848400012
HR,Kurukshetra,S0702,20,9,punjab,patiala,0.06037434169047071,0.05224409679594489,0.060374364905167906
HR,Kurukshetra,S0702,8,5,haryana,karnal,0.010693062593462794,0.020773574295745847,0.010693066705080464
HR,Mahendragarh,S0707,8,12,haryana,mahendragarh,0.3312970104126336,0.6380455491741233,0.33129704695195883
HR,Mahendragarh,S0707,8,11,haryana,rewari,0.2877646288744567,0.703063430489036,0.28776466061251965
HR,Mahendragarh,S0707,8,10,haryana,gurgaon,0.24299031129760387,0.38091983431835647,0.2429903380974292
HR,Mahendragarh,S0707,31,1,nct of delhi,north west,0.06196940488235814,0.17353257581624312,0.06196941171707191
HR,Mahendragarh,S0707,8,8,haryana,rohtak,0.022151223845644212,0.016701768112092105,0.022151226288741336
HR,Mahendragarh,S0707,8,9,haryana,faridabad,0.01800848103284335,0.03911921816521283,0.01800848301903014
HR,Mahendragarh,S0707,21,4,rajasthan,jhunjhunun,0.015152332246427615,0.01095167339271432,0.015152333917604772
HR,Mahendragarh,S0707,8,13,haryana,bhiwani,0.011869431464753086,0.01115003860179944,0.011869432773853389
HR,Mahendragarh,S0707,21,5,rajasthan,alwar,0.008797175943279436,0.004669770044342041,0.008797176913535319
HR,Rohtak,S0705,8,8,haryana,rohtak,0.8683093043602119,0.5279242683184833,0.8667181473395253
HR,Rohtak,S0705,8,11,haryana,rewari,0.05589671303532074,0.11012243771291345,0.05579428358197636
HR,Rohtak,S0705,8,14,haryana,jind,0.02850178564627679,0.03592597406553644,0.028449556773333187
HR,Rohtak,S0705,8,8,haryana,sonipat,0.021128341744436296,0.012845842259438894,0.021089624539480288
HR,Rohtak,S0705,8,13,haryana,bhiwani,0.01816571030979244,0.013760407209663563,0.018132422059453486
HR,Rohtak,S0705,8,10,haryana,gurgaon,0.007998144903961682,0.010110353615263213,0.007983488485618008
HR,Sirsa,S0710,8,16,haryana,sirsa,0.43642636161437864,0.7301983625111891,0.4364262553250591
HR,Sirsa,S0710,8,15,haryana,hisar,0.3444424488654098,0.3962753310426422,0.344442364978283
HR,Sirsa,S0710,20,11,punjab,bathinda,0.164587589274294,0.21482509305478173,0.16458754918986188
HR,Sirsa,S0710,20,10,punjab,sangrur,0.03166685156640225,0.04351023826375322,0.03166684385410895
HR,Sirsa,S0710,20,12,punjab,faridkot,0.01621305434997532,0.02153581145826367,0.01621305040137215
HR,Sirsa,S0710,8,14,haryana,jind,0.0066636943295399825,0.01740875899991859,0.006663692706632664
HR,Sonepat,S0704,8,8,haryana,sonipat,0.327057112228228,0.18975555720361376,0.3268721647901477
HR,Sonepat,S0704,8,14,haryana,jind,0.25903352456579776,0.3115775737560374,0.2588870437679366
HR,Sonepat,S0704,8,8,haryana,rohtak,0.24391741246025672,0.1415186607553765,0.2437794796685484
HR,Sonepat,S0704,8,6,haryana,panipat,0.1492957695730977,0.30504604169386884,0.14921134434867542
HR,Sonepat,S0704,25,15,uttar pradesh,meerut,0.02069618117261983,0.019404597454359913,0.020684477694717016
JH,Chatra,S2704,5,35,bihar,palamu,0.5533774299799674,0.20003650718653365,0.552000419502935
JH,Chatra,S2704,5,34,bihar,hazaribag,0.4134718847310646,0.17307779784126154,0.41244301169362674
JH,Chatra,S2704,5,38,bihar,ranchi,0.023289981760506385,0.015133960024020801,0.023232027555732847
JH,Chatra,S2704,5,7,bihar,gaya,0.009860703528461603,0.009129098047609164,0.00983616640183883
JH,Dhanbad,S2707,5,32,bihar,dhanbad,0.8272793695424879,0.5760489382335149,0.8272793695424879
JH,Dhanbad,S2707,26,15,west bengal,puruliya,0.15328209113553917,0.05451730514332391,0.15328209113553917
JH,Dhanbad,S2707,5,33,bihar,giridih,0.012949810945053212,0.003929653713893528,0.012949810945053212
JH,Dhanbad,S2707,26,16,west bengal,barddhaman,0.006488728376919756,0.00231289249645353,0.006488728376919756
JH,Dumka,S2702,5,31,bihar,santal parganas,0.7663022025611229,0.29929014328945047,0.7663022025611232
JH,Dumka,S2702,26,17,west bengal,birbhum,0.13389504491897922,0.16284897521284714,0.13389504491897927
JH,Dumka,S2702,5,31,bihar,santal parganas,0.07363614478487862,0.028759635885544997,0.07363614478487865
JH,Dumka,S2702,5,32,bihar,dhanbad,0.017056679234016357,0.0289909795237622,0.01705667923401636
JH,Dumka,S2702,26,16,west bengal,barddhaman,0.00910992850100291,0.00792632803020656,0.009109928501002913
JH,Giridih,S2706,5,33,bihar,giridih,0.6870806751043591,0.34864003819518097,0.6870806751043587
JH,Giridih,S2706,5,32,bihar,dhanbad,0.29057325260936717,0.338330768024144,0.290573252609367
JH,Giridih,S2706,26,15,west bengal,puruliya,0.012066772408264769,0.007176501144356395,0.012066772408264762
JH,Giridih,S2706,5,34,bihar,hazaribag,0.010279299878008956,0.0034346635237201633,0.01027929987800895
JH,Godda,S2703,5,31,bihar,santal parganas,0.4872015116086467,0.1270223072121197,0.4861347540045111
JH,Godda,S2703,5,31,bihar,santal parganas,0.2685601032445906,0.07001851005473675,0.26797207441980786
JH,Godda,S2703,5,31,bihar,santal parganas,0.22991825186660178,0.05994387563750467,0.229414831746458
JH,Godda,S2703,5,27,bihar,bhagalpur,0.00880153019339699,0.0055599004665844425,0.008782258702980562
JH,Godda,S2703,5,31,bihar,santal parganas,0.005518603086763954,0.0014388003320313224,0.005506519766686449
JH,Hazaribagh,S2714,5,34,bihar,hazaribag,0.8883043674951996,0.5745714295298789,0.8818964666199874
JH,Hazaribagh,S2714,5,33,bihar,giridih,0.09958165466419146,0.09781612015706583,0.09886330924630608
JH,Hazaribagh,S2714,5,35,bihar,palamu,0.012113977840608943,0.006766458898351134,0.012026592061536369
JH,Jamshedpur,S2709,5,39,bihar,singhbhum,0.7160944541921669,0.19353806717352742,0.7160944541921666
JH,Jamshedpur,S2709,26,13,west bengal,purba medinipur,0.1860465241577997,0.049743570910282704,0.1860465241577996
JH,Jamshedpur,S2709,26,15,west bengal,puruliya,0.09261464965868375,0.05378803268229641,0.0926146496586837
JH,Jamshedpur,S2709,19,4,odisha,mayurbhanj,0.005244371991349648,0.001876509644167946,0.005244371991349645
JH,Khunti,S2711,5,37,bihar,gumla,0.472573473899478,0.45648599143641255,0.4702066007280947
JH,Khunti,S2711,5,38,bihar,ranchi,0.3345339926577189,0.3966895643146575,0.33285848699379805
JH,Khunti,S2711,5,39,bihar,singhbhum,0.1928925334428031,0.12204752427279851,0.1919264357086272
JH,Kodarma,S2705,5,33,bihar,giridih,0.6427322076008021,0.5375933785128658,0.6395993130374281
JH,Kodarma,S2705,5,34,bihar,hazaribag,0.29072922667877077,0.16012667144457268,0.2893121139171811
JH,Kodarma,S2705,5,26,bihar,munger,0.02076027101529943,0.020887539767118764,0.0206590784199559
JH,Kodarma,S2705,5,31,bihar,santal parganas,0.016442011040018106,0.007251353038622044,0.016361867106994294
JH,Kodarma,S2705,5,31,bihar,santal parganas,0.016264119217767218,0.007172898134128588,0.016184842389761964
JH,Kodarma,S2705,5,32,bihar,dhanbad,0.013072164447342566,0.025089250254205584,0.01300844628845104
JH,Lohardaga,S2712,5,37,bihar,gumla,0.4334390826994606,0.4764359329372747,0.4328900702641607
JH,Lohardaga,S2712,5,35,bihar,palamu,0.2296049875768254,0.1723512955595613,0.2293141601032126
JH,Lohardaga,S2712,5,38,bihar,ranchi,0.1843132026912519,0.24870544499421987,0.18407974372479868
JH,Lohardaga,S2712,5,36,bihar,lohardaga,0.15264272703246207,1.0,0.1524493832417338
JH,Palamu,S2713,5,35,bihar,palamu,0.9842730742012062,0.5601058219227467,0.9712525737251363
JH,Palamu,S2713,5,4,bihar,rohtas,0.015726925798793742,0.016666318684894835,0.01551888145600148
JH,Rajmahal,S2701,5,31,bihar,santal parganas,0.6480561901456198,0.2546671873164671,0.6480561887083658
JH,Rajmahal,S2701,5,31,bihar,santal parganas,0.14975964275278664,0.058851173051523833,0.14975964242065087
JH,Rajmahal,S2701,26,17,west bengal,birbhum,0.08997325853665829,0.11010371234911696,0.0899732583371163
JH,Rajmahal,S2701,5,31,bihar,santal parganas,0.044506659008460694,0.017489819307166747,0.04450665890975417
JH,Rajmahal,S2701,26,6,west bengal,murshidabad,0.03466422021655162,0.03929441262184192,0.03466422013967358
JH,Rajmahal,S2701,26,5,west bengal,maldah,0.033040029339922936,0.05040763073871059,0.033040029266647016
JH,Ranchi,S2708,5,38,bihar,ranchi,0.5749317218138981,0.3394710306671019,0.5749317218138998
JH,Ranchi,S2708,5,39,bihar,singhbhum,0.1957449324985384,0.06167086081902094,0.195744932498539
JH,Ranchi,S2708,26,15,west bengal,puruliya,0.10493760108931051,0.07104450575152156,0.10493760108931083
JH,Ranchi,S2708,5,34,bihar,hazaribag,0.07253475738433161,0.02758954595332543,0.07253475738433184
JH,Ranchi,S2708,5,39,bihar,singhbhum,0.051850987213921375,0.016336029622746204,0.051850987213921534
JH,Singhbhum,S2710,5,39,bihar,singhbhum,0.8394312561927082,0.49085626121015946,0.8355332883065989
JH,Singhbhum,S2710,5,39,bihar,singhbhum,0.09808426232328332,0.057354636168694975,0.09762880000656789
JH,Singhbhum,S2710,19,4,odisha,mayurbhanj,0.062484481484008474,0.04837295201781493,0.06219432966942207
JK,Ladakh,S0904,9,8,himachal pradesh,lahul spiti,1.0,0.002816023129538323,0.00022283139729150505
JK,Udhampur,S0905,9,1,himachal pradesh,chamba,1.0,0.04446066572578726,0.015963224444196344
KA,Bagalkot,S1027,11,6,karnataka,bijapur,0.7110449889029354,0.3235609782360301,0.7110449889029355
KA,Bagalkot,S1027,11,10,karnataka,dharwad,0.16649979444944726,0.0915054210725287,0.1664997944494473
KA,Bagalkot,S1027,11,3,karnataka,belgaum,0.0658470769824193,0.03784101630242804,0.0658470769824193
KA,Bagalkot,S1027,11,17,karnataka,raichur,0.05660813966519802,0.030867314795477187,0.05660813966519803
KA,Bangalore North,S1012,11,1,karnataka,bangalore,0.5105746180105604,0.3026831063357237,0.5105746180105604
KA,Bangalore North,S1012,11,2,karnataka,bangalore rural,0.48093287523986267,0.10613775458025294,0.4809328752398627
KA,Bangalore North,S1012,11,14,karnataka,kolar,0.00849250674957699,0.001313883688579861,0.008492506749576991
KA,Bangalore South,S1013,11,1,karnataka,bangalore,0.7734333821268662,0.17030641085189424,0.7734317607843975
KA,Bangalore South,S1013,11,2,karnataka,bangalore rural,0.19490969659112245,0.01597710164876113,0.19490928800341997
KA,Bangalore South,S1013,23,4,tamil nadu,dharmapuri,0.03165692128201142,0.0016086272401500603,0.03165685491985006
KA,Belgaum,S1025,11,3,karnataka,belgaum,0.9082407181018092,0.4173487175274809,0.9082407181018092
KA,Belgaum,S1025,11,10,karnataka,dharwad,0.0809774471708336,0.035585168597013356,0.0809774471708336
KA,Belgaum,S1025,14,14,maharashtra,kolhapur,0.010781834727357213,0.008273944196555867,0.010781834727357213
KA,Bellary,S1005,11,4,karnataka,bellary,0.9059764105095793,0.8283030303206677,0.90365709762189
KA,Bellary,S1005,11,8,karnataka,chitradurga,0.064695223656328,0.055100582299799555,0.06452960293568068
KA,Bellary,S1005,2,12,andhra pradesh,anantapur,0.019090175243784806,0.009409237004413179,0.019041304115400507
KA,Bellary,S1005,11,10,karnataka,dharwad,0.010238190590307802,0.006989618495665869,0.010211980672359315
KA,Bidar,S1001,11,5,karnataka,bidar,0.615139731740416,0.946254695922278,0.6150815294035825
KA,Bidar,S1001,11,11,karnataka,gulbarga,0.3014002577991404,0.15759571085396976,0.3013717403771288
KA,Bidar,S1001,14,13,maharashtra,solapur,0.0340653023087643,0.018637644466696853,0.034062079170838054
KA,Bidar,S1001,14,21,maharashtra,latur,0.02684898017182153,0.030457442967399672,0.026846439816668115
KA,Bidar,S1001,14,20,maharashtra,osmanabad,0.01105459875315785,0.01324989876397945,0.011053552806282703
KA,Bidar,S1001,2,17,andhra pradesh,medak,0.006172899799893507,0.0051398094018986875,0.006172315742036642
KA,Bidar,S1001,14,19,maharashtra,nanded,0.005318229426806268,0.0041095431770884336,0.00531772623482486
KA,Bijapur,S1028,11,6,karnataka,bijapur,0.9740810313567411,0.6192753618420134,0.968764728976858
KA,Bijapur,S1028,14,12,maharashtra,sangli,0.015180417983072495,0.01738965743152009,0.01509756687556389
KA,Bijapur,S1028,14,13,maharashtra,solapur,0.005620906585315101,0.003895942003416009,0.00559022901528277
KA,Bijapur,S1028,11,3,karnataka,belgaum,0.005117644074871347,0.004108904284725092,0.005089713191814587
KA,Chamarajanagar,S1015,11,16,karnataka,mysore,0.8722757768797433,0.5199752892649242,0.8707207612330427
KA,Chamarajanagar,S1015,23,8,tamil nadu,erode,0.06643216259615854,0.05947739404523249,0.06631373324729972
KA,Chamarajanagar,S1015,23,9,tamil nadu,the nilgiris,0.05600157757143256,0.16599935453235196,0.05590174294152342
KA,Chamarajanagar,S1015,23,4,tamil nadu,dharmapuri,0.005290482952665573,0.004105881056096791,0.005281051550363625
KA,Chikballapur,S1009,11,14,karnataka,kolar,0.456649155692559,0.36703493706971924,0.4566491556925587
KA,Chikballapur,S1009,11,2,karnataka,bangalore rural,0.2992016103975064,0.34304657149721385,0.29920161039750626
KA,Chikballapur,S1009,11,19,karnataka,tumkur,0.17650116927913576,0.1152450201605096,0.17650116927913564
KA,Chikballapur,S1009,11,1,karnataka,bangalore,0.06083040212882401,0.18734986085260916,0.06083040212882397
KA,Chikballapur,S1009,2,12,andhra pradesh,anantapur,0.006817662501974804,0.0024426132064039948,0.006817662501974799
KA,Chikkodi,S1026,11,3,karnataka,belgaum,0.8645461193072072,0.3460514065650471,0.8645458491288993
KA,Chikkodi,S1026,14,14,maharashtra,kolhapur,0.07738141460135538,0.051726241120357584,0.077381390418979
KA,Chikkodi,S1026,11,6,karnataka,bijapur,0.041067146777082314,0.013016066307973183,0.04106713394323577
KA,Chikkodi,S1026,14,12,maharashtra,sangli,0.017005319314355245,0.00971155098721555,0.017005314000042574
KA,Chikmagalur,S1020,11,7,karnataka,chikmagalur,0.6151339690320494,0.8684312446300606,0.6151339690320495
KA,Chikmagalur,S1020,11,9,karnataka,dakshina kannada,0.3357102061390187,0.3830092282857999,0.33571020613901875
KA,Chikmagalur,S1020,11,12,karnataka,hassan,0.049155824828931806,0.0780349678990196,0.04915582482893181
KA,Chitradurga,S1007,11,8,karnataka,chitradurga,0.5629150575432278,0.5116391322047125,0.5629150481731635
KA,Chitradurga,S1007,11,19,karnataka,tumkur,0.35429061086325875,0.3396224828944913,0.35429060496587556
KA,Chitradurga,S1007,2,12,andhra pradesh,anantapur,0.047278016524792334,0.02486798855210786,0.04727801573782093
KA,Chitradurga,S1007,11,7,karnataka,chikmagalur,0.02036290436290222,0.027448655983282576,0.02036290402394926
KA,Chitradurga,S1007,11,12,karnataka,hassan,0.00813338761884587,0.012328248255049194,0.008133387483460675
KA,Chitradurga,S1007,11,4,karnataka,bellary,0.007020023086972982,0.00684932570619538,0.007020022970120418
KA,Davangere,S1006,11,8,karnataka,chitradurga,0.6475243560171454,0.37174466902557424,0.6475243560171456
KA,Davangere,S1006,11,18,karnataka,shimoga,0.3338877323953637,0.20215310315707372,0.3338877323953638
KA,Davangere,S1006,11,7,karnataka,chikmagalur,0.011817945847021396,0.010062157503427129,0.011817945847021399
KA,Davangere,S1006,11,4,karnataka,bellary,0.0067699657404695504,0.004172184469064082,0.006769965740469552
KA,Dharwad North,S1024,11,10,karnataka,dharwad,0.907042877387441,0.3473536269201955,0.9047312980426849
KA,Dharwad North,S1024,11,20,karnataka,uttara kannada,0.09295712261255902,0.043409997870765535,0.09272022337666175
KA,Dharwad South,S1023,11,10,karnataka,dharwad,0.860306168907922,0.4071915243729484,0.8603061689079224
KA,Dharwad South,S1023,11,18,karnataka,shimoga,0.09510929919746647,0.05922617577878352,0.09510929919746652
KA,Dharwad South,S1023,11,8,karnataka,chitradurga,0.021994403621705506,0.012987082251779454,0.02199440362170552
KA,Dharwad South,S1023,11,20,karnataka,uttara kannada,0.013924193945021113,0.00803671982297512,0.013924193945021122
KA,Dharwad South,S1023,11,4,karnataka,bellary,0.008665934327884975,0.0054929188698796556,0.00866593432788498
KA,Gulbarga,S1002,11,11,karnataka,gulbarga,0.971071815061533,0.5928133361443859,0.9632527143680553
KA,Gulbarga,S1002,11,6,karnataka,bijapur,0.028928184938467015,0.016949168715213986,0.028695254286577914
KA,Hassan,S1019,11,12,karnataka,hassan,0.8015046015856673,0.8605538187132743,0.7983443680084863
KA,Hassan,S1019,11,13,karnataka,kodagu,0.07378376208014614,0.12125053825711928,0.07349284182602021
KA,Hassan,S1019,11,16,karnataka,mysore,0.061967982295305514,0.035180408099613966,0.06172365020042752
KA,Hassan,S1019,11,15,karnataka,mandya,0.03165142841372158,0.04486148231880839,0.03152663074363847
KA,Hassan,S1019,11,9,karnataka,dakshina kannada,0.02479901610567507,0.019135371224364903,0.02470123665035671
KA,Hassan,S1019,11,19,karnataka,tumkur,0.006293209519484341,0.004273179099759293,0.0062683961721967975
KA,Kanakapura,S1011,11,2,karnataka,bangalore rural,0.5691616046681793,0.49834549938921135,0.5691615001371011
KA,Kanakapura,S1011,11,1,karnataka,bangalore,0.14441314440464198,0.339660621959773,0.14441311788201364
KA,Kanakapura,S1011,11,15,karnataka,mandya,0.12920196301202785,0.1344778889401724,0.12920193928305457
KA,Kanakapura,S1011,11,16,karnataka,mysore,0.09261903674050813,0.03861315096221803,0.09261901973028168
KA,Kanakapura,S1011,23,4,tamil nadu,dharmapuri,0.050384626069294496,0.02734734532449417,0.05038461681575517
KA,Kanakapura,S1011,11,19,karnataka,tumkur,0.014219625105348164,0.007090363763057234,0.014219622493800349
KA,Kanara,S1022,11,20,karnataka,uttara kannada,0.800077153354963,0.9095220299805233,0.7811200740203271
KA,Kanara,S1022,11,3,karnataka,belgaum,0.12923523321289682,0.12597732476875967,0.12617312531670982
KA,Kanara,S1022,11,18,karnataka,shimoga,0.036931190165630276,0.04529566109816464,0.036056140179567535
KA,Kanara,S1022,11,9,karnataka,dakshina kannada,0.012973782347156003,0.018083314519232674,0.012666380716958199
KA,Kanara,S1022,6,1,goa,north goa,0.012622046992794215,0.0783980445742128,0.012322979402619266
KA,Kanara,S1022,6,2,goa,south goa,0.008160593926559701,0.05914144294603987,0.00796723629119312
KA,Kolar,S1010,11,14,karnataka,kolar,0.913072100927125,0.5512303886819242,0.9130720781549773
KA,Kolar,S1010,23,4,tamil nadu,dharmapuri,0.05656639237393744,0.030197650881741405,0.056566390963163585
KA,Kolar,S1010,2,10,andhra pradesh,chittoor,0.017900837239426075,0.005878630116497529,0.017900836792976653
KA,Kolar,S1010,11,2,karnataka,bangalore rural,0.012460669459511471,0.01073084358162838,0.012460669148740607
KA,Koppal,S1004,11,17,karnataka,raichur,0.6907946887051495,0.4699247398206785,0.6907946887051505
KA,Koppal,S1004,11,10,karnataka,dharwad,0.16244032198967526,0.11137464054164815,0.1624403219896755
KA,Koppal,S1004,11,4,karnataka,bellary,0.13292812321535746,0.12205383934524841,0.13292812321535766
KA,Koppal,S1004,11,6,karnataka,bijapur,0.013836866089817693,0.007855180143709306,0.013836866089817714
KA,Mandya,S1014,11,15,karnataka,mandya,0.8176709306862858,0.7148967058732816,0.8161327061816563
KA,Mandya,S1014,11,16,karnataka,mysore,0.18232906931371426,0.06385190592095563,0.1819860669740209
KA,Mangalore,S1017,11,13,karnataka,kodagu,0.5334875268521703,0.8009818775300611,0.5334875897361148
KA,Mangalore,S1017,11,9,karnataka,dakshina kannada,0.19940458821848558,0.14057663021223227,0.19940461172296584
KA,Mangalore,S1017,12,1,kerala,kasaragod,0.12975350573869726,0.35588367513785574,0.1297535210331734
KA,Mangalore,S1017,12,2,kerala,kannur,0.07910982790197463,0.15392562177170535,0.07910983722691246
KA,Mangalore,S1017,12,3,kerala,wayanad,0.04934637834534808,0.13293306045686565,0.04934638416196938
KA,Mangalore,S1017,11,16,karnataka,mysore,0.008898172943324179,0.004615405891746875,0.00889817399218134
KA,Mysore,S1016,11,16,karnataka,mysore,0.8556639074020164,0.3262299930888719,0.855663907402016
KA,Mysore,S1016,12,3,kerala,wayanad,0.0738686399636941,0.146268038684768,0.07386863996369407
KA,Mysore,S1016,11,13,karnataka,kodagu,0.07046745263428954,0.0777675842128197,0.07046745263428951
KA,Raichur,S1003,11,17,karnataka,raichur,0.6388434915961665,0.4863898279118614,0.6378063319600101
KA,Raichur,S1003,11,11,karnataka,gulbarga,0.3234907408572974,0.2141560527913557,0.32296555504339913
KA,Raichur,S1003,2,13,andhra pradesh,kurnool,0.021894221670993606,0.013287682650635365,0.02185867649712719
KA,Raichur,S1003,11,6,karnataka,bijapur,0.008963234821749735,0.0056950019202775875,0.008948683048915228
KA,Raichur,S1003,2,14,andhra pradesh,mahbubnagar,0.006808311053792733,0.003955001784417077,0.006797257790343576
KA,Shimoga,S1021,11,18,karnataka,shimoga,0.8207503670407664,0.693325059965978,0.8207503670407653
KA,Shimoga,S1021,11,9,karnataka,dakshina kannada,0.0833406792695957,0.08000755106208957,0.08334067926959558
KA,Shimoga,S1021,11,7,karnataka,chikmagalur,0.07917726456179797,0.09405794188322962,0.07917726456179787
KA,Shimoga,S1021,11,20,karnataka,uttara kannada,0.016731689127839976,0.013100372777810405,0.01673168912783995
KA,Tumkur,S1008,11,19,karnataka,tumkur,0.8246718000706278,0.4533353405014827,0.824671800070629
KA,Tumkur,S1008,11,15,karnataka,mandya,0.09217172547791606,0.10576392286773766,0.0921717254779162
KA,Tumkur,S1008,11,12,karnataka,hassan,0.056467589240649756,0.04908296513265689,0.056467589240649846
KA,Tumkur,S1008,11,2,karnataka,bangalore rural,0.026688885210806507,0.025762229302932295,0.02668888521080655
KA,Udupi,S1018,11,9,karnataka,dakshina kannada,0.9864549866308906,0.35918790469628076,0.9864549866308896
KA,Udupi,S1018,12,1,kerala,kasaragod,0.013545013369109323,0.01918822727776102,0.013545013369109309
KL,Adoor,S1117,12,13,kerala,kollam,0.5065617578051013,0.6418441512389768,0.506561757805101
KL,Adoor,S1117,12,12,kerala,pathanamthitta,0.39087720108100804,0.5155572993949333,0.39087720108100793
KL,Adoor,S1117,12,14,kerala,thiruvananthapuram,0.05784106709857825,0.08097990725517346,0.05784106709857823
KL,Adoor,S1117,23,20,tamil nadu,tirunelveli,0.0363740500149928,0.01795322484313216,0.03637405001499278
KL,Adoor,S1117,12,9,kerala,idukki,0.008345924000319664,0.005267746993081288,0.00834592400031966
KL,Alleppey,S1115,12,11,kerala,alappuzha,0.6407335516516562,0.5784267979173944,0.4861133172135032
KL,Alleppey,S1115,12,10,kerala,kottayam,0.26732561865744064,0.0820084299469039,0.20281526217370596
KL,Alleppey,S1115,12,13,kerala,kollam,0.04045822233335582,0.011073944451172128,0.030694944281178253
KL,Alleppey,S1115,12,12,kerala,pathanamthitta,0.03862748102316204,0.011006046522660929,0.02930599293164455
KL,Alleppey,S1115,12,8,kerala,ernakulam,0.012855126334385193,0.003838848234683354,0.009752959072453927
KL,Badagara,S1103,12,4,kerala,kozhikode,0.982832765302934,0.5539315920907164,0.980891768166219
KL,Badagara,S1103,33,3,puducherry,mahe,0.017167234697065988,0.15030045531818334,0.017133331112886997
KL,Calicut,S1104,12,3,kerala,wayanad,0.3577952673269473,0.3472357282281918,0.35779526732694705
KL,Calicut,S1104,12,4,kerala,kozhikode,0.3352738912781971,0.3227037634661739,0.3352738912781969
KL,Calicut,S1104,12,5,kerala,malappuram,0.2269321175449935,0.13946861238354286,0.22693211754499334
KL,Calicut,S1104,23,9,tamil nadu,the nilgiris,0.07999872384986206,0.07433296491963093,0.07999872384986201
KL,Cannanore,S1102,12,2,kerala,kannur,0.49969759572219863,0.3917352835640312,0.49969759572219863
KL,Cannanore,S1102,12,3,kerala,wayanad,0.3441766336217545,0.3735631726301745,0.3441766336217545
KL,Cannanore,S1102,12,4,kerala,kozhikode,0.10531160638321044,0.11336353821182066,0.10531160638321044
KL,Cannanore,S1102,33,3,puducherry,mahe,0.0508141642728364,0.8496995446818167,0.0508141642728364
KL,Chirayinkil,S1119,12,14,kerala,thiruvananthapuram,1.0,0.5900700614224753,0.9979821115406193
KL,Ernakulam,S1111,12,8,kerala,ernakulam,0.9350828042856782,0.17007489099432663,0.8543868291217317
KL,Ernakulam,S1111,12,10,kerala,kottayam,0.06491719571432177,0.012129508536915778,0.05931495772099478
KL,Idukki,S1114,12,9,kerala,idukki,0.8343867957620285,0.8368112660789354,0.8318674414564361
KL,Idukki,S1114,12,12,kerala,pathanamthitta,0.10661318414891896,0.22343804775241963,0.10629127542998582
KL,Idukki,S1114,23,16,tamil nadu,madurai,0.022384077318621767,0.01848965785808988,0.022316490652754317
KL,Idukki,S1114,12,10,kerala,kottayam,0.017345741789246583,0.039140110856376434,0.017293367914824807
KL,Idukki,S1114,12,8,kerala,ernakulam,0.011391139734023625,0.025020905964625813,0.011356745233678845
KL,Idukki,S1114,23,20,tamil nadu,tirunelveli,0.007879061247160589,0.006179237679072454,0.007855271145282321
KL,Kasaragod,S1101,12,2,kerala,kannur,0.5061352443729359,0.45433909466426337,0.5058580568865524
KL,Kasaragod,S1101,12,1,kerala,kasaragod,0.4938647556270641,0.6249280975843832,0.4935942881349312
KL,Kottayam,S1113,12,10,kerala,kottayam,0.836135316339507,0.40277139484087665,0.8339882291858304
KL,Kottayam,S1113,12,12,kerala,pathanamthitta,0.163864683660493,0.07331358471549132,0.16344390038492343
KL,Manjeri,S1105,12,5,kerala,malappuram,0.8280005218971177,0.5535373313930412,0.8280005218971166
KL,Manjeri,S1105,12,6,kerala,palakkad,0.13756326288617837,0.07269450477337856,0.13756326288617818
KL,Manjeri,S1105,23,9,tamil nadu,the nilgiris,0.028742392254286285,0.029050733312350415,0.028742392254286247
KL,Manjeri,S1105,12,4,kerala,kozhikode,0.0056938229624175635,0.005961342106518536,0.005693822962417556
KL,Mavelikara,S1116,12,12,kerala,pathanamthitta,0.388403562655911,0.13890933258146138,0.388403562655911
KL,Mavelikara,S1116,12,11,kerala,alappuzha,0.37203927905203726,0.4215732020826056,0.37203927905203726
KL,Mavelikara,S1116,12,13,kerala,kollam,0.23955715829205168,0.08230343478894377,0.23955715829205168
KL,Mukundapuram,S1110,12,8,kerala,ernakulam,0.6504713541341743,0.48618660675466,0.650471354134174
KL,Mukundapuram,S1110,12,7,kerala,thrissur,0.2456174676191496,0.13585436602200962,0.24561746761914946
KL,Mukundapuram,S1110,12,9,kerala,idukki,0.10391117824667613,0.03546184515098621,0.10391117824667608
KL,Muvattupuzha,S1112,12,10,kerala,kottayam,0.5097473643135346,0.4639505558189272,0.5097473643135353
KL,Muvattupuzha,S1112,12,8,kerala,ernakulam,0.35540207773559307,0.3148787480517042,0.35540207773559357
KL,Muvattupuzha,S1112,12,9,kerala,idukki,0.09016382087183067,0.03647370989837348,0.0901638208718308
KL,Muvattupuzha,S1112,12,12,kerala,pathanamthitta,0.044686737079041576,0.037775689033033515,0.04468673707904163
KL,Ottapalam,S1108,12,7,kerala,thrissur,0.6988199608401406,0.33829293744830957,0.6988199608401411
KL,Ottapalam,S1108,12,6,kerala,palakkad,0.30118003915985947,0.10362434485047209,0.3011800391598597
KL,Palghat,S1107,12,6,kerala,palakkad,0.8516837332839459,0.6209883017661237,0.8505610164406107
KL,Palghat,S1107,12,7,kerala,thrissur,0.11616820969919274,0.11917478580330164,0.11601507303520306
KL,Palghat,S1107,23,10,tamil nadu,coimbatore,0.02412150634762531,0.011439686862427793,0.02408970860345721
KL,Palghat,S1107,12,9,kerala,idukki,0.008026550669236096,0.005080550169058368,0.00801596981242498
KL,Ponnani,S1106,12,5,kerala,malappuram,0.547379198336877,0.21427256328957256,0.5473791983368776
KL,Ponnani,S1106,12,6,kerala,palakkad,0.33815050060460533,0.10463358830211687,0.3381505006046057
KL,Ponnani,S1106,12,7,kerala,thrissur,0.11447030105851765,0.04983631552546128,0.11447030105851778
KL,Quilon,S1118,12,13,kerala,kollam,0.8908378185658868,0.249467361793817,0.8908378185658871
KL,Quilon,S1118,12,14,kerala,thiruvananthapuram,0.10916218143411319,0.03377777860900235,0.10916218143411321
KL,Trichur,S1109,12,7,kerala,thrissur,1.0,0.3568415952009178,1.0
KL,Trivandrum,S1120,12,14,kerala,thiruvananthapuram,0.8925234420055613,0.28001698302430844,0.8925234420055613
KL,Trivandrum,S1120,23,21,tamil nadu,kanniyakumari,0.10747655799443857,0.04156176133507553,0.10747655799443857
ML,Shillong,S1501,16,3,meghalaya,west khasi hills,0.33283302625059297,0.8444161746632906,0.3061372620572754
ML,Shillong,S1501,16,2,meghalaya,east khasi hills,0.3211077426679101,0.8456373146132478,0.29535243624451174
ML,Shillong,S1501,16,1,meghalaya,jaintia hills,0.2713879520687285,0.9373352451418613,0.24962055459934582
ML,Shillong,S1501,4,20,assam,dima hasao,0.031031834763671724,0.0831891833780777,0.028542843353566737
ML,Shillong,S1501,4,23,assam,cachar,0.023937871315233252,0.08499533190861826,0.02201787024106008
ML,Shillong,S1501,4,19,assam,karbi anglong,0.019701572933863445,0.025026220799786135,0.018121355516124756
ML,Tura,S1502,16,5,meghalaya,west garo hills,0.6587865253926259,0.9141072261396563,0.6297159188204371
ML,Tura,S1502,16,4,meghalaya,east garo hills,0.2750585838944755,0.8800153936076206,0.2629209344913792
ML,Tura,S1502,16,3,meghalaya,west khasi hills,0.06615489071289864,0.10184583483448373,0.06323564035392286
MN,Inner Manipur,S1401,15,7,manipur,imphal west,0.2993646494765505,0.2644636766215039,0.2990345237173785
MN,Inner Manipur,S1401,15,5,manipur,thoubal,0.27297181764776074,1.0,0.2726707967066072
MN,Inner Manipur,S1401,15,1,manipur,senapati,0.1742644285773688,0.07504426544729467,0.1740722576684743
MN,Inner Manipur,S1401,15,4,manipur,chandel,0.16461352164647206,0.06730494053805687,0.16443199332006964
MN,Inner Manipur,S1401,15,8,manipur,ukhrul,0.053667342956053736,0.016077022416981276,0.05360816104407083
MN,Inner Manipur,S1401,15,6,manipur,bishnupur,0.03511823969579407,0.08938038964660398,0.035079512893679554
MN,Outer Manipur,S1402,15,8,manipur,ukhrul,0.24347344447895322,0.9188823275410107,0.2084248894535587
MN,Outer Manipur,S1402,15,3,manipur,churachandpur,0.20746133342757553,0.8185558489449424,0.17759680353669186
MN,Outer Manipur,S1402,15,4,manipur,chandel,0.18106956635815155,0.9326950594619432,0.15500419124708234
MN,Outer Manipur,S1402,15,2,manipur,tamenglong,0.14406660382924324,0.6312473769033135,0.12332788917214055
MN,Outer Manipur,S1402,15,1,manipur,senapati,0.1342614476663927,0.7284049123209237,0.11493420749695618
MN,Outer Manipur,S1402,15,7,manipur,imphal west,0.04741832457402713,0.527745449111961,0.040592349110454666
MN,Outer Manipur,S1402,15,6,manipur,bishnupur,0.02839976313506882,0.9106196103533959,0.02431155276338833
MN,Outer Manipur,S1402,17,1,mizoram,aizawl,0.007512976338069208,0.01140916360626146,0.006431466339503151
MN,Outer Manipur,S1402,18,2,nagaland,phek,0.006336540192518689,0.05595999475791334,0.005424380847652997
MP,Balaghat,S1212,13,38,madhya pradesh,balaghat,0.921072291385825,0.9544457922022808,0.9190965467633917
MP,Balaghat,S1212,13,35,madhya pradesh,mandla,0.03664819293480484,0.025085117893981372,0.036569580788081923
MP,Balaghat,S1212,13,37,madhya pradesh,seoni,0.02832606435286617,0.03067954181065965,0.028265303574539342
MP,Balaghat,S1212,14,28,maharashtra,bhandara,0.013953451326504072,0.013425073090572852,0.013923520498402352
MP,Betul,S1217,13,31,madhya pradesh,betul,0.7011128247799424,0.9222392044802732,0.6987593654463508
MP,Betul,S1217,13,32,madhya pradesh,hoshangabad,0.2540504993864308,0.33719491327219486,0.2531977157860562
MP,Betul,S1217,13,20,madhya pradesh,dewas,0.022014116094063847,0.03950538572012469,0.021940220245690787
MP,Betul,S1217,14,24,maharashtra,amravati,0.008644338680535851,0.009536273440889633,0.008615321810737727
MP,Betul,S1217,13,25,madhya pradesh,east nimar,0.007742375380862915,0.009398614981852911,0.007716386174903116
MP,Betul,S1217,13,36,madhya pradesh,chhindwara,0.006435845678164158,0.007283241439974646,0.006414242163657651
MP,Bhind,S1202,13,2,madhya pradesh,bhind,0.5817368982424699,0.9524033978662254,0.5780535932294562
MP,Bhind,S1202,13,4,madhya pradesh,datia,0.22414548009412666,0.7839659710360004,0.22272628840632183
MP,Bhind,S1202,13,3,madhya pradesh,gwalior,0.10308338775654796,0.13660054308937725,0.10243070858142733
MP,Bhind,S1202,25,35,uttar pradesh,etawah,0.049201531345994524,0.07541510064952595,0.048890008649734126
MP,Bhind,S1202,25,20,uttar pradesh,agra,0.026995260815461178,0.038654783682304975,0.026824338565575357
MP,Bhind,S1202,25,38,uttar pradesh,jalaun,0.009798275616160267,0.015234217573825959,0.009736237196721982
MP,Bhind,S1202,13,5,madhya pradesh,shivpuri,0.005039166129239602,0.0033252656236934853,0.005007260321096242
MP,Bhopal,S1219,13,32,madhya pradesh,hoshangabad,0.49810915892316115,0.6133539284259557,0.4947310074104354
MP,Bhopal,S1219,13,34,madhya pradesh,narsimhapur,0.2850124751890322,0.6462128293283883,0.2830795347743508
MP,Bhopal,S1219,13,30,madhya pradesh,raisen,0.16202569044544327,0.22527793410141772,0.16092684028082874
MP,Bhopal,S1219,13,29,madhya pradesh,sehore,0.040955567765918105,0.07672356488439497,0.04067780914469123
MP,Bhopal,S1219,13,10,madhya pradesh,sagar,0.013897107676445312,0.01603875614452494,0.013802858184183036
MP,Chhindwara,S1216,13,36,madhya pradesh,chhindwara,0.9285861563512534,0.9211065076351533,0.925216984535375
MP,Chhindwara,S1216,13,34,madhya pradesh,narsimhapur,0.0241007951946706,0.051628080255823945,0.024013350729388882
MP,Chhindwara,S1216,13,32,madhya pradesh,hoshangabad,0.021864664323627724,0.02543737757277646,0.021785333170240444
MP,Chhindwara,S1216,13,31,madhya pradesh,betul,0.020139914964196766,0.023221050446931617,0.02006684168671201
MP,Chhindwara,S1216,13,37,madhya pradesh,seoni,0.005308469166251484,0.007180614900051257,0.00528920854667616
MP,Damoh,S1207,13,11,madhya pradesh,damoh,0.3920584489493379,0.9340798647702796,0.3898898679291963
MP,Damoh,S1207,13,9,madhya pradesh,panna,0.3622446926214236,0.9312061680500667,0.36024101952836557
MP,Damoh,S1207,13,8,madhya pradesh,chhatarpur,0.2010377613885791,0.4146889534940205,0.19992576731002432
MP,Damoh,S1207,13,12,madhya pradesh,satna,0.01735392225919824,0.04102299480381208,0.017257933034792637
MP,Damoh,S1207,13,10,madhya pradesh,sagar,0.013638143841039787,0.022743459142224323,0.013562707589218412
MP,Damoh,S1207,13,7,madhya pradesh,tikamgarh,0.0072937944172027066,0.02310140423906127,0.007253450473129193
MP,Damoh,S1207,25,42,uttar pradesh,banda,0.00637323652321864,0.013602217270693944,0.006337984433133187
MP,Dhar,S1225,13,22,madhya pradesh,dhar,0.7295332006655392,0.9516939835648055,0.7295332006655387
MP,Dhar,S1225,13,24,madhya pradesh,west nimar,0.19734782399257125,0.1671332464487275,0.19734782399257114
MP,Dhar,S1225,13,21,madhya pradesh,jhabua,0.03912246173589208,0.06641103836094045,0.03912246173589206
MP,Dhar,S1225,13,17,madhya pradesh,ratlam,0.013586191099815029,0.03220770731489176,0.013586191099815022
MP,Dhar,S1225,13,23,madhya pradesh,indore,0.011065657412170063,0.033094379604361686,0.011065657412170056
MP,Dhar,S1225,13,18,madhya pradesh,ujjain,0.009344665094012461,0.017373506311831308,0.009344665094012456
MP,Guna,S1204,13,5,madhya pradesh,shivpuri,0.5265721565774657,0.8142804134673052,0.5257280091094877
MP,Guna,S1204,13,6,madhya pradesh,guna,0.4397265117246965,0.6538518459367645,0.43902158645122996
MP,Guna,S1204,21,26,rajasthan,kota,0.01580095128321508,0.02146757099884772,0.015775620788902454
MP,Guna,S1204,25,40,uttar pradesh,lalitpur,0.011968414233639727,0.03857102746198835,0.011949227676878529
MP,Guna,S1204,25,39,uttar pradesh,jhansi,0.005931966180982971,0.018696107093747267,0.005922456650011271
MP,Gwalior,S1203,13,3,madhya pradesh,gwalior,0.7457562396535121,0.7913498090150669,0.7452493751622287
MP,Gwalior,S1203,13,5,madhya pradesh,shivpuri,0.20126212387738876,0.1063500212056567,0.2011253330352751
MP,Gwalior,S1203,13,4,madhya pradesh,datia,0.05298163646909918,0.1483885727830775,0.05294562669970222
MP,Hoshangabad,S1218,13,29,madhya pradesh,sehore,0.43684454803136596,0.5750574092343222,0.4328972513845051
MP,Hoshangabad,S1218,13,28,madhya pradesh,bhopal,0.3300238460651382,0.9618370238718155,0.3270417737768891
MP,Hoshangabad,S1218,13,20,madhya pradesh,dewas,0.2028392561610623,0.23730188406235025,0.20100641489222992
MP,Hoshangabad,S1218,13,19,madhya pradesh,shajapur,0.012682928708521017,0.017546787447066586,0.0125683266557104
MP,Hoshangabad,S1218,13,27,madhya pradesh,vidisha,0.010580649524294324,0.012535953674125721,0.010485043518503314
MP,Hoshangabad,S1218,13,26,madhya pradesh,rajgarh,0.007028771509618208,0.009966125156605624,0.006965260024041707
MP,Indore,S1226,13,23,madhya pradesh,indore,0.8518475628844745,0.8930808166647028,0.8518475628844748
MP,Indore,S1226,13,18,madhya pradesh,ujjain,0.05779672716869881,0.03766854399444175,0.05779672716869883
MP,Indore,S1226,13,20,madhya pradesh,dewas,0.055685767925492735,0.02964676803294949,0.055685767925492756
MP,Indore,S1226,13,22,madhya pradesh,dhar,0.03466994202133397,0.015854670838971675,0.034669942021333985
MP,Jabalpur,S1214,13,33,madhya pradesh,jabalpur,0.9042169404908142,0.3557449107594042,0.9005655080032182
MP,Jabalpur,S1214,13,9,madhya pradesh,panna,0.0837909705037237,0.04871033900054843,0.08345260361612875
MP,Jabalpur,S1214,13,11,madhya pradesh,damoh,0.01199208900546197,0.006461125173249722,0.011943662238136733
MP,Jhabua,S1228,13,21,madhya pradesh,jhabua,0.5929376107978589,0.8769731722000225,0.5929364072233193
MP,Jhabua,S1228,13,17,madhya pradesh,ratlam,0.2719753492565416,0.5617652201026636,0.27197479718731915
MP,Jhabua,S1228,21,24,rajasthan,banswara,0.06386516142217738,0.11201230499397791,0.06386503178546543
MP,Jhabua,S1228,7,14,gujarat,panch mahals,0.030831491266596456,0.033760147101700916,0.030831428683287133
MP,Jhabua,S1228,7,15,gujarat,vadodara,0.021823219727397935,0.028450634051440552,0.021823175429530575
MP,Jhabua,S1228,21,22,rajasthan,chittaurgarh,0.0072590934462447975,0.00616387179354939,0.00725907871137237
MP,Jhabua,S1228,13,18,madhya pradesh,ujjain,0.005868282537882648,0.009506003356443594,0.005868270626148048
MP,Jhabua,S1228,13,22,madhya pradesh,dhar,0.0054397915453002705,0.006182978451773078,0.005439780503338206
MP,Khajuraho,S1206,13,8,madhya pradesh,chhatarpur,0.4508728070363321,0.5710582481843759,0.4503892683390407
MP,Khajuraho,S1206,13,7,madhya pradesh,tikamgarh,0.44567695412498237,0.866735485256853,0.4451989877219364
MP,Khajuraho,S1206,25,39,uttar pradesh,jhansi,0.0616446243902202,0.12666825799254816,0.06157851359154818
MP,Khajuraho,S1206,25,41,uttar pradesh,hamirpur,0.023616694439677,0.03632652857767313,0.023591366707586093
MP,Khajuraho,S1206,25,42,uttar pradesh,banda,0.018188920008788356,0.023836260493392207,0.018169413295256443
MP,Khandwa,S1223,13,25,madhya pradesh,east nimar,0.7598508915912838,0.9102513203491253,0.7537684471947678
MP,Khandwa,S1223,13,20,madhya pradesh,dewas,0.19559163922390355,0.346376680273444,0.19402596984959855
MP,Khandwa,S1223,13,24,madhya pradesh,west nimar,0.026223509410546648,0.025896339943649174,0.026013595808238265
MP,Khandwa,S1223,13,32,madhya pradesh,hoshangabad,0.018333959774266023,0.024013780729073064,0.018187200334843116
MP,Khargone,S1224,13,24,madhya pradesh,west nimar,0.9392364974471944,0.7610698378732574,0.9348237945689296
MP,Khargone,S1224,13,23,madhya pradesh,indore,0.0257991996950818,0.0738248037309355,0.025677990390438252
MP,Khargone,S1224,13,22,madhya pradesh,dhar,0.015982729557313054,0.01994905174248493,0.015907639804187218
MP,Khargone,S1224,13,20,madhya pradesh,dewas,0.01019741349198424,0.014818026367643029,0.010149504199714148
MP,Khargone,S1224,13,25,madhya pradesh,east nimar,0.008784159808426551,0.008634459221646858,0.008742890237477024
MP,Mandla,S1213,13,35,madhya pradesh,mandla,0.8146249164357614,0.960534916752116,0.8131032071194731
MP,Mandla,S1213,13,37,madhya pradesh,seoni,0.11477582095664106,0.21414351427149758,0.11456142113592538
MP,Mandla,S1213,13,33,madhya pradesh,jabalpur,0.03621840913035963,0.05682839584934027,0.03615075358793411
MP,Mandla,S1213,13,14,madhya pradesh,shahdol,0.03438085347723796,0.038644592078675766,0.0343166304661531
MP,Mandsaur,S1229,13,16,madhya pradesh,mandsaur,0.7974144309371569,0.9179720310600303,0.797005833357067
MP,Mandsaur,S1229,21,22,rajasthan,chittaurgarh,0.10007766033774057,0.09631022190823033,0.10002638024015442
MP,Mandsaur,S1229,13,17,madhya pradesh,ratlam,0.07802146407018669,0.1826431674436771,0.07798148563466141
MP,Mandsaur,S1229,21,20,rajasthan,bhilwara,0.01181381283736911,0.01270433163109998,0.011807759403734467
MP,Mandsaur,S1229,21,26,rajasthan,kota,0.006910313102406129,0.006214536645226159,0.006906772236951778
MP,Mandsaur,S1229,21,27,rajasthan,jhalawar,0.005762318715140426,0.009908940291497467,0.005759366085502226
MP,Morena,S1201,13,1,madhya pradesh,morena,0.8228889721042367,0.9635651559496943,0.8205171642911588
MP,Morena,S1201,21,8,rajasthan,sawai madhopur,0.0520598790922684,0.06161041311579671,0.05190982722359019
MP,Morena,S1201,21,7,rajasthan,dhaulpur,0.04962248161442594,0.21430579206476444,0.04947945504147716
MP,Morena,S1201,13,5,madhya pradesh,shivpuri,0.023197033294265906,0.028232246777000033,0.02313017262815821
MP,Morena,S1201,25,20,uttar pradesh,agra,0.022848447899016293,0.06034172932620976,0.0227825919584451
MP,Morena,S1201,13,3,madhya pradesh,gwalior,0.019563293500659374,0.04781355584505023,0.01950690634036514
MP,Morena,S1201,13,2,madhya pradesh,bhind,0.00981989249512738,0.029651480852867874,0.00979158867950573
MP,Rajgarh,S1221,13,26,madhya pradesh,rajgarh,0.5046234026567126,0.9341551635321972,0.5001747921402937
MP,Rajgarh,S1221,13,6,madhya pradesh,guna,0.31305365247223893,0.3138139147737525,0.3102938641563198
MP,Rajgarh,S1221,13,27,madhya pradesh,vidisha,0.1321007776032206,0.2043408254428888,0.13093621625830693
MP,Rajgarh,S1221,21,27,rajasthan,jhalawar,0.03922351292082569,0.06869447157288473,0.03887773004363087
MP,Rajgarh,S1221,21,26,rajasthan,kota,0.010998654347002217,0.010073860800526737,0.010901693466597279
MP,Rewa,S1209,13,13,madhya pradesh,rewa,0.8256259621863944,0.94466868213548,0.8254036831916168
MP,Rewa,S1209,13,12,madhya pradesh,satna,0.10690909422367557,0.10076566373825335,0.10688031164283995
MP,Rewa,S1209,25,45,uttar pradesh,allahabad,0.0345747032555783,0.03220223865344959,0.034565394887580723
MP,Rewa,S1209,25,42,uttar pradesh,banda,0.023958321371422172,0.020387983006769146,0.023951871196845668
MP,Rewa,S1209,25,62,uttar pradesh,mirzapur,0.00893191896292953,0.01277698060656641,0.008929514268722414
MP,Sagar,S1205,13,10,madhya pradesh,sagar,0.9371796173191004,0.9312246937569053,0.9330568766701526
MP,Sagar,S1205,25,40,uttar pradesh,lalitpur,0.03775760346500622,0.07698355137955605,0.03759150424161794
MP,Sagar,S1205,13,30,madhya pradesh,raisen,0.010911468795771604,0.01306181043066242,0.010863468225643182
MP,Sagar,S1205,13,8,madhya pradesh,chhatarpur,0.007507142867800224,0.009226774465763202,0.007474118245319557
MP,Sagar,S1205,13,11,madhya pradesh,damoh,0.006644167552321392,0.009432008118709811,0.006614939238836797
MP,Satna,S1208,13,12,madhya pradesh,satna,0.6881619255074081,0.8429714342103708,0.6859754812560304
MP,Satna,S1208,13,33,madhya pradesh,jabalpur,0.21986011392463486,0.19820969338967834,0.21916156920081378
MP,Satna,S1208,25,42,uttar pradesh,banda,0.04886128051266281,0.05403896455208535,0.04870603730327849
MP,Satna,S1208,13,14,madhya pradesh,shahdol,0.019880003608384288,0.012838992558604705,0.019816840393455083
MP,Satna,S1208,13,9,madhya pradesh,panna,0.015076583322977634,0.02008349294938491,0.015028681647928355
MP,Satna,S1208,13,13,madhya pradesh,rewa,0.008160093123932335,0.012134324068386545,0.008134166684179985
MP,Seoni,S1215,13,37,madhya pradesh,seoni,0.5129152511268215,0.7479963290177916,0.5078387686854767
MP,Seoni,S1215,13,33,madhya pradesh,jabalpur,0.30090693878057384,0.36903500663354016,0.29792876882395325
MP,Seoni,S1215,13,34,madhya pradesh,narsimhapur,0.13083367578697444,0.30215909041578765,0.12953877403388744
MP,Seoni,S1215,13,11,madhya pradesh,damoh,0.029786663487961457,0.050027001937760995,0.02949185557602925
MP,Seoni,S1215,13,36,madhya pradesh,chhindwara,0.025557470817668723,0.027331724624723972,0.02530452054651565
MP,Shahdol,S1211,13,14,madhya pradesh,shahdol,0.9370306787491067,0.9362291362955035,0.9326605340237785
MP,Shahdol,S1211,13,39,madhya pradesh,surguja,0.02277045288244258,0.01466414560193884,0.02266425553286339
MP,Shahdol,S1211,13,15,madhya pradesh,sidhi,0.0202510378017809,0.026235327653840547,0.020156590556841148
MP,Shahdol,S1211,13,33,madhya pradesh,jabalpur,0.014470107707677274,0.02018199336803704,0.01440262169435052
MP,Shahdol,S1211,13,12,madhya pradesh,satna,0.005477722858992407,0.010380926772601969,0.0054521757320925785
MP,Shajapur,S1222,13,19,madhya pradesh,shajapur,0.634772764418914,0.9297441824515393,0.6346255141243924
MP,Shajapur,S1222,13,20,madhya pradesh,dewas,0.26192312049411837,0.324406938307222,0.26186236133935203
MP,Shajapur,S1222,21,27,rajasthan,jhalawar,0.03849945882358653,0.05467544493632208,0.03849052797940344
MP,Shajapur,S1222,13,26,madhya pradesh,rajgarh,0.03722479798334681,0.05587871131119717,0.03721616282636812
MP,Shajapur,S1222,13,18,madhya pradesh,ujjain,0.02141508581525324,0.03246972138412194,0.021410118088422067
MP,Shajapur,S1222,13,29,madhya pradesh,sehore,0.006164772464781123,0.008591489354300449,0.006163342402541561
MP,Sidhi,S1210,13,15,madhya pradesh,sidhi,0.9363378577299414,0.9372403096456604,0.9353409717751086
MP,Sidhi,S1210,25,63,uttar pradesh,sonbhadra,0.02945478449954754,0.04502469012206014,0.029423425027399943
MP,Sidhi,S1210,13,13,madhya pradesh,rewa,0.02430188871119122,0.04319699379613344,0.024276015345789943
MP,Sidhi,S1210,25,62,uttar pradesh,mirzapur,0.009905469059319999,0.022012827324001918,0.0098949230551189
MP,Ujjain,S1227,13,18,madhya pradesh,ujjain,0.7744686738238096,0.9029822249531613,0.7716444590040856
MP,Ujjain,S1227,13,17,madhya pradesh,ratlam,0.14394062859559542,0.21399178296955618,0.14341572775689146
MP,Ujjain,S1227,13,19,madhya pradesh,shajapur,0.046797562968429435,0.052709030101394036,0.046626908718193784
MP,Ujjain,S1227,21,27,rajasthan,jhalawar,0.01872760292602117,0.020452033540406846,0.018659309945931433
MP,Ujjain,S1227,13,20,madhya pradesh,dewas,0.008341106719041176,0.0079443172362665,0.008310689636975732
MP,Ujjain,S1227,13,22,madhya pradesh,dhar,0.007724424967103253,0.006319315401964877,0.007696256706457888
MP,Vidisha,S1220,13,30,madhya pradesh,raisen,0.44198062932568494,0.7616602554679198,0.44157927458710095
MP,Vidisha,S1220,13,27,madhya pradesh,vidisha,0.37474015207927786,0.7831232208829855,0.37439985722064534
MP,Vidisha,S1220,13,29,madhya pradesh,sehore,0.14627287181759333,0.3396275365269824,0.14614004402756134
MP,Vidisha,S1220,13,10,madhya pradesh,sagar,0.020967742696174282,0.0299930909563455,0.020948702262430934
MP,Vidisha,S1220,13,6,madhya pradesh,guna,0.008614718955200737,0.011666608889187458,0.008606896082330687
MP,Vidisha,S1220,13,28,madhya pradesh,bhopal,0.0074238851260688505,0.038162976128184645,0.007417143628192356
MS,Ahmednagar,S1339,14,9,maharashtra,ahmadnagar,0.879215609421759,0.47460119738707257,0.8761867654775499
MS,Ahmednagar,S1339,14,10,maharashtra,pune,0.06423623187993618,0.037633441438225425,0.06401494199399306
MS,Ahmednagar,S1339,14,18,maharashtra,bid,0.040983081931882374,0.0341408326445882,0.040841897723828964
MS,Ahmednagar,S1339,14,13,maharashtra,solapur,0.015565076766422475,0.009454606575355459,0.015511456029938812
MS,Akola,S1319,14,23,maharashtra,akola,0.6923473174902519,0.4110910887792166,0.692347317490252
MS,Akola,S1319,14,22,maharashtra,buldana,0.29117388875148315,0.19699472914754373,0.2911738887514832
MS,Akola,S1319,14,24,maharashtra,amravati,0.016478793758264984,0.008828664294485741,0.016478793758264984
MS,Amravati,S1321,14,24,maharashtra,amravati,0.8807244715153683,0.6580219162457356,0.8777480769468669
MS,Amravati,S1321,13,31,madhya pradesh,betul,0.04726241354320164,0.04210415329587074,0.04710269095627021
MS,Amravati,S1321,13,25,madhya pradesh,east nimar,0.04722252305901427,0.03882327747515176,0.04706293528134988
MS,Amravati,S1321,14,23,maharashtra,akola,0.024790591882415922,0.020527291733368806,0.02470681246511212
MS,Aurangabad,S1333,14,15,maharashtra,aurangabad,0.881397843131758,0.7699972626877241,0.8813978431317585
MS,Aurangabad,S1333,14,9,maharashtra,ahmadnagar,0.07277649443182872,0.03966285398398034,0.07277649443182876
MS,Aurangabad,S1333,14,8,maharashtra,jalgaon,0.02350634507961958,0.019857523548229228,0.023506345079619594
MS,Aurangabad,S1333,14,6,maharashtra,nashik,0.022319317356793725,0.013616840598728223,0.02231931735679374
MS,Baramati,S1343,14,10,maharashtra,pune,0.8685846344796234,0.4247754464756544,0.8685846344796238
MS,Baramati,S1343,14,11,maharashtra,satara,0.08171022731030601,0.06256789531241372,0.08171022731030606
MS,Baramati,S1343,14,13,maharashtra,solapur,0.04970513821007056,0.02520268815023242,0.049705138210070575
MS,Beed,S1334,14,18,maharashtra,bid,0.8708995354834469,0.7835992658712644,0.8684011374470593
MS,Beed,S1334,14,21,maharashtra,latur,0.066139630863857,0.08996991260858031,0.06594989241855409
MS,Beed,S1334,14,9,maharashtra,ahmadnagar,0.05394796869620369,0.03145321210739809,0.05379320515165446
MS,Beed,S1334,14,17,maharashtra,parbhani,0.009012864956492417,0.008138168551588993,0.008987009248466314
MS,Bhandara,S1324,14,28,maharashtra,bhandara,0.9589381239029732,0.5896838999533499,0.9589381199646084
MS,Bhandara,S1324,13,38,madhya pradesh,balaghat,0.0291791207440423,0.019325174299813824,0.029179120624203473
MS,Bhandara,S1324,14,27,maharashtra,nagpur,0.006069183704611046,0.0035661513306057364,0.006069183679684872
MS,Bhandara,S1324,13,42,madhya pradesh,raj nandgaon,0.005813571648373512,0.003345118042705424,0.005813571624497137
MS,Buldhana,S1318,14,22,maharashtra,buldana,0.8917163144438366,0.7938387778668949,0.8832822640825777
MS,Buldhana,S1318,14,16,maharashtra,jalna,0.041169870052847335,0.04850541047418453,0.040780476305342823
MS,Buldhana,S1318,14,8,maharashtra,jalgaon,0.040101722327424136,0.03058806470516016,0.03972243135763441
MS,Buldhana,S1318,13,25,madhya pradesh,east nimar,0.027012093175891868,0.020954338514221165,0.026756606817149423
MS,Chandrapur,S1326,14,30,maharashtra,gadchiroli,0.6001202813600073,0.7489092618970604,0.5942704696742565
MS,Chandrapur,S1326,14,29,maharashtra,chandrapur,0.3814181086963989,0.6334784393642782,0.3777001471831624
MS,Chandrapur,S1326,14,25,maharashtra,yavatmal,0.011236457704434688,0.01585457951003338,0.01112692772581626
MS,Chandrapur,S1326,13,45,madhya pradesh,bastar,0.0072251522391590965,0.0034844104717051505,0.007154723391288503
MS,Chimur,S1325,14,28,maharashtra,bhandara,0.35085876837845936,0.38281546061226696,0.3507619285663197
MS,Chimur,S1325,14,29,maharashtra,chandrapur,0.3419632245192323,0.3121270288059427,0.3418688399479868
MS,Chimur,S1325,14,30,maharashtra,gadchiroli,0.28862748943645794,0.19794750587966653,0.2885478259525309
MS,Chimur,S1325,14,27,maharashtra,nagpur,0.013409431309341257,0.013980036153580728,0.013405730199590179
MS,Chimur,S1325,13,42,madhya pradesh,raj nandgaon,0.0051410863565090675,0.0052487001939203835,0.005139667375762885
MS,Dahanu,S1311,14,2,maharashtra,thane,0.8603630700166506,0.7282062157521311,0.8517325951201771
MS,Dahanu,S1311,14,6,maharashtra,nashik,0.12273552956082169,0.06362395993843044,0.12150434479279168
MS,Dahanu,S1311,7,18,gujarat,valsad,0.008614885107647604,0.013315471136240877,0.008528467463459184
MS,Dahanu,S1311,14,9,maharashtra,ahmadnagar,0.008286515314880158,0.003837246647388847,0.008203391614088432
MS,Dhule,S1314,14,7,maharashtra,dhule,0.570932548177076,0.34222110059215616,0.5673236982312975
MS,Dhule,S1314,14,6,maharashtra,nashik,0.40523683418070494,0.19954796489439885,0.40267534257941173
MS,Dhule,S1314,7,19,gujarat,the dangs,0.023830617642219068,0.0873924986749189,0.023679984921312573
MS,Erandol,S1316,14,8,maharashtra,jalgaon,0.8589584161892609,0.47473931424726795,0.8589585592944229
MS,Erandol,S1316,14,7,maharashtra,dhule,0.06828296137795362,0.03317679782377665,0.06828297275410881
MS,Erandol,S1316,14,6,maharashtra,nashik,0.04442291675876939,0.017731504906295974,0.044422924159766425
MS,Erandol,S1316,13,24,madhya pradesh,west nimar,0.02005112346117651,0.009291014705195902,0.02005112680175647
MS,Erandol,S1316,14,15,maharashtra,aurangabad,0.008284582212839474,0.004735118913150322,0.008284583593076815
MS,Hingoli,S1329,14,17,maharashtra,parbhani,0.49146271388431284,0.44548265852798213,0.4901100413005704
MS,Hingoli,S1329,14,19,maharashtra,nanded,0.47249784822429797,0.4395138976508551,0.4711973734026806
MS,Hingoli,S1329,14,25,maharashtra,yavatmal,0.029140373593797432,0.021579007658150327,0.02906016937214081
MS,Hingoli,S1329,14,23,maharashtra,akola,0.006899064297591883,0.006411094123476053,0.006880075725590009
MS,Ichalkaranji,S1347,14,14,maharashtra,kolhapur,0.683525766697676,0.39205496499056175,0.6831704487617651
MS,Ichalkaranji,S1347,14,5,maharashtra,sindhudurg,0.20843148305569145,0.17600988681361124,0.20832313389323637
MS,Ichalkaranji,S1347,14,4,maharashtra,ratnagiri,0.05859487526629731,0.03408482072063675,0.05856441582914228
MS,Ichalkaranji,S1347,11,3,karnataka,belgaum,0.04944787498033529,0.01698313641015039,0.049422170438196265
MS,Jalgaon,S1317,14,8,maharashtra,jalgaon,0.9143936206933521,0.461315699156953,0.914393620693353
MS,Jalgaon,S1317,13,24,madhya pradesh,west nimar,0.046448313272007505,0.019646100985517136,0.04644831327200755
MS,Jalgaon,S1317,13,25,madhya pradesh,east nimar,0.02326694709486722,0.01193798945800202,0.023266947094867246
MS,Jalgaon,S1317,14,15,maharashtra,aurangabad,0.015891118939773248,0.008290805831432324,0.015891118939773265
MS,Jalna,S1332,14,16,maharashtra,jalna,0.5330541877153532,0.7101450265877155,0.5330541877153532
MS,Jalna,S1332,14,15,maharashtra,aurangabad,0.2384372101907664,0.21266950876247664,0.23843721019076636
MS,Jalna,S1332,14,18,maharashtra,bid,0.19056038359350402,0.1636347360390522,0.19056038359350397
MS,Jalna,S1332,14,8,maharashtra,jalgaon,0.01565166109893603,0.013499398342389673,0.015651661098936027
MS,Jalna,S1332,14,9,maharashtra,ahmadnagar,0.013190453304160526,0.007339501236286107,0.013190453304160523
MS,Jalna,S1332,14,22,maharashtra,buldana,0.009106104097279766,0.009166492985561395,0.009106104097279763
MS,Karad,S1345,14,11,maharashtra,satara,0.43700773036208523,0.22077279756229323,0.4370077303620854
MS,Karad,S1345,14,12,maharashtra,sangli,0.2383954559096328,0.13180322850430726,0.2383954559096329
MS,Karad,S1345,14,14,maharashtra,kolhapur,0.1967758972107078,0.1273416369819469,0.19677589721070787
MS,Karad,S1345,14,4,maharashtra,ratnagiri,0.12782091651757416,0.08388991743071479,0.1278209165175742
MS,Khed,S1341,14,10,maharashtra,pune,0.8715303300114356,0.42628626057467406,0.8671804887932739
MS,Khed,S1341,14,3,maharashtra,raigarh,0.09911220734216114,0.11733895247285878,0.09861753452370137
MS,Khed,S1341,14,11,maharashtra,satara,0.029357462646403217,0.022483566935353763,0.029210938427242317
MS,Kolaba,S1303,14,3,maharashtra,raigarh,0.9594912643801633,0.7120973550341804,0.7942870347096473
MS,Kolaba,S1303,14,4,maharashtra,ratnagiri,0.027461078240483345,0.017127696848131698,0.022732857729198606
MS,Kolaba,S1303,14,10,maharashtra,pune,0.013047657379353443,0.004000687810941295,0.010801125007061976
MS,Kolhapur,S1348,14,14,maharashtra,kolhapur,0.8124817760482204,0.37452323504655916,0.8124817760482199
MS,Kolhapur,S1348,11,3,karnataka,belgaum,0.11415535487527553,0.031509363032660186,0.11415535487527548
MS,Kolhapur,S1348,14,5,maharashtra,sindhudurg,0.07336286907650416,0.04978782134067445,0.07336286907650413
MS,Kopargaon,S1340,14,9,maharashtra,ahmadnagar,0.9038718743924583,0.32552603175007117,0.9038718743924578
MS,Kopargaon,S1340,14,10,maharashtra,pune,0.06707672783742899,0.02621870020787919,0.06707672783742895
MS,Kopargaon,S1340,14,6,maharashtra,nashik,0.029051397770112647,0.011712470264031646,0.029051397770112626
MS,Latur,S1335,14,21,maharashtra,latur,0.7493712538186206,0.6568969016049944,0.7481083034276897
MS,Latur,S1335,14,20,maharashtra,osmanabad,0.22456950036523343,0.20799595432164347,0.22419102289250928
MS,Latur,S1335,11,5,karnataka,bidar,0.014889924434734164,0.017699512356124436,0.014864829749302942
MS,Latur,S1335,11,11,karnataka,gulbarga,0.01116932138141178,0.004512966398283271,0.011150497202163906
MS,Malegaon,S1313,14,6,maharashtra,nashik,0.9266076063951746,0.45301038183278375,0.9223148803315875
MS,Malegaon,S1313,7,18,gujarat,valsad,0.052688722879343064,0.07680449154089826,0.05244463006982989
MS,Malegaon,S1313,14,2,maharashtra,thane,0.014550889701609285,0.011615129831608293,0.014483479307997817
MS,Malegaon,S1313,14,15,maharashtra,aurangabad,0.006152781023872955,0.004307303805216639,0.006124276829343972
MS,Mumbai North,S1309,14,1,maharashtra,mumbai suburban,1.0,0.20582785018664715,0.5784536559940807
MS,Mumbai North Central,S1306,14,1,maharashtra,mumbai suburban,1.0,0.08326897143500671,0.5318614705580946
MS,Mumbai North East,S1307,14,1,maharashtra,mumbai suburban,1.0,0.1479721598356115,0.4633616230405772
MS,Mumbai North West,S1308,14,1,maharashtra,mumbai suburban,1.0,0.19715456847340337,0.5960136041843236
MS,Mumbai South Central,S1305,14,1,maharashtra,mumbai suburban,1.0,0.00604323502232286,0.11886996909892562
MS,Nagpur,S1323,14,27,maharashtra,nagpur,1.0,0.16976818329214796,1.0000000000000007
MS,Nanded,S1330,14,19,maharashtra,nanded,0.7352114885337396,0.4757786974678872,0.7314092276822439
MS,Nanded,S1330,14,21,maharashtra,latur,0.22466811495117936,0.21343877326347754,0.223506208763122
MS,Nanded,S1330,14,17,maharashtra,parbhani,0.03339520938251131,0.0210593193323106,0.03322250085001019
MS,Nanded,S1330,2,18,andhra pradesh,nizamabad,0.006725187132569683,0.005995993510680466,0.006690406778682464
MS,Nandurbar,S1315,14,7,maharashtra,dhule,0.8479307457113996,0.6161039145006514,0.8456702544308632
MS,Nandurbar,S1315,7,17,gujarat,surat,0.05831379720347446,0.07426811231312767,0.05815833895316319
MS,Nandurbar,S1315,13,21,madhya pradesh,jhabua,0.02853792786231276,0.03963710509624347,0.028461848845926563
MS,Nandurbar,S1315,7,16,gujarat,bharuch,0.027213463355277592,0.03278958636311817,0.02714091521742679
MS,Nandurbar,S1315,13,24,madhya pradesh,west nimar,0.024480401535824467,0.016963460043652817,0.02441513944396656
MS,Nandurbar,S1315,7,15,gujarat,vadodara,0.013523664331711012,0.016556544104919402,0.01348761171130852
MS,Nashik,S1312,14,6,maharashtra,nashik,0.5871356667521402,0.2407568775653311,0.5871356667521405
MS,Nashik,S1312,14,9,maharashtra,ahmadnagar,0.3209930836723949,0.11757995688780291,0.32099308367239504
MS,Nashik,S1312,14,10,maharashtra,pune,0.06199682897233489,0.02464719699640414,0.06199682897233492
MS,Nashik,S1312,14,2,maharashtra,thane,0.029874420603129913,0.020001471878280826,0.029874420603129927
MS,Osmanabad,S1336,14,20,maharashtra,osmanabad,0.5428244990542025,0.7647989062987429,0.5416419478962127
MS,Osmanabad,S1336,14,13,maharashtra,solapur,0.4038434606094535,0.2597227973685849,0.40296368168860075
MS,Osmanabad,S1336,14,10,maharashtra,pune,0.03697490003338011,0.022935367765279817,0.03689434966963047
MS,Osmanabad,S1336,14,18,maharashtra,bid,0.009430133324833674,0.008317487361243825,0.009409589640636092
MS,Osmanabad,S1336,14,21,maharashtra,latur,0.0069270069781301605,0.009236969555548053,0.006911916391508399
MS,Pandharpur,S1338,14,13,maharashtra,solapur,0.7074493180835776,0.42002602182144694,0.7074493180835767
MS,Pandharpur,S1338,14,12,maharashtra,sangli,0.22586524449937115,0.2216314839415218,0.22586524449937087
MS,Pandharpur,S1338,14,11,maharashtra,satara,0.050800710240207714,0.04554914156589783,0.05080071024020765
MS,Pandharpur,S1338,14,20,maharashtra,osmanabad,0.010729158555348657,0.013955240615634098,0.010729158555348643
MS,Pandharpur,S1338,14,10,maharashtra,pune,0.005155568621494958,0.0029522907058642613,0.005155568621494951
MS,Parbhani,S1331,14,17,maharashtra,parbhani,0.7501752662829634,0.49985233086950537,0.7443778138105844
MS,Parbhani,S1331,14,16,maharashtra,jalna,0.23430015866621623,0.24134956293810006,0.23248945642743318
MS,Parbhani,S1331,14,18,maharashtra,bid,0.015524575050820427,0.010307678083851374,0.015404599106456165
MS,Pune,S1342,14,10,maharashtra,pune,1.0,0.02591577941405638,0.9999999999999999
MS,Rajapur,S1301,14,5,maharashtra,sindhudurg,0.5973005495594952,0.7742022918457144,0.5278986233124305
MS,Rajapur,S1301,14,4,maharashtra,ratnagiri,0.298756763927566,0.26675153048061667,0.26404342754908117
MS,Rajapur,S1301,6,1,goa,north goa,0.09226505406568106,0.30992691002762324,0.0815445340826168
MS,Rajapur,S1301,14,14,maharashtra,kolhapur,0.01167763244725773,0.010280983507980387,0.010320777533190412
MS,Ramtek,S1322,14,27,maharashtra,nagpur,0.8383402856449932,0.8059009847721486,0.8283550781580375
MS,Ramtek,S1322,14,24,maharashtra,amravati,0.09546258905657332,0.077286656370461,0.09432556418100206
MS,Ramtek,S1322,13,36,madhya pradesh,chhindwara,0.053315033209296266,0.04427852630014804,0.05268001461614924
MS,Ramtek,S1322,13,31,madhya pradesh,betul,0.012882092089137235,0.012435591776924307,0.01272865754164064
MS,Ratnagiri,S1302,14,4,maharashtra,ratnagiri,0.8534722207115824,0.5981460345199001,0.6763404303891384
MS,Ratnagiri,S1302,14,3,maharashtra,raigarh,0.1366096867718747,0.11392428168157843,0.10825736574013047
MS,Ratnagiri,S1302,14,11,maharashtra,satara,0.009918092516542841,0.005350502789110107,0.007859666429078474
MS,Sangli,S1346,14,12,maharashtra,sangli,0.883208099003441,0.5506480115853718,0.8784899866688779
MS,Sangli,S1346,14,14,maharashtra,kolhapur,0.04905568452194165,0.03579899415603829,0.04879362824043273
MS,Sangli,S1346,11,3,karnataka,belgaum,0.04618110298427842,0.020180131108748594,0.045934402765089186
MS,Sangli,S1346,11,6,karnataka,bijapur,0.021555113490338923,0.007458350086587276,0.021439965716052854
MS,Satara,S1344,14,11,maharashtra,satara,0.9214279297561394,0.6432760958349312,0.9189039221775592
MS,Satara,S1344,14,12,maharashtra,sangli,0.07857207024386059,0.06003104054173815,0.0783568428838513
MS,Solapur,S1337,14,13,maharashtra,solapur,0.9323954109807026,0.2630602996142675,0.9323891959519907
MS,Solapur,S1337,11,11,karnataka,gulbarga,0.024845207867721424,0.006699151760698565,0.024845042258068658
MS,Solapur,S1337,11,6,karnataka,bijapur,0.023919127894122174,0.006189892748195257,0.023918968457401577
MS,Solapur,S1337,14,12,maharashtra,sangli,0.01884025325745379,0.008785027008325333,0.018840127674773357
MS,Thane,S1310,14,2,maharashtra,thane,0.7908584847475161,0.23154293979863924,0.6993463439648515
MS,Thane,S1310,14,3,maharashtra,raigarh,0.1346028138811106,0.0566394108113825,0.11902759797182755
MS,Thane,S1310,14,1,maharashtra,mumbai suburban,0.04787838371586159,0.3597332150470085,0.04233826057682597
MS,Thane,S1310,14,10,maharashtra,pune,0.026660317655511707,0.004634828611020967,0.02357538806361305
MS,Wardha,S1327,14,26,maharashtra,wardha,0.66005757982949,1.0,0.6573469409497684
MS,Wardha,S1327,14,24,maharashtra,amravati,0.3093884428104422,0.2388678384290481,0.3081178864716526
MS,Wardha,S1327,14,25,maharashtra,yavatmal,0.023153095689566687,0.015787069350557962,0.023058013558431605
MS,Wardha,S1327,14,27,maharashtra,nagpur,0.007400881670501062,0.006784644451516972,0.007370488689322873
MS,Washim,S1320,14,23,maharashtra,akola,0.6421028147617107,0.5383248825919552,0.639520317350027
MS,Washim,S1320,14,25,maharashtra,yavatmal,0.3174814314796793,0.2121058290032358,0.31620454099391154
MS,Washim,S1320,14,17,maharashtra,parbhani,0.031142147250092896,0.025467522718612783,0.031016895479163524
MS,Washim,S1320,14,19,maharashtra,nanded,0.009273606508517069,0.00778250416176918,0.00923630864242049
MS,Yavatmal,S1328,14,25,maharashtra,yavatmal,0.965943179578849,0.7212626797282545,0.957865536015147
MS,Yavatmal,S1328,14,23,maharashtra,akola,0.02523501903988992,0.023645642771983274,0.025023992663352597
MS,Yavatmal,S1328,14,24,maharashtra,amravati,0.008821801381261022,0.007458651219379955,0.008748029581165419
MZ,Mizoram,S1601,17,1,mizoram,aizawl,0.6130365399592816,0.835564903612558,0.4794763569149602
MZ,Mizoram,S1601,17,2,mizoram,lunglei,0.20097925604259262,1.0,0.1571925900357945
MZ,Mizoram,S1601,17,3,mizoram,saiha,0.1609476660869714,1.0,0.125882546241815
MZ,Mizoram,S1601,15,3,manipur,churachandpur,0.02503653791115426,0.08866198835720467,0.01958191266739316
NL,Nagaland,S1701,18,6,nagaland,tuensang,0.25261116509102116,0.9679765879918455,0.23399686642315526
NL,Nagaland,S1701,18,1,nagaland,kohima,0.16615122919538788,0.6961064420437364,0.1539079516539475
NL,Nagaland,S1701,18,2,nagaland,phek,0.12448469234547531,0.9440400052420866,0.11531171995503824
NL,Nagaland,S1701,18,7,nagaland,mon,0.10931392072137595,0.8190612128889694,0.10125884537215327
NL,Nagaland,S1701,18,3,nagaland,zunheboto,0.09739548933270195,1.0,0.09021865403055442
NL,Nagaland,S1701,18,5,nagaland,mokokchung,0.06926613894051906,0.7176867823696093,0.06416208664202251
NL,Nagaland,S1701,18,4,nagaland,wokha,0.06865221776825252,0.6621136883901535,0.06359340381880114
NL,Nagaland,S1701,15,1,manipur,senapati,0.042189496990112464,0.19655082223178158,0.03908065618595398
NL,Nagaland,S1701,15,2,manipur,tamenglong,0.0417701994573516,0.15716353703326427,0.03869225566244723
NL,Nagaland,S1701,15,8,manipur,ukhrul,0.020069086132156237,0.06504065004200806,0.018590244280013733
NL,Nagaland,S1701,3,11,arunachal pradesh,tirap,0.008096364025645791,0.06240049869172533,0.007499762770737552
OD,Aska,S1810,19,12,odisha,ganjam,0.9079761599309939,0.38372340284114503,0.8974008236439545
OD,Aska,S1810,19,13,odisha,puri,0.07627549328368194,0.042944033137630955,0.07538710102457674
OD,Aska,S1810,19,8,odisha,kandhamal,0.01574834678532426,0.00750452486207079,0.015564923397608465
OD,Balasore,S1802,19,5,odisha,baleshwar,0.632738903069037,0.365314711115261,0.5709873570599949
OD,Balasore,S1802,19,4,odisha,mayurbhanj,0.25925692232622927,0.08843273873012952,0.23395499179921692
OD,Balasore,S1802,26,13,west bengal,purba medinipur,0.10800417460473373,0.027528423608510582,0.09746361083518607
OD,Berhampur,S1811,19,12,odisha,ganjam,0.96148542640351,0.4691292027464706,0.9272832171585125
OD,Berhampur,S1811,19,8,odisha,kandhamal,0.022398210983487415,0.012322745616363588,0.021601456006517708
OD,Berhampur,S1811,2,1,andhra pradesh,srikakulam,0.008354812377582536,0.01044563883950185,0.00805761282229687
OD,Berhampur,S1811,19,11,odisha,koraput,0.007761550235419985,0.0018219415945852442,0.007485454355100332
OD,Bhadrak,S1803,19,5,odisha,baleshwar,0.9940435792374367,0.4918390543995749,0.7745478587400383
OD,Bhadrak,S1803,19,6,odisha,cuttack,0.005956420762563333,0.0016194649663809637,0.0046411777549404095
OD,Bhubaneswar,S1809,19,13,odisha,puri,0.9198412119930994,0.5038048153456812,0.9162043255399499
OD,Bhubaneswar,S1809,19,6,odisha,cuttack,0.07113032244000982,0.0333680219323891,0.07084908595841133
OD,Bhubaneswar,S1809,19,12,odisha,ganjam,0.009028465566890796,0.0037118415914859947,0.008992768640416057
OD,Bolangir,S1816,19,9,odisha,balangir,0.765981355614615,0.6984932468159238,0.7634629392404259
OD,Bolangir,S1816,19,10,odisha,kalahandi,0.1931501178437201,0.12599811945234657,0.1925150731185598
OD,Bolangir,S1816,19,1,odisha,sambalpur,0.04086852654166486,0.018446395249047752,0.04073415777971382
OD,Cuttack,S1806,19,6,odisha,cuttack,0.9403823051927599,0.25181584445692295,0.9403823051927597
OD,Cuttack,S1806,19,13,odisha,puri,0.047270235903788885,0.014778832930037365,0.04727023590378888
OD,Cuttack,S1806,19,7,odisha,dhenkanal,0.012347458903451227,0.0033260540217734985,0.012347458903451226
OD,Deogarh,S1818,19,1,odisha,sambalpur,0.6349568067078433,0.4402878933960422,0.6332753253026403
OD,Deogarh,S1818,19,7,odisha,dhenkanal,0.2985853587094435,0.3285671065709914,0.29779465023410817
OD,Deogarh,S1818,19,2,odisha,sundargarh,0.034901454700981924,0.04633025968952814,0.03480902928483667
OD,Deogarh,S1818,19,3,odisha,kendujhar,0.025648631978184896,0.039491407314772464,0.025580709723813263
OD,Deogarh,S1818,19,6,odisha,cuttack,0.00590774790354636,0.006462557568283118,0.005892103109850951
OD,Dhenkanal,S1819,19,7,odisha,dhenkanal,0.8511807580458417,0.6054170997348549,0.8489951723067709
OD,Dhenkanal,S1819,19,6,odisha,cuttack,0.08032872076812397,0.05679768458779173,0.08012245987125916
OD,Dhenkanal,S1819,19,9,odisha,balangir,0.04788675608556063,0.04336174714416404,0.04776379676087941
OD,Dhenkanal,S1819,19,1,odisha,sambalpur,0.020603765100473657,0.009234565398119655,0.02055086059723025
OD,Jagatsinghpur,S1807,19,6,odisha,cuttack,0.7202240159272191,0.15716489153784347,0.6431542382628939
OD,Jagatsinghpur,S1807,19,13,odisha,puri,0.279775984072781,0.07128072954973673,0.24983769763484864
OD,Jajpur,S1804,19,6,odisha,cuttack,0.9033092544781122,0.26679761943910596,0.9032381938993311
OD,Jajpur,S1804,19,5,odisha,baleshwar,0.06806889673338638,0.036586898864848165,0.0680635419612805
OD,Jajpur,S1804,19,3,odisha,kendujhar,0.028621848788501495,0.01189868884966672,0.02861959719511793
OD,Kalahandi,S1814,19,10,odisha,kalahandi,0.9520993949509856,0.792873485663927,0.9486546874272885
OD,Kalahandi,S1814,19,11,odisha,koraput,0.02243450899428701,0.008598398061377686,0.02235334066004282
OD,Kalahandi,S1814,19,9,odisha,balangir,0.01390255423479712,0.016184196052350573,0.013852254619625453
OD,Kalahandi,S1814,19,8,odisha,kandhamal,0.011563541819930127,0.01038723667504597,0.01152170478094141
OD,Kendrapara,S1805,19,6,odisha,cuttack,0.9871611924399499,0.2034597108369397,0.7412635705114196
OD,Kendrapara,S1805,19,5,odisha,baleshwar,0.012838807560050033,0.004815555982980585,0.00964071562573163
OD,Keonjhar,S1821,19,3,odisha,kendujhar,0.7057056434920724,0.9168194872995035,0.7051463989349166
OD,Keonjhar,S1821,19,4,odisha,mayurbhanj,0.23517279774532399,0.23337959633671337,0.234986432355812
OD,Keonjhar,S1821,19,5,odisha,baleshwar,0.02545641294661939,0.042759529326017495,0.025436239719273977
OD,Keonjhar,S1821,19,6,odisha,cuttack,0.015455273198434955,0.01426530288996948,0.015443025489357822
OD,Keonjhar,S1821,19,7,odisha,dhenkanal,0.009117887917460859,0.008465871367561212,0.009110662342268679
OD,Keonjhar,S1821,5,39,bihar,singhbhum,0.009091984700088408,0.006815116315335209,0.009084779652198883
OD,Koraput,S1812,19,11,odisha,koraput,0.925031972324445,0.4984192879221866,0.923236052979605
OD,Koraput,S1812,19,8,odisha,kandhamal,0.028374985181173658,0.03583289640369988,0.02831989607472
OD,Koraput,S1812,2,2,andhra pradesh,vizianagaram,0.020961914550046735,0.04702533532485656,0.020921217677969207
OD,Koraput,S1812,19,12,odisha,ganjam,0.014201208177962266,0.015904762000721415,0.014173636996370764
OD,Koraput,S1812,19,10,odisha,kalahandi,0.011429919766372375,0.013381410889212936,0.011407728950668118
OD,Mayurbhanj,S1801,19,4,odisha,mayurbhanj,0.8849341270096933,0.6279382032711742,0.884934127009694
OD,Mayurbhanj,S1801,26,13,west bengal,purba medinipur,0.03861408135563386,0.020474332685758403,0.03861408135563388
OD,Mayurbhanj,S1801,19,5,odisha,baleshwar,0.038542445386603716,0.0462919140533985,0.038542445386603744
OD,Mayurbhanj,S1801,5,39,bihar,singhbhum,0.027570251532006474,0.014776972607654714,0.02757025153200649
OD,Mayurbhanj,S1801,5,39,bihar,singhbhum,0.0103390947160625,0.005541498931550889,0.010339094716062506
OD,Nowrangpur,S1813,19,11,odisha,koraput,0.8681068705419177,0.4360101433292107,0.8638698570260573
OD,Nowrangpur,S1813,13,45,madhya pradesh,bastar,0.06758316885220053,0.022680490821519995,0.06725331223017807
OD,Nowrangpur,S1813,13,44,madhya pradesh,raipur,0.037174131080663725,0.023338908987934844,0.03699269340153234
OD,Nowrangpur,S1813,19,10,odisha,kalahandi,0.02713582952521804,0.029613322035687385,0.027003386296896786
OD,Phulbani,S1815,19,8,odisha,kandhamal,0.7229326195587069,0.9339525964428197,0.7196593530884265
OD,Phulbani,S1815,19,9,odisha,balangir,0.13593416934524186,0.22758468391959755,0.13531869184893688
OD,Phulbani,S1815,19,12,odisha,ganjam,0.08629788880365637,0.09887415711239542,0.08590715254659077
OD,Phulbani,S1815,19,7,odisha,dhenkanal,0.03359108303668392,0.044175343160799865,0.033438990624708516
OD,Phulbani,S1815,19,1,odisha,sambalpur,0.010816863372402636,0.008963843280671025,0.01076788719504865
OD,Phulbani,S1815,19,13,odisha,puri,0.010427375883308363,0.015915915144727653,0.010380163212405952
OD,Puri,S1808,19,13,odisha,puri,0.9449204763405281,0.35127567389218606,0.7393619210134561
OD,Puri,S1808,19,12,odisha,ganjam,0.02917252616981517,0.008140533926281576,0.022826317695285994
OD,Puri,S1808,19,6,odisha,cuttack,0.025906997489656757,0.00824890178437349,0.020271174041888898
OD,Sambalpur,S1817,19,1,odisha,sambalpur,0.9588035137197198,0.49169095025145076,0.9573405305657601
OD,Sambalpur,S1817,13,44,madhya pradesh,raipur,0.014973260019232123,0.006384416592823753,0.014950413182675369
OD,Sambalpur,S1817,19,9,odisha,balangir,0.01387579233370478,0.01437612606796408,0.013854620059989076
OD,Sambalpur,S1817,19,7,odisha,dhenkanal,0.012347433927343091,0.01004852514401912,0.012328593687844747
OD,Sundargarh,S1820,19,2,odisha,sundargarh,0.862627481239752,0.9237867526158741,0.8591347217196625
OD,Sundargarh,S1820,5,39,bihar,singhbhum,0.04334349086379237,0.031063032878511684,0.04316799403156666
OD,Sundargarh,S1820,19,1,odisha,sambalpur,0.02970075532090629,0.01661450051075084,0.02958049762200728
OD,Sundargarh,S1820,5,37,bihar,gumla,0.026680712513721252,0.029191872286763842,0.02657268290109966
OD,Sundargarh,S1820,19,3,odisha,kendujhar,0.025593552915069328,0.031790416536057325,0.025489925187526324
OD,Sundargarh,S1820,13,41,madhya pradesh,raigarh,0.012054007146758822,0.009169414222350979,0.012005200739436207
PB,Amritsar,S1902,20,1,punjab,gurdaspur,0.6162431185975497,0.29304950345307984,0.5419436918653038
PB,Amritsar,S1902,20,2,punjab,amritsar,0.38375688140245034,0.16213197608982463,0.33748794073233557
PB,Bhatinda,S1911,20,11,punjab,bathinda,0.730866556905102,0.7317530480839901,0.7288669230280687
PB,Bhatinda,S1911,20,10,punjab,sangrur,0.1772144252828843,0.1867773337847936,0.17672957074282267
PB,Bhatinda,S1911,20,12,punjab,faridkot,0.09191901781201363,0.09365701301892446,0.0916675295201716
PB,Faridkot,S1912,20,12,punjab,faridkot,0.7258367967411917,0.7508533166774121,0.7240179391594208
PB,Faridkot,S1912,20,3,punjab,firozpur,0.18013626864521282,0.17067430334523517,0.17968486935070432
PB,Faridkot,S1912,20,11,punjab,bathinda,0.05255467452025773,0.053421858861228244,0.052422978981208394
PB,Faridkot,S1912,20,7,punjab,ludhiana,0.041472260093337765,0.0298175978438858,0.04136833571937021
PB,Ferozepur,S1913,20,3,punjab,firozpur,0.7776025568541403,0.6969700709727394,0.7206870132882303
PB,Ferozepur,S1913,20,12,punjab,faridkot,0.08481198219278115,0.0829970791056987,0.0786042864684603
PB,Ferozepur,S1913,20,5,punjab,jalandhar,0.07935185300483429,0.11186125140533655,0.07354380388395224
PB,Ferozepur,S1913,20,2,punjab,amritsar,0.03400653122432517,0.04556481971544321,0.031517470209333404
PB,Ferozepur,S1913,20,6,punjab,kapurthala,0.024227076723919095,0.07709229632542453,0.022453809354103196
PB,Gurdaspur,S1901,20,1,punjab,gurdaspur,0.7155919625879407,0.5191310211863104,0.5917223788177145
PB,Gurdaspur,S1901,9,2,himachal pradesh,kangra,0.12342951173047943,0.05458894576084357,0.10206375716313712
PB,Gurdaspur,S1901,20,7,punjab,hoshiarpur,0.09806670540848338,0.03208439143223225,0.08109127441463206
PB,Gurdaspur,S1901,9,1,himachal pradesh,chamba,0.06291182027309647,0.02607889010030841,0.05202173011155688
PB,Hoshiarpur,S1906,20,7,punjab,hoshiarpur,0.5288247248359825,0.255515008857898,0.5287637319415173
PB,Hoshiarpur,S1906,20,8,punjab,rupnagar,0.19433856407831743,0.347097226045659,0.19431614971118844
PB,Hoshiarpur,S1906,9,4,himachal pradesh,una,0.17838439159757655,0.41291597396831253,0.17836381733192672
PB,Hoshiarpur,S1906,9,5,himachal pradesh,bilaspur,0.05432174458691223,0.18473098572846536,0.05431547929658227
PB,Hoshiarpur,S1906,9,2,himachal pradesh,kangra,0.0441305749012112,0.028824230619000916,0.044125485026681455
PB,Jullundur,S1904,20,6,punjab,kapurthala,0.5038606244910909,0.7653535677298638,0.5010989538363883
PB,Jullundur,S1904,20,5,punjab,jalandhar,0.4897213773995204,0.32954398275007024,0.4870372042547925
PB,Jullundur,S1904,20,2,punjab,amritsar,0.006417998109388687,0.0041049571622170196,0.006382820927090431
PB,Ludhiana,S1909,20,7,punjab,ludhiana,0.6195760042782124,0.24715565315736462,0.6168279332798795
PB,Ludhiana,S1909,20,5,punjab,jalandhar,0.33197949437135427,0.27447664492904805,0.33050703059899444
PB,Ludhiana,S1909,20,7,punjab,hoshiarpur,0.04844450135043351,0.019325042110205356,0.04822963032852408
PB,Patiala,S1908,20,9,punjab,patiala,0.5680811052496516,0.5751462838735072,0.5680811802207615
PB,Patiala,S1908,20,10,punjab,sangrur,0.26591880827815445,0.21906943471043178,0.26591884337213667
PB,Patiala,S1908,8,1,haryana,ambala,0.06837446859087105,0.1183092155305082,0.06837447761442376
PB,Patiala,S1908,20,8,punjab,rupnagar,0.048406992970537494,0.09904600907034122,0.048406999358931606
PB,Patiala,S1908,8,4,haryana,kaithal,0.03053529255608379,0.05811247489589974,0.030535296585904096
PB,Patiala,S1908,28,1,chandigarh,chandigarh,0.01868333235470158,0.4446868772769585,0.018683334820388524
PB,Phillaur,S1905,20,7,punjab,hoshiarpur,0.5101263222033087,0.21409784759824982,0.5101263222033098
PB,Phillaur,S1905,20,5,punjab,jalandhar,0.32662256689108343,0.28411812091554517,0.3266225668910841
PB,Phillaur,S1905,20,1,punjab,gurdaspur,0.09554769976551775,0.0889189059319276,0.09554769976551794
PB,Phillaur,S1905,20,6,punjab,kapurthala,0.06770341114009008,0.13293846607388782,0.06770341114009022
PB,Ropar,S1907,20,9,punjab,patiala,0.3576636936978424,0.29572620785638337,0.35656934401577683
PB,Ropar,S1907,20,8,punjab,rupnagar,0.32251097324799893,0.5389151032589413,0.3215241809421107
PB,Ropar,S1907,20,7,punjab,ludhiana,0.17542042435386235,0.0792991489614662,0.1748836875002145
PB,Ropar,S1907,9,10,himachal pradesh,solan,0.06093943438354566,0.10549520894844998,0.06075297696050281
PB,Ropar,S1907,20,7,punjab,hoshiarpur,0.035202357176763115,0.015913295021586317,0.035094647926248876
PB,Ropar,S1907,28,1,chandigarh,chandigarh,0.023189982744365095,0.45076208919922894,0.023119027960050754
PB,Ropar,S1907,20,10,punjab,sangrur,0.016143210634704766,0.010860995373432538,0.016093816978773528
PB,Ropar,S1907,8,1,haryana,ambala,0.008929923760917767,0.012618837429763392,0.008902600721423338
PB,Sangrur,S1910,20,10,punjab,sangrur,0.7293071583254913,0.5225152407243356,0.7293071583254912
PB,Sangrur,S1910,20,7,punjab,ludhiana,0.22184091148768792,0.10679201501711172,0.2218409114876879
PB,Sangrur,S1910,20,9,punjab,patiala,0.03215946169847351,0.028316038788523193,0.0321594616984735
PB,Sangrur,S1910,20,12,punjab,faridkot,0.016692468488347247,0.011561624972475577,0.016692468488347243
PB,Tarn Taran,S1903,20,2,punjab,amritsar,0.9102721370537334,0.7881982470325152,0.9096937838300894
PB,Tarn Taran,S1903,20,1,punjab,gurdaspur,0.07775756948353774,0.07578500781387558,0.07770816520195763
PB,Tarn Taran,S1903,20,6,punjab,kapurthala,0.011970293462728808,0.024615669870823784,0.011962687981323498
PY,Puducherry,U0701,23,6,tamil nadu,cuddalore,0.4547580277991353,0.016982015221797632,0.34704233294253883
PY,Puducherry,U0701,33,1,puducherry,puducherry,0.2826938114426644,0.4052095594641117,0.21573389326689085
PY,Puducherry,U0701,33,1,puducherry,puducherry,0.12925349727545943,0.18527024848157048,0.09863802834343899
PY,Puducherry,U0701,33,4,puducherry,yanam,0.042056128197027066,0.13599043989406429,0.03209455567978104
PY,Puducherry,U0701,23,13,tamil nadu,thanjavur,0.04201292169311593,0.001133873553324761,0.032061583230700415
PY,Puducherry,U0701,2,4,andhra pradesh,east godavari,0.025149922009461964,0.0010324315301768385,0.019192817001444432
PY,Puducherry,U0701,12,4,kerala,kozhikode,0.02407569158313591,0.004039764124770356,0.018373032829465577
RJ,Ajmer,S2012,21,11,rajasthan,ajmer,0.839597968836721,0.7181510286559373,0.8389420303762544
RJ,Ajmer,S2012,21,15,rajasthan,nagaur,0.07602231303108446,0.030645261288594475,0.07596292036837969
RJ,Ajmer,S2012,21,9,rajasthan,jaipur,0.04129606742459993,0.02164310848016946,0.04126380474663353
RJ,Ajmer,S2012,21,12,rajasthan,tonk,0.028195837605377486,0.026791528767611195,0.028173809521703026
RJ,Ajmer,S2012,21,16,rajasthan,pali,0.014887813102217116,0.008870645446870043,0.014876181953061866
RJ,Alwar,S2008,21,5,rajasthan,alwar,0.8702963934756842,0.6137296810180002,0.8692841825299832
RJ,Alwar,S2008,8,11,haryana,rewari,0.05755656955751978,0.1868141317980506,0.05748962754771729
RJ,Alwar,S2008,8,12,haryana,mahendragarh,0.0276113022746459,0.07064456955573817,0.02757918854580941
RJ,Alwar,S2008,8,10,haryana,gurgaon,0.026413745988958542,0.05500882300187176,0.026383025095470504
RJ,Alwar,S2008,21,9,rajasthan,jaipur,0.01812198870319159,0.007701775793270828,0.018100911659254888
RJ,Banswara,S2016,21,24,rajasthan,banswara,0.5817422002787586,0.8251935419365003,0.5806674588128723
RJ,Banswara,S2016,21,23,rajasthan,dungarpur,0.36822060836891796,0.7200447553217504,0.3675403380426148
RJ,Banswara,S2016,21,21,rajasthan,udaipur,0.026787508974485008,0.012332184563865011,0.02673802030639649
RJ,Banswara,S2016,21,22,rajasthan,chittaurgarh,0.009354616151709336,0.006424224552584709,0.009337333936544486
RJ,Banswara,S2016,7,9,gujarat,sabar kantha,0.008272754810093296,0.0086043647340146,0.008257471283082093
RJ,Banswara,S2016,13,17,madhya pradesh,ratlam,0.005622311416035841,0.009392122169211448,0.005611924459046914
RJ,Barmer,S2023,21,13,rajasthan,jaisalmer,0.5243254063108649,0.9862491607631693,0.49416820599171235
RJ,Barmer,S2023,21,17,rajasthan,barmer,0.3692738592009197,0.9531063940676899,0.3480346333108317
RJ,Barmer,S2023,21,14,rajasthan,jodhpur,0.09466881275984158,0.2835275146474311,0.08922382322469359
RJ,Barmer,S2023,21,2,rajasthan,bikaner,0.011731921728373878,0.02951808315025165,0.011057146275129057
RJ,Bayana,S2010,21,7,rajasthan,dhaulpur,0.396293464790579,0.7570230927063232,0.39487199034890147
RJ,Bayana,S2010,21,6,rajasthan,bharatpur,0.3890061769258592,0.4239518440446321,0.3876108414301124
RJ,Bayana,S2010,25,20,uttar pradesh,agra,0.10733995514396129,0.1253889443167399,0.10695493490930115
RJ,Bayana,S2010,21,8,rajasthan,sawai madhopur,0.08533189886374995,0.044668273173321824,0.08502581984889987
RJ,Bayana,S2010,21,5,rajasthan,alwar,0.022028504275850583,0.015321587974652351,0.02194948971063929
RJ,Bharatpur,S2009,21,6,rajasthan,bharatpur,0.4782655459323278,0.4880119387906945,0.478265921641048
RJ,Bharatpur,S2009,21,5,rajasthan,alwar,0.42609104223328864,0.27747412685909745,0.4260913769555398
RJ,Bharatpur,S2009,25,19,uttar pradesh,mathura,0.0522244843193775,0.07291848509493352,0.052224525345109615
RJ,Bharatpur,S2009,8,10,haryana,gurgaon,0.038356437204164415,0.07376507053321572,0.03835646733564274
RJ,Bharatpur,S2009,25,20,uttar pradesh,agra,0.005062490310841732,0.005536857692515483,0.005062494287757426
RJ,Bhilwara,S2020,21,20,rajasthan,bhilwara,0.878426454696079,0.9039015240411284,0.8784264546960806
RJ,Bhilwara,S2020,21,11,rajasthan,ajmer,0.0743343843090917,0.09252278629729985,0.07433438430909182
RJ,Bhilwara,S2020,21,25,rajasthan,bundi,0.02364244672955968,0.04218587936041403,0.02364244672955972
RJ,Bhilwara,S2020,21,21,rajasthan,udaipur,0.01266636454935615,0.007819052777697207,0.012666364549356171
RJ,Bhilwara,S2020,21,12,rajasthan,tonk,0.01093034971591336,0.01511336250606882,0.01093034971591338
RJ,Bikaner,S2002,21,2,rajasthan,bikaner,0.6585619761129029,0.9065307432143808,0.6368424160076839
RJ,Bikaner,S2002,21,1,rajasthan,ganganagar,0.25784506223066367,0.4705589176569058,0.24934125920211966
RJ,Bikaner,S2002,21,15,rajasthan,nagaur,0.06266765083063129,0.13064190261838451,0.06060085399413215
RJ,Bikaner,S2002,21,3,rajasthan,churu,0.020925310825802144,0.04646821590534657,0.0202351881605308
RJ,Chittorgarh,S2019,21,22,rajasthan,chittaurgarh,0.6984377333387408,0.7128506297508227,0.6959824105964832
RJ,Chittorgarh,S2019,21,26,rajasthan,kota,0.2008914510086432,0.1916055510337259,0.200185227211099
RJ,Chittorgarh,S2019,21,20,rajasthan,bhilwara,0.04426064021649108,0.05047949840727316,0.04410504416071824
RJ,Chittorgarh,S2019,13,16,madhya pradesh,mandsaur,0.03230493797854651,0.03944117761792452,0.03219137159299804
RJ,Chittorgarh,S2019,21,25,rajasthan,bundi,0.024105237457578314,0.04767247815089539,0.024020496707026103
RJ,Churu,S2003,21,3,rajasthan,churu,0.8233047143461774,0.9104305535920393,0.8207119451359604
RJ,Churu,S2003,21,1,rajasthan,ganganagar,0.063650986730694,0.05784455318167011,0.06345053565137966
RJ,Churu,S2003,21,15,rajasthan,nagaur,0.06026086453997921,0.06255709611732473,0.060071089707602124
RJ,Churu,S2003,8,13,haryana,bhiwani,0.021743457727328868,0.08617428431450135,0.02167498275477409
RJ,Churu,S2003,21,2,rajasthan,bikaner,0.01704795123169609,0.011685847656848202,0.01699426345087739
RJ,Churu,S2003,21,10,rajasthan,sikar,0.013992025424124524,0.033007046351452816,0.01394796143168516
RJ,Dausa,S2007,21,9,rajasthan,jaipur,0.8438110008702153,0.43017457049090707,0.8438110421560059
RJ,Dausa,S2007,21,5,rajasthan,alwar,0.10498134431652514,0.08880483410390787,0.10498134945302821
RJ,Dausa,S2007,21,10,rajasthan,sikar,0.020757197675565234,0.018495430150959166,0.020757198691168627
RJ,Dausa,S2007,21,8,rajasthan,sawai madhopur,0.01595360182467389,0.010156690304108667,0.015953602605248054
RJ,Dausa,S2007,8,12,haryana,mahendragarh,0.01449685531302032,0.04449182615599563,0.014496856022319121
RJ,Ganganagar,S2001,21,1,rajasthan,ganganagar,0.7884940033731165,0.47159652916142414,0.7540920233177666
RJ,Ganganagar,S2001,8,16,haryana,sirsa,0.09706125786516416,0.2698016374888108,0.09282647682315225
RJ,Ganganagar,S2001,20,3,punjab,firozpur,0.06548266752695424,0.13235562568202525,0.06262565984827011
RJ,Ganganagar,S2001,8,15,haryana,hisar,0.03111045169732421,0.05946418524309114,0.029753103214994883
RJ,Ganganagar,S2001,20,12,punjab,faridkot,0.017851619537440945,0.039395154767225604,0.01707275367840393
RJ,Jaipur,S2006,21,9,rajasthan,jaipur,1.0,0.2681258804982674,1.0000000000000002
RJ,Jalore,S2022,21,18,rajasthan,jalor,0.6089347848291018,0.9053343302657443,0.6052787931934727
RJ,Jalore,S2022,21,19,rajasthan,sirohi,0.27849651454331165,0.81488417057989,0.27682444562380004
RJ,Jalore,S2022,21,17,rajasthan,barmer,0.079592278004099,0.04689360593231007,0.07911441286994458
RJ,Jalore,S2022,21,16,rajasthan,pali,0.03297642262348767,0.04239627225646496,0.03277843504207815
RJ,Jhalawar,S2015,21,27,rajasthan,jhalawar,0.456282095790508,0.8462691096588889,0.4561595690351632
RJ,Jhalawar,S2015,21,26,rajasthan,kota,0.4431904219651178,0.4298792859858271,0.44307141075493833
RJ,Jhalawar,S2015,13,16,madhya pradesh,mandsaur,0.03429923519750861,0.04258679132204517,0.034290024724342276
RJ,Jhalawar,S2015,13,5,madhya pradesh,shivpuri,0.02508457375716906,0.027693592789389952,0.025077837723780885
RJ,Jhalawar,S2015,13,1,madhya pradesh,morena,0.021674948592130955,0.0230227660967452,0.021669128155283313
RJ,Jhalawar,S2015,13,6,madhya pradesh,guna,0.019468724697565526,0.020667630400295546,0.019463496704422906
RJ,Jhunjhunu,S2004,21,4,rajasthan,jhunjhunun,0.7378938018934841,0.862845225274933,0.7379011995445443
RJ,Jhunjhunu,S2004,21,10,rajasthan,sikar,0.09752417022311673,0.08822136174747207,0.09752514793803911
RJ,Jhunjhunu,S2004,21,3,rajasthan,churu,0.09468841537632247,0.040153045061103856,0.09468936466178143
RJ,Jhunjhunu,S2004,8,12,haryana,mahendragarh,0.03637969750782951,0.11335254857897334,0.036380062227396405
RJ,Jhunjhunu,S2004,8,13,haryana,bhiwani,0.033513914999247295,0.050934219605998796,0.03351425098831264
RJ,Jodhpur,S2024,21,14,rajasthan,jodhpur,0.8600106515141652,0.6719507191354477,0.8583842635389505
RJ,Jodhpur,S2024,21,2,rajasthan,bikaner,0.05922015050666979,0.038871725066697754,0.05910815777669036
RJ,Jodhpur,S2024,21,15,rajasthan,nagaur,0.052747261293000794,0.05243453484559265,0.05264750960813339
RJ,Jodhpur,S2024,21,13,rajasthan,jaisalmer,0.028021936686164154,0.013750839236830653,0.027968943690335132
RJ,Kota,S2014,21,25,rajasthan,bundi,0.5151716504148082,0.9101416424886904,0.514377552124642
RJ,Kota,S2014,21,26,rajasthan,kota,0.39994496767824156,0.3407591945358464,0.3993284826392489
RJ,Kota,S2014,21,12,rajasthan,tonk,0.048146854290456766,0.06591394444962087,0.04807263954157036
RJ,Kota,S2014,21,8,rajasthan,sawai madhopur,0.017123386491872214,0.016146983409404708,0.01709699208153519
RJ,Kota,S2014,13,1,madhya pradesh,morena,0.01437492045853598,0.013412077953560534,0.014352762601541698
RJ,Kota,S2014,21,20,rajasthan,bhilwara,0.0052382206660852885,0.0053368112604346915,0.005230146343534537
RJ,Nagaur,S2025,21,15,rajasthan,nagaur,0.931319577093011,0.6968744081277425,0.9289966766389219
RJ,Nagaur,S2025,21,10,rajasthan,sikar,0.041572592043795153,0.07068833330205078,0.04146890154344336
RJ,Nagaur,S2025,21,2,rajasthan,bikaner,0.027107830863193745,0.013393600911821683,0.027040218419334214
RJ,Pali,S2021,21,16,rajasthan,pali,0.8674640899410634,0.9232288975858111,0.8651257880860547
RJ,Pali,S2021,21,14,rajasthan,jodhpur,0.07866842867131807,0.04452176621712127,0.07845637316974076
RJ,Pali,S2021,21,15,rajasthan,nagaur,0.022935760180137522,0.01651463423735303,0.02287393545310024
RJ,Pali,S2021,21,11,rajasthan,ajmer,0.014609139287577353,0.02232043265034297,0.014569759470138981
RJ,Pali,S2021,21,18,rajasthan,jalor,0.008841630704425832,0.010881889942928906,0.008817797554769035
RJ,Pali,S2021,21,19,rajasthan,sirohi,0.007480951215477899,0.018120354595383612,0.007460785859577611
RJ,Salumber,S2017,21,21,rajasthan,udaipur,0.7203759684865686,0.4430531473152212,0.7183209746516681
RJ,Salumber,S2017,21,22,rajasthan,chittaurgarh,0.16366710118895264,0.15015681742603604,0.16320021320457703
RJ,Salumber,S2017,21,23,rajasthan,dungarpur,0.0793793682690462,0.20737097128751092,0.0791529252454763
RJ,Salumber,S2017,7,9,gujarat,sabar kantha,0.017485926639462204,0.024296640855115258,0.0174360450873095
RJ,Salumber,S2017,21,19,rajasthan,sirohi,0.0099150103812856,0.01949299029084367,0.00988672614347389
RJ,Salumber,S2017,21,24,rajasthan,banswara,0.009176625034684792,0.01738990305871268,0.009150447165493666
RJ,Sawai Madhopur,S2011,21,8,rajasthan,sawai madhopur,0.9225980478645793,0.8432747630450942,0.9225980478645793
RJ,Sawai Madhopur,S2011,21,9,rajasthan,jaipur,0.03269534012550435,0.023930320799468482,0.03269534012550435
RJ,Sawai Madhopur,S2011,21,6,rajasthan,bharatpur,0.028815738453060638,0.05483509538210101,0.028815738453060638
RJ,Sawai Madhopur,S2011,21,7,rajasthan,dhaulpur,0.008595745539568175,0.02867111522891234,0.008595745539568175
RJ,Sawai Madhopur,S2011,21,12,rajasthan,tonk,0.007295128017287463,0.00968048538773311,0.007295128017287463
RJ,Sikar,S2005,21,10,rajasthan,sikar,0.8051387715516333,0.7767794699385683,0.8034572381640342
RJ,Sikar,S2005,21,4,rajasthan,jhunjhunun,0.10119649827674762,0.12620310133235263,0.1009851492564632
RJ,Sikar,S2005,21,9,rajasthan,jaipur,0.06637991847367014,0.03664101946278606,0.06624128392628092
RJ,Sikar,S2005,8,12,haryana,mahendragarh,0.020766011728562222,0.06900662786046778,0.02072264188564489
RJ,Sikar,S2005,21,3,rajasthan,churu,0.006518799969386833,0.0029481854415102393,0.00650518544704247
RJ,Tonk,S2013,21,12,rajasthan,tonk,0.5947241660035916,0.8825006788889659,0.5947241660035916
RJ,Tonk,S2013,21,9,rajasthan,jaipur,0.25875804098837263,0.21178332447513062,0.25875804098837263
RJ,Tonk,S2013,21,11,rajasthan,ajmer,0.09753044092735631,0.13027814381062378,0.09753044092735631
RJ,Tonk,S2013,21,8,rajasthan,sawai madhopur,0.023620941452268583,0.024142876952273858,0.023620941452268583
RJ,Tonk,S2013,21,15,rajasthan,nagaur,0.01641277526089625,0.010332162765008143,0.01641277526089625
RJ,Tonk,S2013,21,10,rajasthan,sikar,0.008953635367514576,0.012808358509496912,0.008953635367514576
RJ,Udaipur,S2018,21,21,rajasthan,udaipur,0.8777401168174126,0.5151236342206605,0.8777401168174129
RJ,Udaipur,S2018,21,22,rajasthan,chittaurgarh,0.032091101292117286,0.0280942345687769,0.0320911012921173
RJ,Udaipur,S2018,21,11,rajasthan,ajmer,0.031037757129554228,0.036727608585796066,0.03103775712955424
RJ,Udaipur,S2018,21,16,rajasthan,pali,0.030940634724018756,0.02550418471085402,0.030940634724018767
RJ,Udaipur,S2018,21,20,rajasthan,bhilwara,0.028190390036897175,0.027577834660063732,0.028190390036897186
SK,Sikkim,S2101,22,1,sikkim,north district,0.5615557445295277,1.0,0.5186161109182359
SK,Sikkim,S2101,22,4,sikkim,west district,0.1458850975717672,1.0,0.13472992250659635
SK,Sikkim,S2101,22,2,sikkim,east district,0.13623138407814833,1.0,0.1258143849188293
SK,Sikkim,S2101,22,3,sikkim,south district,0.11066816984466603,1.0,0.1022058743168312
SK,Sikkim,S2101,26,3,west bengal,darjiling,0.04565960397589071,0.09818031886774219,0.04216822011122375
TN,Arakkonam,S2206,23,3,tamil nadu,vellore,0.5797172845357108,0.29768758177151344,0.5797172940733084
TN,Arakkonam,S2206,23,5,tamil nadu,tiruvannamalai,0.19722394246264072,0.10388728320767468,0.19722394570739926
TN,Arakkonam,S2206,23,13,tamil nadu,nagapattinam,0.18533966669375757,0.037962904702217054,0.18533966974299418
TN,Arakkonam,S2206,2,10,andhra pradesh,chittoor,0.03771910630789087,0.0074685289427590265,0.03771910692845139
TN,Chengalpattu,S2205,23,13,tamil nadu,nagapattinam,0.964834823035899,0.22819711345143595,0.9486884634994084
TN,Chengalpattu,S2205,23,5,tamil nadu,tiruvannamalai,0.023846880898824318,0.014504422954543066,0.02344780708471307
TN,Chengalpattu,S2205,23,6,tamil nadu,cuddalore,0.01131829606527672,0.0037039518905266377,0.01112888615464002
TN,Chidambaram,S2212,23,6,tamil nadu,cuddalore,0.9341296144742097,0.2210669805283745,0.8924392276515448
TN,Chidambaram,S2212,23,12,tamil nadu,tiruchirappalli,0.059916296890066036,0.013112269531784872,0.057242220877890264
TN,Chidambaram,S2212,23,13,tamil nadu,thanjavur,0.005954088635724221,0.0010183684219910057,0.005688356499034073
TN,Coimbatore,S2220,23,10,tamil nadu,coimbatore,0.9620447776942316,0.21139629478895638,0.9620447776942312
TN,Coimbatore,S2220,12,6,kerala,palakkad,0.02428810236811384,0.008205235007195485,0.024288102368113833
TN,Coimbatore,S2220,23,8,tamil nadu,erode,0.013667119937654642,0.002667331061055899,0.013667119937654638
TN,Cuddalore,S2211,23,6,tamil nadu,cuddalore,0.9808763344237452,0.30880845020089515,0.9711583149464803
TN,Cuddalore,S2211,23,7,tamil nadu,salem,0.019123665576254768,0.007119947915247557,0.018934198109231082
TN,Dharmapuri,S2213,23,4,tamil nadu,dharmapuri,0.6760263686433925,0.36011256978336376,0.6725627395996019
TN,Dharmapuri,S2213,23,7,tamil nadu,salem,0.2877682045472388,0.15961761419894646,0.2862938207696511
TN,Dharmapuri,S2213,23,8,tamil nadu,erode,0.02921757944664294,0.01795483320747428,0.02906788283500968
TN,Dharmapuri,S2213,23,5,tamil nadu,tiruvannamalai,0.006987847362725849,0.0060916542665800585,0.006952045044648104
TN,Dindigul,S2223,23,16,tamil nadu,madurai,0.5421872714973394,0.2691221281949898,0.5416384350965254
TN,Dindigul,S2223,23,11,tamil nadu,dindigul,0.41796993703388974,0.2342687832118713,0.4175468413104203
TN,Dindigul,S2223,23,17,tamil nadu,virudhunagar,0.03984279146877086,0.031412529700855694,0.03980246006407427
TN,Gobichettipalayam,S2219,23,8,tamil nadu,erode,0.9034914454900197,0.5389151509981646,0.9031389951878158
TN,Gobichettipalayam,S2219,23,10,tamil nadu,coimbatore,0.050958737965561156,0.0342229293136917,0.05093885905836669
TN,Gobichettipalayam,S2219,23,9,tamil nadu,the nilgiris,0.027264906599416775,0.05384345991498617,0.02725427061097605
TN,Gobichettipalayam,S2219,23,7,tamil nadu,salem,0.018284909945002415,0.00984441788709966,0.01827777703625374
TN,Karur,S2226,23,12,tamil nadu,tiruchirappalli,0.9164949930155828,0.35248921097946523,0.9032812382208396
TN,Karur,S2226,23,11,tamil nadu,dindigul,0.06681860680772805,0.05088619638399911,0.06585523582063893
TN,Karur,S2226,23,8,tamil nadu,erode,0.01668640017668909,0.009092684288027394,0.01644582057503056
TN,Krishnagiri,S2214,23,4,tamil nadu,dharmapuri,0.9686689675658551,0.555684391763576,0.965677100457668
TN,Krishnagiri,S2214,11,16,karnataka,mysore,0.026176014211799905,0.011533846771669253,0.026095165997842437
TN,Krishnagiri,S2214,23,3,tamil nadu,vellore,0.005155018222345083,0.00471782605342919,0.0051390962407621525
TN,Madras Central,S2202,23,2,tamil nadu,chennai,0.7842354865849381,0.8138356455335435,0.7585337395118714
TN,Madras Central,S2202,23,13,tamil nadu,nagapattinam,0.21576451341506186,0.0019263000637443901,0.2086932637126466
TN,Madras North,S2201,23,13,tamil nadu,nagapattinam,0.9210440551579235,0.01868296502213266,0.8866355938022233
TN,Madras North,S2201,23,2,tamil nadu,chennai,0.07895594484207638,0.18616435446645652,0.07600630029284192
TN,Madras South,S2203,23,13,tamil nadu,nagapattinam,1.0,0.017296633742798558,0.9671139976623322
TN,Madurai,S2224,23,16,tamil nadu,madurai,0.8724148179738779,0.1488991425424962,0.8724148179738781
TN,Madurai,S2224,23,15,tamil nadu,sivaganga,0.12758518202612198,0.037701341858647645,0.127585182026122
TN,Mayiladuturai,S2229,23,13,tamil nadu,thanjavur,0.9799936434652574,0.10995092352671078,0.8418124032635437
TN,Mayiladuturai,S2229,23,6,tamil nadu,cuddalore,0.011611489464821606,0.0018025638847173437,0.009974244136204262
TN,Mayiladuturai,S2229,23,12,tamil nadu,tiruchirappalli,0.008394867069921045,0.0012051267365107362,0.007211172511506962
TN,Nagapattinam,S2230,23,13,tamil nadu,thanjavur,1.0,0.17694123862613542,0.8496539444458752
TN,Nagercoil,S2239,23,21,tamil nadu,kanniyakumari,1.0,0.5809040442252206,0.9996207084433635
TN,Nilgiris,S2218,23,10,tamil nadu,coimbatore,0.4601392507154919,0.28903261526779844,0.46013924345926815
TN,Nilgiris,S2218,23,9,tamil nadu,the nilgiris,0.3663998916856105,0.6767734873206804,0.3663998859076214
TN,Nilgiris,S2218,12,6,kerala,palakkad,0.08507695572905452,0.08216083946667059,0.08507695438742278
TN,Nilgiris,S2218,12,5,kerala,malappuram,0.07589449890186639,0.09272149293384332,0.07589449770503856
TN,Nilgiris,S2218,23,8,tamil nadu,erode,0.012489402967976697,0.006967822550709183,0.012489402771023488
TN,Palani,S2222,23,11,tamil nadu,dindigul,0.6350902400910329,0.5606980547979173,0.6350902400910333
TN,Palani,S2222,23,8,tamil nadu,erode,0.3164164002396808,0.19988466653058506,0.31641640023968104
TN,Palani,S2222,23,16,tamil nadu,madurai,0.02947216019058207,0.023042855397026784,0.029472160190582092
TN,Palani,S2222,23,12,tamil nadu,tiruchirappalli,0.012448906976699774,0.005550575200652142,0.012448906976699783
TN,Palani,S2222,23,10,tamil nadu,coimbatore,0.00657229250200446,0.004674547164911893,0.006572292502004465
TN,Perambalur,S2228,23,12,tamil nadu,tiruchirappalli,1.0,0.3777442389752158,0.9915917038689741
TN,Periyakulam,S2225,23,16,tamil nadu,madurai,0.7434346771830386,0.5312519138792591,0.7433948136751272
TN,Periyakulam,S2225,23,11,tamil nadu,dindigul,0.1416016030594025,0.11426024429527878,0.14159401027849375
TN,Periyakulam,S2225,23,17,tamil nadu,virudhunagar,0.07373434973121869,0.08369135716727337,0.07373039604177689
TN,Periyakulam,S2225,12,9,kerala,idukki,0.04122937002634029,0.03577130713008808,0.0412271592775433
TN,Pollachi,S2221,23,10,tamil nadu,coimbatore,0.7231827997456844,0.4492339266022138,0.7202779832896199
TN,Pollachi,S2221,23,8,tamil nadu,erode,0.1625948213417663,0.08970755089990948,0.1619417249007689
TN,Pollachi,S2221,12,9,kerala,idukki,0.05443812906245504,0.045133574579477316,0.054219466819390646
TN,Pollachi,S2221,23,11,tamil nadu,dindigul,0.051728862858921636,0.03988672131093348,0.05152108295577828
TN,Pollachi,S2221,12,6,kerala,palakkad,0.008055386991172623,0.007693185834042523,0.00802303082797273
TN,Pudukkottai,S2232,23,14,tamil nadu,pudukkottai,0.7377028422301439,0.784900606552593,0.7046312855230791
TN,Pudukkottai,S2232,23,13,tamil nadu,thanjavur,0.20917312834769836,0.0639316328090468,0.1997958010829256
TN,Pudukkottai,S2232,23,12,tamil nadu,tiruchirappalli,0.03494141908167647,0.013664499185007202,0.033374979241087545
TN,Pudukkottai,S2232,23,15,tamil nadu,sivaganga,0.018182610340481194,0.021588097697942038,0.017367475580880944
TN,Ramanathapuram,S2234,23,18,tamil nadu,ramanathapuram,0.6443350840056542,0.7037398151505174,0.5967840640816788
TN,Ramanathapuram,S2234,23,17,tamil nadu,virudhunagar,0.23803995416122642,0.27138505939864566,0.22047294146240629
TN,Ramanathapuram,S2234,23,15,tamil nadu,sivaganga,0.10102923197811114,0.1255502182542218,0.09357341722900626
TN,Ramanathapuram,S2234,23,19,tamil nadu,thoothukkudi,0.010967925663804279,0.011876335395888182,0.010158508227581511
TN,Ramanathapuram,S2234,23,16,tamil nadu,madurai,0.0056278041912039825,0.004039447724538424,0.005212480183762811
TN,Rasipuram,S2215,23,7,tamil nadu,salem,0.8447002211583853,0.37183373483562737,0.8447002211583845
TN,Rasipuram,S2215,23,6,tamil nadu,cuddalore,0.11218184003711752,0.041757835896185945,0.11218184003711741
TN,Rasipuram,S2215,23,12,tamil nadu,tiruchirappalli,0.04311793880449718,0.014841902726252625,0.04311793880449714
TN,Salem,S2216,23,7,tamil nadu,salem,0.9929412943995808,0.22604973597531072,0.9915343246514616
TN,Salem,S2216,23,6,tamil nadu,cuddalore,0.007058705600419222,0.001358860090798382,0.007048703614101719
TN,Sivaganga,S2233,23,15,tamil nadu,sivaganga,0.59164415489146,0.8151603421891885,0.5796296101710209
TN,Sivaganga,S2233,23,18,tamil nadu,ramanathapuram,0.24465883422701684,0.29626018484948263,0.23969053617020553
TN,Sivaganga,S2233,23,14,tamil nadu,pudukkottai,0.15721930320287797,0.19411692216847118,0.15402664367327643
TN,Sivaganga,S2233,23,16,tamil nadu,madurai,0.006477707678645082,0.00515485440359975,0.0063461645746566864
TN,Sivakasi,S2235,23,17,tamil nadu,virudhunagar,0.6818403393781275,0.6135110537332252,0.6818403393781275
TN,Sivakasi,S2235,23,19,tamil nadu,thoothukkudi,0.18504543209326352,0.1581393494834388,0.18504543209326352
TN,Sivakasi,S2235,23,20,tamil nadu,tirunelveli,0.13311422852860902,0.07159486310356572,0.13311422852860902
TN,Sriperumbudur,S2204,23,13,tamil nadu,nagapattinam,0.9381172755126094,0.19263684838406914,0.9005027716557371
TN,Sriperumbudur,S2204,2,10,andhra pradesh,chittoor,0.03866478113756234,0.00767503569534314,0.03711448822942964
TN,Sriperumbudur,S2204,23,3,tamil nadu,vellore,0.016619769529541223,0.008555800309019977,0.015953387616120362
TN,Sriperumbudur,S2204,2,9,andhra pradesh,sri potti sriramulu nellore,0.006598173820287146,0.0016677703580981256,0.006333615175979174
TN,Tenkasi,S2237,23,20,tamil nadu,tirunelveli,0.9417164382204414,0.4890635053828716,0.9375569599841964
TN,Tenkasi,S2237,23,21,tamil nadu,kanniyakumari,0.036511042090532464,0.06629411175132637,0.0363497760461113
TN,Tenkasi,S2237,12,13,kerala,kollam,0.011484580324495555,0.015311107727090342,0.011433853948727478
TN,Tenkasi,S2237,12,14,kerala,thiruvananthapuram,0.010287939364530674,0.015155269689040428,0.010242498446069658
TN,Thanjavur,S2231,23,13,tamil nadu,thanjavur,0.8159485604002112,0.13659766634703527,0.8159485604002109
TN,Thanjavur,S2231,23,12,tamil nadu,tiruchirappalli,0.14804726701988696,0.03171203916919709,0.1480472670198869
TN,Thanjavur,S2231,23,14,tamil nadu,pudukkottai,0.036004172579901704,0.0209824712789359,0.03600417257990169
TN,Tindivanam,S2210,23,6,tamil nadu,cuddalore,0.9594138935377515,0.25220250948608913,0.9323330983582032
TN,Tindivanam,S2210,33,1,puducherry,puducherry,0.040586106462248445,0.40952019205431783,0.039440507004451716
TN,Tiruchendur,S2238,23,20,tamil nadu,tirunelveli,0.6330534839368127,0.3290787942588312,0.5933985637964482
TN,Tiruchendur,S2238,23,19,tamil nadu,thoothukkudi,0.19569658494302938,0.1616392909670367,0.1834380117820412
TN,Tiruchendur,S2238,23,21,tamil nadu,kanniyakumari,0.17124993112015785,0.3112400826883776,0.16052271372869553
TN,Tiruchengode,S2217,23,7,tamil nadu,salem,0.7132359582288273,0.2255345491877683,0.7132359582288279
TN,Tiruchengode,S2217,23,8,tamil nadu,erode,0.21503233950085446,0.07533256641884166,0.21503233950085465
TN,Tiruchengode,S2217,23,12,tamil nadu,tiruchirappalli,0.07173170227031817,0.017736845992658328,0.07173170227031822
TN,Tiruchirappalli,S2227,23,12,tamil nadu,tiruchirappalli,1.0,0.17194329150325588,0.9966453938488665
TN,Tirunelveli,S2236,23,19,tamil nadu,thoothukkudi,0.8300360653817389,0.6683450241536363,0.7807631228874482
TN,Tirunelveli,S2236,23,20,tamil nadu,tirunelveli,0.16996393461826112,0.08613037473252683,0.15987446558693966
TN,Tiruppattur,S2208,23,5,tamil nadu,tiruvannamalai,0.5568918927452495,0.4056081921963729,0.5556407820586053
TN,Tiruppattur,S2208,23,3,tamil nadu,vellore,0.39195545917323815,0.2783006727035785,0.391074893896479
TN,Tiruppattur,S2208,23,6,tamil nadu,cuddalore,0.03953671793377674,0.01549358257551526,0.03944789493066578
TN,Tiruppattur,S2208,23,4,tamil nadu,dharmapuri,0.011615930147735572,0.00516978666626104,0.011589833854123714
TN,Vandavasi,S2209,23,5,tamil nadu,tiruvannamalai,0.578791777005736,0.4089720864033855,0.5787917770057358
TN,Vandavasi,S2209,23,6,tamil nadu,cuddalore,0.35989281294862796,0.13682325022510008,0.3598928129486278
TN,Vandavasi,S2209,23,3,tamil nadu,vellore,0.054554945668221284,0.03757916778673428,0.054554945668221264
TN,Vandavasi,S2209,23,13,tamil nadu,nagapattinam,0.00676046437741478,0.001857531329759279,0.006760464377414776
TN,Vellore,S2207,23,3,tamil nadu,vellore,0.8126929222956495,0.34924195246323886,0.8126929222956499
TN,Vellore,S2207,23,5,tamil nadu,tiruvannamalai,0.13823509047896898,0.06093636097144381,0.13823509047896906
TN,Vellore,S2207,2,10,andhra pradesh,chittoor,0.049071987225381544,0.008131352355467117,0.04907198722538157
TR,Tripura East,S2302,24,2,tripura,north tripura,0.46321635999363925,1.0,0.3375457833117146
TR,Tripura East,S2302,24,3,tripura,south tripura,0.2508549653620911,0.3792058850055311,0.18279802505667722
TR,Tripura East,S2302,17,1,mizoram,aizawl,0.1672395658007383,0.07202311748155607,0.12186747946401637
TR,Tripura East,S2302,24,1,tripura,west tripura,0.06785255872537545,0.3287320560563418,0.04944416273418209
TR,Tripura East,S2302,4,21,assam,karimganj,0.05083655011815583,0.23815933670324477,0.03704459646186455
TR,Tripura West,S2301,24,3,tripura,south tripura,0.7477282384699414,0.6207941149944688,0.7222978708975494
TR,Tripura West,S2301,24,1,tripura,west tripura,0.25227176153005854,0.6712679439436581,0.24369195499904958
UK,Almora,S2803,25,6,uttar pradesh,pithoragarh,0.5725431173959766,0.9944573765093381,0.5484883648217124
UK,Almora,S2803,25,7,uttar pradesh,almora,0.39307738988925967,0.9452254996510573,0.37656268720742775
UK,Almora,S2803,25,2,uttar pradesh,chamoli,0.019322798414228216,0.029979072478180352,0.018510972857734485
UK,Almora,S2803,25,8,uttar pradesh,nainital,0.015056694300535464,0.03074481981630147,0.014424104291187357
UK,Garhwal,S2802,25,2,uttar pradesh,chamoli,0.6145206834384157,0.9700209275218198,0.5982568815089934
UK,Garhwal,S2802,25,5,uttar pradesh,garhwal,0.3442693330889957,0.9200757533090669,0.3351579583303707
UK,Garhwal,S2802,25,3,uttar pradesh,tehri garhwal,0.027507196905421732,0.08100286490621611,0.026779196019267294
UK,Garhwal,S2802,25,1,uttar pradesh,uttar kashi,0.00785205937660063,0.014710652552476569,0.0076442480825615845
UK,Garhwal,S2802,25,7,uttar pradesh,almora,0.005850727190566135,0.014314086716639517,0.0056958828204173
UK,Hardwar,S2805,25,13,uttar pradesh,hardwar,0.851049020435436,0.7793781688091113,0.8497555360212183
UK,Hardwar,S2805,25,4,uttar pradesh,dehra dun,0.09051712118217857,0.06256693734203618,0.09037954686782346
UK,Hardwar,S2805,25,5,uttar pradesh,garhwal,0.03968804558162802,0.015551324451535349,0.03962772488662936
UK,Hardwar,S2805,25,12,uttar pradesh,saharanpur,0.018745812800757492,0.011367202044713325,0.018717321590371965
UK,Nainital,S2804,25,8,uttar pradesh,nainital,0.950049282649564,0.9016206064585806,0.9422970988442689
UK,Nainital,S2804,25,7,uttar pradesh,almora,0.03620241790502839,0.04046041363230324,0.0359070144949935
UK,Nainital,S2804,25,5,uttar pradesh,garhwal,0.006882327452645261,0.008402325946575818,0.006826169242333961
UK,Nainital,S2804,25,6,uttar pradesh,pithoragarh,0.006865971992762358,0.005542623490662014,0.006809947239244876
UK,Tehri Garhwal,S2801,25,1,uttar pradesh,uttar kashi,0.4820443560090226,0.9852893474475235,0.4724019413435594
UK,Tehri Garhwal,S2801,25,3,uttar pradesh,tehri garhwal,0.2860432425511583,0.9189971350937839,0.2803214712607165
UK,Tehri Garhwal,S2801,25,4,uttar pradesh,dehra dun,0.17228901414647335,0.8861714410848679,0.16884268789870155
UK,Tehri Garhwal,S2801,9,9,himachal pradesh,shimla,0.027192734702063088,0.07462745470629677,0.026648793837251224
UK,Tehri Garhwal,S2801,9,12,himachal pradesh,kinnaur,0.02450614355546926,0.058344898355213046,0.024015943027099664
UK,Tehri Garhwal,S2801,9,11,himachal pradesh,sirmaur,0.007924509035813392,0.03797266818072894,0.007765993743203903
UP,Agra,S2469,25,20,uttar pradesh,agra,0.860309814628445,0.2342348260850246,0.8603098146284449
UP,Agra,S2469,25,19,uttar pradesh,mathura,0.12320906837260494,0.04282561254391798,0.12320906837260491
UP,Agra,S2469,21,6,rajasthan,bharatpur,0.016481116998950024,0.0041864453493987855,0.01648111699895002
UP,Akbarpur,S2423,25,48,uttar pradesh,faizabad,0.8789500546484185,0.24025851315116575,0.8789500546484179
UP,Akbarpur,S2423,25,57,uttar pradesh,azamgarh,0.05472790491897879,0.03188492046057133,0.054727904918978755
UP,Akbarpur,S2423,25,53,uttar pradesh,basti,0.04223136119864518,0.02236218864136619,0.04223136119864515
UP,Akbarpur,S2423,25,50,uttar pradesh,sultanpur,0.024090679233957645,0.012639099345801402,0.02409067923395763
UP,Aligarh,S2472,25,18,uttar pradesh,aligarh,0.9058849396692567,0.446445105330478,0.9058849396692572
UP,Aligarh,S2472,25,17,uttar pradesh,bulandshahr,0.08898991191084911,0.05327519485187081,0.08898991191084916
UP,Aligarh,S2472,8,9,haryana,faridabad,0.005125148419894302,0.0063518296984610536,0.005125148419894305
UP,Allahabad,S2452,25,45,uttar pradesh,allahabad,0.9793734891804947,0.38459213108866813,0.9772360968359033
UP,Allahabad,S2452,25,62,uttar pradesh,mirzapur,0.02062651081950536,0.012440380898950438,0.020581495361349417
UP,Amethi,S2421,25,33,uttar pradesh,rae bareli,0.4764591497658932,0.3477637714292969,0.47645914976589243
UP,Amethi,S2421,25,50,uttar pradesh,sultanpur,0.47337348023238457,0.3658590451925823,0.4733734802323838
UP,Amethi,S2421,25,44,uttar pradesh,pratapgarh,0.03148949110506379,0.028387338654353365,0.031489491105063744
UP,Amethi,S2421,25,48,uttar pradesh,bara banki,0.018677878896658402,0.007521161827544738,0.018677878896658374
UP,Amroha,S2402,25,10,uttar pradesh,moradabad,0.659034957076681,0.21123479474508755,0.659034957076681
UP,Amroha,S2402,25,9,uttar pradesh,bijnor,0.34096504292331903,0.1625123336663992,0.34096504292331903
UP,Aonla,S2407,25,25,uttar pradesh,bareilly,0.673798356226182,0.434298110175846,0.6707942910170821
UP,Aonla,S2407,25,24,uttar pradesh,budaun,0.26648429915267624,0.13858499694414644,0.26529620451804464
UP,Aonla,S2407,25,11,uttar pradesh,rampur,0.03137594810239021,0.03415079533202419,0.031236061453475215
UP,Aonla,S2407,25,27,uttar pradesh,shahjahanpur,0.02834139651875163,0.01698592466115541,0.028215039126406338
UP,Azamgarh,S2441,25,57,uttar pradesh,azamgarh,0.979795470700428,0.501630665206074,0.9768913031183813
UP,Azamgarh,S2441,25,48,uttar pradesh,faizabad,0.020204529299571873,0.004853281252104463,0.020144641965166885
UP,Baghpat,S2477,25,15,uttar pradesh,meerut,0.5796295396187946,0.3372589506224919,0.5796295396187952
UP,Baghpat,S2477,25,16,uttar pradesh,ghaziabad,0.2694239662468196,0.21112156918313943,0.2694239662468198
UP,Baghpat,S2477,25,14,uttar pradesh,muzaffarnagar,0.15094649413438574,0.06887191254330052,0.15094649413438588
UP,Bahraich,S2427,25,46,uttar pradesh,bahraich,0.9703783767427775,0.6695159970047312,0.9676226858068664
UP,Bahraich,S2427,25,28,uttar pradesh,kheri,0.015221041487845218,0.008434487837976243,0.015177816610757608
UP,Bahraich,S2427,25,47,uttar pradesh,gonda,0.014400581769377245,0.009114563212554749,0.014359686842609685
UP,Ballia,S2439,25,59,uttar pradesh,ballia,0.8509248021982758,0.4855663089062691,0.8509247994300216
UP,Ballia,S2439,5,3,bihar,bhojpur,0.10469241612345186,0.033734115365199026,0.10469241578286333
UP,Ballia,S2439,5,9,bihar,saran,0.02836985823899517,0.01320524485504026,0.028369858146701493
UP,Ballia,S2439,25,60,uttar pradesh,ghazipur,0.016012923439277113,0.006987113260722545,0.016012923387183388
UP,Balrampur,S2428,25,47,uttar pradesh,gonda,0.9397838093303046,0.44081842737155813,0.9348625202359696
UP,Balrampur,S2428,25,51,uttar pradesh,siddharthnagar,0.04524536651528297,0.04984873519237536,0.04500843380098188
UP,Balrampur,S2428,25,46,uttar pradesh,bahraich,0.014970824154412485,0.00765493514303998,0.014892427662673796
UP,Banda,S2455,25,42,uttar pradesh,banda,0.9543223087390388,0.7666639683418263,0.9477491826381378
UP,Banda,S2455,25,45,uttar pradesh,allahabad,0.01744024253277987,0.015334591907557808,0.017320118637164636
UP,Banda,S2455,25,43,uttar pradesh,fatehpur,0.016303457239183153,0.026054995754923458,0.016191163227681528
UP,Banda,S2455,13,8,madhya pradesh,chhatarpur,0.006473205780746755,0.005026023855840394,0.006428620007696819
UP,Banda,S2455,13,12,madhya pradesh,satna,0.005460785708251393,0.0048589804749618075,0.005423173223725319
UP,Bansgaon,S2433,25,54,uttar pradesh,gorakhpur,0.8564193022435491,0.4239313120837777,0.8563504508566242
UP,Bansgaon,S2433,25,56,uttar pradesh,mau,0.08463913702492155,0.06987139430023709,0.08463233250526976
UP,Bansgaon,S2433,25,55,uttar pradesh,deoria,0.028262433842351196,0.008915938917603457,0.028260161698597755
UP,Bansgaon,S2433,25,57,uttar pradesh,azamgarh,0.019446273621786837,0.008256966861271428,0.01944471024867524
UP,Bansgaon,S2433,25,48,uttar pradesh,faizabad,0.011232853267391327,0.002237753822809062,0.011231950207961725
UP,Bara Banki,S2425,25,48,uttar pradesh,bara banki,0.9605403813571413,0.30664121182125226,0.9584761673642829
UP,Bara Banki,S2425,25,32,uttar pradesh,lucknow,0.019065154338850206,0.019955210498982363,0.019024183069837386
UP,Bara Banki,S2425,25,29,uttar pradesh,sitapur,0.014084869005645796,0.006424146813363148,0.014054600435731065
UP,Bara Banki,S2425,25,50,uttar pradesh,sultanpur,0.006309595298362725,0.003866062708745373,0.006296035894555305
UP,Bareilly,S2408,25,25,uttar pradesh,bareilly,0.9046190101879245,0.5334997378867942,0.903789422643072
UP,Bareilly,S2408,25,8,uttar pradesh,nainital,0.05637691146199935,0.02020766814429399,0.05632521059894054
UP,Bareilly,S2408,25,26,uttar pradesh,pilibhit,0.023740666187575633,0.017343338545622634,0.02371889463429861
UP,Bareilly,S2408,25,11,uttar pradesh,rampur,0.01526341216250042,0.015200788069892595,0.0152494147376405
UP,Basti,S2430,25,53,uttar pradesh,basti,0.626290918134181,0.31778168148662195,0.6262909181341808
UP,Basti,S2430,25,47,uttar pradesh,gonda,0.3367930220001226,0.10773623262310193,0.33679302200012246
UP,Basti,S2430,25,48,uttar pradesh,faizabad,0.036916059865696405,0.009669487291593908,0.03691605986569639
UP,Bijnor,S2401,25,9,uttar pradesh,bijnor,0.8868124917432081,0.7866662234134719,0.8866276361327723
UP,Bijnor,S2401,25,5,uttar pradesh,garhwal,0.07855497818872297,0.05597059629282204,0.0785386034436883
UP,Bijnor,S2401,25,13,uttar pradesh,hardwar,0.028307875841560876,0.04713890548736487,0.028301975079316824
UP,Bijnor,S2401,25,8,uttar pradesh,nainital,0.006324654226507983,0.003502970745101689,0.006323335855568555
UP,Bilhaur,S2460,25,36,uttar pradesh,kanpur dehat,0.6945580042939794,0.2788912086423849,0.69182401455553
UP,Bilhaur,S2460,25,36,uttar pradesh,kanpur nagar,0.27911733013287615,0.11207612477653532,0.2780186401578288
UP,Bilhaur,S2460,25,31,uttar pradesh,unnao,0.01391984324385726,0.008122697204904545,0.013865050543529494
UP,Bilhaur,S2460,25,34,uttar pradesh,farrukhabad,0.0124048223292871,0.007192719342134737,0.012355993208110917
UP,Budaun,S2406,25,24,uttar pradesh,budaun,0.8760379248542559,0.5365058606581986,0.8759904458358658
UP,Budaun,S2406,25,21,uttar pradesh,firozabad,0.10877742345668,0.0559667611942484,0.10877152799811342
UP,Budaun,S2406,25,18,uttar pradesh,aligarh,0.01014150694999841,0.006328925987406954,0.010140957306220073
UP,Budaun,S2406,25,27,uttar pradesh,shahjahanpur,0.00504314473906569,0.003559396361528863,0.005042871413499505
UP,Bulandshahr,S2474,25,17,uttar pradesh,bulandshahr,0.8276702383102766,0.38188981501705155,0.8276702383102768
UP,Bulandshahr,S2474,25,10,uttar pradesh,moradabad,0.076095304893926,0.02301297306137014,0.076095304893926
UP,Bulandshahr,S2474,25,16,uttar pradesh,ghaziabad,0.060025857858987446,0.04331175701271945,0.06002585785898745
UP,Bulandshahr,S2474,25,24,uttar pradesh,budaun,0.036208598936809853,0.013496689357062115,0.03620859893680986
UP,Chail,S2453,25,45,uttar pradesh,allahabad,0.7166695104499046,0.25817217630637457,0.7166695104499053
UP,Chail,S2453,25,43,uttar pradesh,fatehpur,0.20178933842938895,0.13212357584171983,0.20178933842938918
UP,Chail,S2453,25,33,uttar pradesh,rae bareli,0.04809518428368618,0.027371959181737203,0.048095184283686226
UP,Chail,S2453,25,42,uttar pradesh,banda,0.018131662779482364,0.005967857085636693,0.01813166277948238
UP,Chail,S2453,25,44,uttar pradesh,pratapgarh,0.015314304057537998,0.010764699903155725,0.015314304057538015
UP,Chandauli,S2447,25,61,uttar pradesh,varanasi,0.9129128614482868,0.5306406326518434,0.9090882665642611
UP,Chandauli,S2447,5,4,bihar,rohtas,0.03699222472842846,0.014874432220893486,0.03683724797279307
UP,Chandauli,S2447,25,63,uttar pradesh,sonbhadra,0.02100017117293816,0.008340887134639464,0.020912192187622667
UP,Chandauli,S2447,25,60,uttar pradesh,ghazipur,0.014944914275577068,0.012170932094527487,0.014882303433847997
UP,Chandauli,S2447,25,58,uttar pradesh,jaunpur,0.014149828374769635,0.009816225935557145,0.014090548498784397
UP,Deoria,S2437,25,55,uttar pradesh,deoria,0.9654491687688833,0.2810670640075658,0.9624140493343062
UP,Deoria,S2437,25,54,uttar pradesh,gorakhpur,0.0345508312311167,0.015783036717088104,0.03444221246304206
UP,Domariaganj,S2431,25,51,uttar pradesh,siddharthnagar,0.8135470278368953,0.9501512648076247,0.8130576962933291
UP,Domariaganj,S2431,25,53,uttar pradesh,basti,0.16945583703759512,0.13365106230016152,0.16935391289127458
UP,Domariaganj,S2431,25,52,uttar pradesh,mahrajganj,0.01060869818053341,0.014118229079949939,0.010602317270176315
UP,Domariaganj,S2431,25,47,uttar pradesh,gonda,0.0063884369449762005,0.003176555516861086,0.006384594433597883
UP,Etah,S2467,25,21,uttar pradesh,firozabad,0.8522059074938185,0.380943412501525,0.8522059074938177
UP,Etah,S2467,25,24,uttar pradesh,budaun,0.08847265307241754,0.04707443691243756,0.08847265307241746
UP,Etah,S2467,25,34,uttar pradesh,farrukhabad,0.036469798362653336,0.022639084686581573,0.0364697983626533
UP,Etah,S2467,25,21,uttar pradesh,firozabad,0.013214293541962699,0.005906903521093755,0.013214293541962687
UP,Etah,S2467,25,23,uttar pradesh,mainpuri,0.00963734752914801,0.010007820761076125,0.009637347529148
UP,Etawah,S2462,25,35,uttar pradesh,etawah,0.9724650575404729,0.5483297015790255,0.971577211136505
UP,Etawah,S2462,25,23,uttar pradesh,mainpuri,0.02021261506587874,0.01975789514579661,0.020194161243335833
UP,Etawah,S2462,25,21,uttar pradesh,firozabad,0.007322327393648385,0.003081067714633642,0.007315642215610658
UP,Faizabad,S2424,25,48,uttar pradesh,faizabad,0.7947615429267961,0.2441148670185875,0.7947615584956386
UP,Faizabad,S2424,25,48,uttar pradesh,bara banki,0.12492972636281421,0.03837277207125252,0.12492972881010328
UP,Faizabad,S2424,25,50,uttar pradesh,sultanpur,0.03699600524482608,0.021810454333267393,0.03699600596955287
UP,Faizabad,S2424,25,53,uttar pradesh,basti,0.021968022795413225,0.013071125821362991,0.021968023225751972
UP,Faizabad,S2424,25,47,uttar pradesh,gonda,0.02134470267015039,0.00800678357276313,0.021344703088278714
UP,Farrukhabad,S2464,25,34,uttar pradesh,farrukhabad,0.7455864227547638,0.45707992802484376,0.7455864251077389
UP,Farrukhabad,S2464,25,23,uttar pradesh,mainpuri,0.14198017972686705,0.1456057003319831,0.14198018017493827
UP,Farrukhabad,S2464,25,27,uttar pradesh,shahjahanpur,0.06278391647109179,0.03802038418208863,0.06278391666922976
UP,Farrukhabad,S2464,25,21,uttar pradesh,firozabad,0.028973469791751267,0.012790428474704544,0.02897346988318782
UP,Farrukhabad,S2464,25,30,uttar pradesh,hardoi,0.012236410717917992,0.005658506496078979,0.012236410756534533
UP,Farrukhabad,S2464,25,24,uttar pradesh,budaun,0.00843960053760812,0.004434724362235902,0.008439600564242415
UP,Fatehpur,S2454,25,43,uttar pradesh,fatehpur,0.7105727108740503,0.6325346002151514,0.7052455519282967
UP,Fatehpur,S2454,25,42,uttar pradesh,banda,0.23471400611301338,0.10503001965263253,0.23295435675099305
UP,Fatehpur,S2454,25,33,uttar pradesh,rae bareli,0.029772528214685328,0.023036349856628054,0.029549323766232097
UP,Fatehpur,S2454,25,45,uttar pradesh,allahabad,0.018551298417465306,0.009085701790185429,0.018412219455090886
UP,Fatehpur,S2454,25,41,uttar pradesh,hamirpur,0.006389456380785708,0.0033559225377902202,0.006341554668270551
UP,Firozabad,S2468,25,20,uttar pradesh,agra,0.6036245393876276,0.3842427451764864,0.6009805598583112
UP,Firozabad,S2468,25,21,uttar pradesh,firozabad,0.31971741768907813,0.16257486270370083,0.3183170002898893
UP,Firozabad,S2468,21,6,rajasthan,bharatpur,0.04200938741160298,0.02494866621829094,0.041825379053579505
UP,Firozabad,S2468,25,35,uttar pradesh,etawah,0.034648655511691176,0.023609628427704435,0.034496888428159116
UP,Ghatampur,S2459,25,36,uttar pradesh,kanpur dehat,0.729061183123187,0.43882848646986916,0.7253625981826982
UP,Ghatampur,S2459,25,43,uttar pradesh,fatehpur,0.2107178018969133,0.19674275834181948,0.20964881385197282
UP,Ghatampur,S2459,25,36,uttar pradesh,kanpur nagar,0.0538020498650534,0.032383937943475084,0.053529107818480755
UP,Ghatampur,S2459,25,35,uttar pradesh,etawah,0.006418965114846254,0.005383667194932952,0.006386401198049051
UP,Ghazipur,S2446,25,60,uttar pradesh,ghazipur,0.9725881188913523,0.4556013399282115,0.9682028668782517
UP,Ghazipur,S2446,5,4,bihar,rohtas,0.015697506915779914,0.003630665605312665,0.01562672924282052
UP,Ghazipur,S2446,25,56,uttar pradesh,mau,0.006213584039662937,0.004853172238787725,0.006185567933575232
UP,Ghazipur,S2446,5,3,bihar,bhojpur,0.005500790153204897,0.0019028653477959918,0.005475987926420055
UP,Ghosi,S2440,25,56,uttar pradesh,mau,0.7459191311838193,0.6336080876428078,0.7439397468972909
UP,Ghosi,S2440,25,59,uttar pradesh,ballia,0.11793876309827314,0.07857569783739925,0.11762579869678526
UP,Ghosi,S2440,25,57,uttar pradesh,azamgarh,0.11636821274740632,0.05084161019642915,0.1160594159862909
UP,Ghosi,S2440,25,60,uttar pradesh,ghazipur,0.019773892970501354,0.01007380755263377,0.019721420616069064
UP,Gonda,S2429,25,47,uttar pradesh,gonda,0.9341991126326183,0.416264424023161,0.9291157265381335
UP,Gonda,S2429,25,53,uttar pradesh,basti,0.04108176594945794,0.029035746344342823,0.04085822208719088
UP,Gonda,S2429,25,46,uttar pradesh,bahraich,0.024719121417923807,0.012006789587382,0.0245846138633944
UP,Gorakhpur,S2434,25,54,uttar pradesh,gorakhpur,0.8036861183195224,0.4067967418071147,0.8036285359749138
UP,Gorakhpur,S2434,25,52,uttar pradesh,mahrajganj,0.14664424164208878,0.09764186686501405,0.14663373490436543
UP,Gorakhpur,S2434,25,55,uttar pradesh,deoria,0.04966964003838886,0.01602250769761224,0.04966608131780867
UP,Hamirpur,S2456,25,41,uttar pradesh,hamirpur,0.9254822847356112,0.9374992234033562,0.9239857128628525
UP,Hamirpur,S2456,25,36,uttar pradesh,kanpur dehat,0.019548705587330142,0.02163624367224491,0.019517093914785597
UP,Hamirpur,S2456,25,38,uttar pradesh,jalaun,0.017564283657386912,0.027476882781973428,0.017535880938804017
UP,Hamirpur,S2456,25,42,uttar pradesh,banda,0.012134745186652753,0.010472729596963787,0.012115122424954373
UP,Hamirpur,S2456,13,7,madhya pradesh,tikamgarh,0.011516219087623939,0.014749399457475632,0.011497596527417948
UP,Hamirpur,S2456,25,43,uttar pradesh,fatehpur,0.007306475172831116,0.012544069846385855,0.007294660073381867
UP,Hamirpur,S2456,25,39,uttar pradesh,jhansi,0.006447286572563906,0.00872464130420713,0.006436860843299006
UP,Hapur,S2475,25,16,uttar pradesh,ghaziabad,0.683578509139383,0.35226666382684524,0.6807203879168123
UP,Hapur,S2475,25,15,uttar pradesh,meerut,0.17520873747182078,0.06704331808263875,0.17447616936990887
UP,Hapur,S2475,25,10,uttar pradesh,moradabad,0.14121275338879624,0.030500327875350706,0.1406223264488588
UP,Hardoi,S2415,25,30,uttar pradesh,hardoi,0.9762746984237132,0.5281947111831241,0.9718219853392587
UP,Hardoi,S2415,25,34,uttar pradesh,farrukhabad,0.012374412856577803,0.00887550355420066,0.012317974120504966
UP,Hardoi,S2415,25,29,uttar pradesh,sitapur,0.011350888719709011,0.005991800534123167,0.011299118197740102
UP,Hathras,S2471,25,18,uttar pradesh,aligarh,0.8651636875355624,0.44590993683392066,0.8651636875355624
UP,Hathras,S2471,25,24,uttar pradesh,budaun,0.04971434998784047,0.025145175505789295,0.04971434998784047
UP,Hathras,S2471,25,17,uttar pradesh,bulandshahr,0.044865875537674536,0.028090162933578917,0.044865875537674536
UP,Hathras,S2471,25,21,uttar pradesh,firozabad,0.0402560869389226,0.017105836145538313,0.0402560869389226
UP,Jalaun,S2458,25,38,uttar pradesh,jalaun,0.6866685923438662,0.9572888996442007,0.686668846508626
UP,Jalaun,S2458,25,39,uttar pradesh,jhansi,0.225952939249761,0.27248802567378483,0.22595302288439228
UP,Jalaun,S2458,25,36,uttar pradesh,kanpur dehat,0.025299433860073342,0.02495361564186734,0.025299443224451736
UP,Jalaun,S2458,25,41,uttar pradesh,hamirpur,0.02527680298293743,0.022818325481180377,0.02527681233893919
UP,Jalaun,S2458,25,35,uttar pradesh,etawah,0.01797837942280086,0.02470902301703752,0.017978386077350868
UP,Jalaun,S2458,13,2,madhya pradesh,bhind,0.01222437701089619,0.017945121280906733,0.012224381535649297
UP,Jalaun,S2458,13,3,madhya pradesh,gwalior,0.006599475129664891,0.007841487903718298,0.006599477572406601
UP,Jalesar,S2466,25,21,uttar pradesh,firozabad,0.32083902610594084,0.12908248118307708,0.32083902610594073
UP,Jalesar,S2466,25,20,uttar pradesh,agra,0.30100084979787656,0.15160011372071888,0.3010008497978765
UP,Jalesar,S2466,25,21,uttar pradesh,firozabad,0.20025188827565857,0.0805669151722304,0.2002518882756585
UP,Jalesar,S2466,25,19,uttar pradesh,mathura,0.1022010688525519,0.06571304075574536,0.10220106885255188
UP,Jalesar,S2466,25,18,uttar pradesh,aligarh,0.07570716696797204,0.03694479211676444,0.07570716696797203
UP,Jaunpur,S2444,25,58,uttar pradesh,jaunpur,0.8940149259407283,0.44777252093736986,0.8940149259407301
UP,Jaunpur,S2444,25,61,uttar pradesh,varanasi,0.07365807179668388,0.030910840722269732,0.07365807179668402
UP,Jaunpur,S2444,25,57,uttar pradesh,azamgarh,0.02618870901099144,0.013205269161308299,0.026188709010991497
UP,Jaunpur,S2444,25,50,uttar pradesh,sultanpur,0.0061382932515964,0.0027872207575423895,0.0061382932515964125
UP,Jhansi,S2457,25,40,uttar pradesh,lalitpur,0.5329892301853191,0.8844454211584556,0.5302853676333165
UP,Jhansi,S2457,25,39,uttar pradesh,jhansi,0.35334142409597674,0.5734229679357127,0.3515489176238437
UP,Jhansi,S2457,13,7,madhya pradesh,tikamgarh,0.06212071499434165,0.09541371104661012,0.061805575652936144
UP,Jhansi,S2457,13,5,madhya pradesh,shivpuri,0.025266822602308656,0.020118460136954803,0.0251386436231223
UP,Jhansi,S2457,13,4,madhya pradesh,datia,0.016028576869927185,0.06764545618092216,0.015947263653250325
UP,Jhansi,S2457,13,3,madhya pradesh,gwalior,0.010253231252126677,0.01639460414678736,0.010201216452484273
UP,Kairana,S2479,25,14,uttar pradesh,muzaffarnagar,0.9355756681413581,0.49668526608811336,0.9343384272269457
UP,Kairana,S2479,25,12,uttar pradesh,saharanpur,0.04827771536918175,0.0341006295199531,0.04821387107871643
UP,Kairana,S2479,25,13,uttar pradesh,hardwar,0.016146616489460204,0.017224299696471768,0.016125263588534753
UP,Kaiserganj,S2426,25,46,uttar pradesh,bahraich,0.5519312833204995,0.2972027429722185,0.5519312086262015
UP,Kaiserganj,S2426,25,48,uttar pradesh,bara banki,0.3192298369706611,0.1291209344101872,0.3192297937684559
UP,Kaiserganj,S2426,25,29,uttar pradesh,sitapur,0.09101047212875817,0.05259352764831565,0.09101045981207395
UP,Kaiserganj,S2426,25,47,uttar pradesh,gonda,0.030129165438836675,0.014883013680000117,0.030129161361378252
UP,Kaiserganj,S2426,25,28,uttar pradesh,kheri,0.007699242141244694,0.0033297396689060646,0.007699241099286203
UP,Kannauj,S2463,25,34,uttar pradesh,farrukhabad,0.5823471722896186,0.4837414424155546,0.5815168447535735
UP,Kannauj,S2463,25,35,uttar pradesh,etawah,0.39540443384993246,0.31694138429290303,0.39484065470765706
UP,Kannauj,S2463,25,36,uttar pradesh,kanpur dehat,0.014063907017324332,0.008090233348792965,0.01404385428964481
UP,Kannauj,S2463,25,30,uttar pradesh,hardoi,0.008184486843124556,0.005128335067407934,0.008172817163734636
UP,Kanpur,S2461,25,36,uttar pradesh,kanpur nagar,0.8259297033129791,0.07038558007295374,0.8259297033129791
UP,Kanpur,S2461,25,31,uttar pradesh,unnao,0.08970868111532847,0.011110016309325621,0.08970868111532847
UP,Kanpur,S2461,25,36,uttar pradesh,kanpur dehat,0.08436161557169239,0.007189281635092135,0.08436161557169239
UP,Khalilabad,S2432,25,53,uttar pradesh,basti,0.9169724234705638,0.4767529429934732,0.9169724234705654
UP,Khalilabad,S2432,25,54,uttar pradesh,gorakhpur,0.056699478071251246,0.03781275804041977,0.05669947807125134
UP,Khalilabad,S2432,25,48,uttar pradesh,faizabad,0.026328098458184852,0.007066298211861397,0.026328098458184894
UP,Kheri,S2411,25,28,uttar pradesh,kheri,0.9779838319419708,0.7071571325463631,0.9383999325116252
UP,Kheri,S2411,25,46,uttar pradesh,bahraich,0.015127687245972668,0.013619535292628385,0.014515394045409987
UP,Kheri,S2411,25,29,uttar pradesh,sitapur,0.006888480812056527,0.006655586567913023,0.006609669524194162
UP,Khurja,S2473,25,17,uttar pradesh,bulandshahr,0.6999376780833196,0.49943838521405515,0.6966538402674252
UP,Khurja,S2473,25,16,uttar pradesh,ghaziabad,0.220686772369745,0.2462552724699632,0.21965139509078502
UP,Khurja,S2473,25,24,uttar pradesh,budaun,0.0579412154805832,0.033399882697530865,0.05766937762922612
UP,Khurja,S2473,31,1,nct of delhi,north west,0.01609308065834599,0.03064505931521654,0.016017578126485108
UP,Khurja,S2473,8,9,haryana,faridabad,0.005341253408006016,0.007889942843489539,0.005316194305639193
UP,Lalganj,S2442,25,57,uttar pradesh,azamgarh,0.6661617017273663,0.3789391594733972,0.6661617017273662
UP,Lalganj,S2442,25,56,uttar pradesh,mau,0.23651641627131387,0.26157434716377054,0.2365164162713138
UP,Lalganj,S2442,25,60,uttar pradesh,ghazipur,0.0831670524180306,0.05516424447439699,0.08316705241803057
UP,Lalganj,S2442,25,58,uttar pradesh,jaunpur,0.014154829583289293,0.007997863216423092,0.01415482958328929
UP,Lucknow,S2416,25,32,uttar pradesh,lucknow,0.9577689475979352,0.34890229253898036,0.9576134546941155
UP,Lucknow,S2416,25,48,uttar pradesh,bara banki,0.042231052402064845,0.00469217155144613,0.042224196229722
UP,Machhlishahr,S2443,25,58,uttar pradesh,jaunpur,0.6747192526028063,0.3873713294378053,0.6747192516385045
UP,Machhlishahr,S2443,25,44,uttar pradesh,pratapgarh,0.2902022217165476,0.1761835412030114,0.2902022213017936
UP,Machhlishahr,S2443,25,50,uttar pradesh,sultanpur,0.014165088797632687,0.0073728388134310955,0.014165088777388089
UP,Machhlishahr,S2443,25,45,uttar pradesh,allahabad,0.010976055094501207,0.0034150473203852037,0.010976055078814342
UP,Machhlishahr,S2443,25,61,uttar pradesh,varanasi,0.009937381788512192,0.004780288961894076,0.009937381774309789
UP,Maharajganj,S2435,25,52,uttar pradesh,mahrajganj,0.8580885880833335,0.8680746738122473,0.8515297818712535
UP,Maharajganj,S2435,25,54,uttar pradesh,gorakhpur,0.12966006004244232,0.09971284700154114,0.1286690024534298
UP,Maharajganj,S2435,25,53,uttar pradesh,basti,0.012251351874224077,0.007345252412671303,0.012157708579236875
UP,Mainpuri,S2465,25,23,uttar pradesh,mainpuri,0.6750019447347971,0.8246285837611442,0.6750019447347976
UP,Mainpuri,S2465,25,21,uttar pradesh,firozabad,0.2658725644031192,0.13981726869110367,0.26587256440311935
UP,Mainpuri,S2465,25,34,uttar pradesh,farrukhabad,0.028031673435617768,0.02047132197668481,0.028031673435617785
UP,Mainpuri,S2465,25,21,uttar pradesh,firozabad,0.0231308376525435,0.012164062698144382,0.023130837652543514
UP,Mainpuri,S2465,25,35,uttar pradesh,etawah,0.007962979773922468,0.005611494838870737,0.007962979773922471
UP,Mathura,S2470,25,19,uttar pradesh,mathura,0.8742224946923671,0.8185428616054031,0.871003336615597
UP,Mathura,S2470,25,18,uttar pradesh,aligarh,0.09058417195211313,0.06437123973142984,0.09025061296622842
UP,Mathura,S2470,8,9,haryana,faridabad,0.03519333335551974,0.06289227871112829,0.03506374059851827
UP,Meerut,S2476,25,15,uttar pradesh,meerut,0.8230885043531178,0.47964727657065176,0.8230885043531181
UP,Meerut,S2476,25,16,uttar pradesh,ghaziabad,0.08212235452643153,0.06444960279488084,0.08212235452643156
UP,Meerut,S2476,25,9,uttar pradesh,bijnor,0.035230924831020326,0.01723256014749604,0.03523092483102034
UP,Meerut,S2476,25,10,uttar pradesh,moradabad,0.03138093517676119,0.010322197764199802,0.031380935176761195
UP,Meerut,S2476,25,14,uttar pradesh,muzaffarnagar,0.02817728111266925,0.012875991168251402,0.02817728111266926
UP,Mirzapur,S2450,25,62,uttar pradesh,mirzapur,0.6608037961969784,0.43948914397828587,0.6587818953305161
UP,Mirzapur,S2450,25,61,uttar pradesh,varanasi,0.3211089326885292,0.21498288070183602,0.3201264164969331
UP,Mirzapur,S2450,25,45,uttar pradesh,allahabad,0.018087271114492504,0.007832363095116148,0.01803192841012428
UP,Misrikh,S2414,25,29,uttar pradesh,sitapur,0.7826104012884557,0.48909833486538923,0.7788941669650129
UP,Misrikh,S2414,25,30,uttar pradesh,hardoi,0.18244922830938304,0.11686571819489541,0.1815828660895445
UP,Misrikh,S2414,25,28,uttar pradesh,kheri,0.024744268108779346,0.011573015874077329,0.02462676967238887
UP,Misrikh,S2414,25,32,uttar pradesh,lucknow,0.010196102293381975,0.01462305438894998,0.010147685986563642
UP,Mohanlalganj,S2417,25,32,uttar pradesh,lucknow,0.5002669408999479,0.6165194425730872,0.500266940899948
UP,Mohanlalganj,S2417,25,31,uttar pradesh,unnao,0.4588526894395627,0.3369528888307202,0.4588526894395628
UP,Mohanlalganj,S2417,25,33,uttar pradesh,rae bareli,0.018183467354955705,0.012388589671280373,0.01818346735495571
UP,Mohanlalganj,S2417,25,30,uttar pradesh,hardoi,0.0165093708331558,0.009086919602479085,0.0165093708331558
UP,Mohanlalganj,S2417,25,48,uttar pradesh,bara banki,0.006187531472377774,0.002325740741761186,0.0061875314723777745
UP,Moradabad,S2403,25,10,uttar pradesh,moradabad,0.9695721033752569,0.28347095773156844,0.969572103375255
UP,Moradabad,S2403,25,11,uttar pradesh,rampur,0.03042789662474309,0.02294882370820164,0.03042789662474303
UP,Muzaffarnagar,S2478,25,14,uttar pradesh,muzaffarnagar,0.7339167173667785,0.39305530085103574,0.7339167173667792
UP,Muzaffarnagar,S2478,25,15,uttar pradesh,meerut,0.1379182688008327,0.09419384730879807,0.13791826880083283
UP,Muzaffarnagar,S2478,25,13,uttar pradesh,hardwar,0.06957217941393033,0.07486867898017073,0.0695721794139304
UP,Muzaffarnagar,S2478,25,9,uttar pradesh,bijnor,0.05859283441845836,0.033588882772632875,0.05859283441845842
UP,Padrauna,S2436,25,55,uttar pradesh,deoria,0.9199133371319308,0.421463304147874,0.9199133953398901
UP,Padrauna,S2436,25,54,uttar pradesh,gorakhpur,0.022205390711127558,0.015963304350058494,0.022205392116184344
UP,Padrauna,S2436,5,11,bihar,gopalganj,0.021831148381227246,0.02786852323587138,0.021831149762603672
UP,Padrauna,S2436,25,52,uttar pradesh,mahrajganj,0.021323512683976052,0.02016523024278859,0.021323514033231582
UP,Padrauna,S2436,5,12,bihar,pashchim champaran,0.014726611091738409,0.007532704333007651,0.014726612023571816
UP,Phulpur,S2451,25,45,uttar pradesh,allahabad,0.9261572549663168,0.2842235897055548,0.9217529262801066
UP,Phulpur,S2451,25,44,uttar pradesh,pratapgarh,0.049694945502025675,0.029757864380847092,0.04945862184007673
UP,Phulpur,S2451,25,61,uttar pradesh,varanasi,0.024147799531657577,0.011457363077356553,0.02403296498750665
UP,Pilibhit,S2409,25,26,uttar pradesh,pilibhit,0.6736396565692712,0.9544917614804677,0.6557209488809145
UP,Pilibhit,S2409,25,27,uttar pradesh,shahjahanpur,0.24048709549330471,0.25578493997845864,0.23409017701479273
UP,Pilibhit,S2409,25,28,uttar pradesh,kheri,0.04957711424499295,0.029401598845082387,0.04825837089381831
UP,Pilibhit,S2409,25,8,uttar pradesh,nainital,0.0261479396753941,0.01817846188313988,0.02545240864017811
UP,Pilibhit,S2409,25,25,uttar pradesh,bareilly,0.010148194017037199,0.01160812297415346,0.009878253670766448
UP,Pratapgarh,S2420,25,44,uttar pradesh,pratapgarh,0.9601999862786373,0.7433974010544653,0.9568119619502777
UP,Pratapgarh,S2420,25,58,uttar pradesh,jaunpur,0.01990180347427501,0.01457107340316547,0.019831580817211248
UP,Pratapgarh,S2420,25,45,uttar pradesh,allahabad,0.012959862931057995,0.005142160132708266,0.0129141346124472
UP,Pratapgarh,S2420,25,50,uttar pradesh,sultanpur,0.006938347316029714,0.004605387892626793,0.0069138656561242365
UP,Rae Bareli,S2419,25,33,uttar pradesh,rae bareli,0.9922300777291618,0.5819499830600967,0.9856983002137292
UP,Rae Bareli,S2419,25,31,uttar pradesh,unnao,0.007769922270838214,0.004911800074472647,0.0077187734448507265
UP,Rampur,S2404,25,11,uttar pradesh,rampur,0.7495379161429278,0.914947578334748,0.74485560124794
UP,Rampur,S2404,25,10,uttar pradesh,moradabad,0.1918620562776762,0.09078867160936285,0.19066350641843113
UP,Rampur,S2404,25,8,uttar pradesh,nainital,0.058600027579395954,0.025745472952582504,0.058233956996344385
UP,Robertsganj,S2449,25,63,uttar pradesh,sonbhadra,0.7050984154020832,0.9180985846719556,0.70378025456946
UP,Robertsganj,S2449,25,62,uttar pradesh,mirzapur,0.2595847059844189,0.49138803661961616,0.25909941998078845
UP,Robertsganj,S2449,25,61,uttar pradesh,varanasi,0.014103838773935866,0.026875631676550205,0.014077472060502208
UP,Robertsganj,S2449,5,35,bihar,palamu,0.011846734019648796,0.008385662737517483,0.011824586897434233
UP,Robertsganj,S2449,5,4,bihar,rohtas,0.009366305819913172,0.012346630454405524,0.009348795785556991
UP,Saharanpur,S2480,25,12,uttar pradesh,saharanpur,0.8240066725184156,0.9545321684353336,0.8231623595486824
UP,Saharanpur,S2480,8,2,haryana,yamunanagar,0.08242720044082075,0.16724806632388803,0.0823427419567914
UP,Saharanpur,S2480,25,13,uttar pradesh,hardwar,0.046522877489616164,0.08138994702688149,0.046475208131874515
UP,Saharanpur,S2480,9,11,himachal pradesh,sirmaur,0.025847408449035922,0.03179657131848685,0.0258209240734655
UP,Saharanpur,S2480,25,4,uttar pradesh,dehra dun,0.02119584110211159,0.027988224938234385,0.021174122924160165
UP,Saidpur,S2445,25,60,uttar pradesh,ghazipur,0.7352448982556291,0.455798090163012,0.7352448982556287
UP,Saidpur,S2445,25,58,uttar pradesh,jaunpur,0.22174451285499172,0.11709984647877837,0.22174451285499158
UP,Saidpur,S2445,25,61,uttar pradesh,varanasi,0.03689179831423676,0.016323416893546962,0.03689179831423674
UP,Saidpur,S2445,25,57,uttar pradesh,azamgarh,0.00611879057514237,0.003253040962822547,0.006118790575142367
UP,Salempur,S2438,25,59,uttar pradesh,ballia,0.47714208031914856,0.41058200015772983,0.47714208031914906
UP,Salempur,S2438,25,55,uttar pradesh,deoria,0.46859668869615445,0.19646176097011453,0.46859668869615495
UP,Salempur,S2438,25,56,uttar pradesh,mau,0.027429380005236113,0.0300929986543968,0.02742938000523614
UP,Salempur,S2438,5,10,bihar,siwan,0.015325573507131443,0.019857929586157883,0.01532557350713146
UP,Salempur,S2438,5,11,bihar,gopalganj,0.011506277472329424,0.01344120429877783,0.011506277472329436
UP,Sambhal,S2405,25,10,uttar pradesh,moradabad,0.6732917607661121,0.35067007721306054,0.6732917607661116
UP,Sambhal,S2405,25,24,uttar pradesh,budaun,0.30334293183356303,0.19472869487379543,0.30334293183356287
UP,Sambhal,S2405,25,25,uttar pradesh,bareilly,0.013874058716322073,0.011038574758984468,0.013874058716322064
UP,Sambhal,S2405,25,11,uttar pradesh,rampur,0.009491248684002883,0.012752014555133426,0.009491248684002878
UP,Shahabad,S2412,25,30,uttar pradesh,hardoi,0.4923136223378552,0.31829049819652533,0.4920622805016977
UP,Shahabad,S2412,25,28,uttar pradesh,kheri,0.47375642109928506,0.22364735431336494,0.473514553307358
UP,Shahabad,S2412,25,27,uttar pradesh,shahjahanpur,0.03392995656285979,0.02872668082505548,0.03391263423579771
UP,Shahjahanpur,S2410,25,27,uttar pradesh,shahjahanpur,0.9324024706516569,0.6569226739917129,0.9294590775170659
UP,Shahjahanpur,S2410,25,26,uttar pradesh,pilibhit,0.03000792957382052,0.028164899973909648,0.029913201024003248
UP,Shahjahanpur,S2410,25,30,uttar pradesh,hardoi,0.014134414990780976,0.007604459482158721,0.01408979569669411
UP,Shahjahanpur,S2410,25,25,uttar pradesh,bareilly,0.012611026953288628,0.009555454204221795,0.01257121666607595
UP,Shahjahanpur,S2410,25,24,uttar pradesh,budaun,0.010844157830452904,0.006629538688803862,0.010809925167291609
UP,Sitapur,S2413,25,29,uttar pradesh,sitapur,0.9523232670665635,0.43923660357089567,0.9523232670665638
UP,Sitapur,S2413,25,28,uttar pradesh,kheri,0.04767673293343654,0.016456670914229945,0.04767673293343656
UP,Sultanpur,S2422,25,50,uttar pradesh,sultanpur,0.9421258451053202,0.5810598909560033,0.9421258451053215
UP,Sultanpur,S2422,25,57,uttar pradesh,azamgarh,0.01750405386464867,0.011988367678126007,0.017504053864648695
UP,Sultanpur,S2422,25,44,uttar pradesh,pratapgarh,0.01599861131256557,0.01150915480416717,0.015998611312565594
UP,Sultanpur,S2422,25,58,uttar pradesh,jaunpur,0.014643958124264781,0.00996229487214389,0.014643958124264802
UP,Sultanpur,S2422,25,48,uttar pradesh,faizabad,0.009727531593200804,0.0031258068284339105,0.009727531593200816
UP,Unnao,S2418,25,31,uttar pradesh,unnao,0.9574471578843748,0.6389025975805769,0.9574444488831403
UP,Unnao,S2418,25,30,uttar pradesh,hardoi,0.018335787809643633,0.0091708517773304,0.01833573593036089
UP,Unnao,S2418,25,33,uttar pradesh,rae bareli,0.012096920791490148,0.007489346800960707,0.012096886564459352
UP,Unnao,S2418,25,36,uttar pradesh,kanpur dehat,0.006164256817839545,0.002830485588591052,0.00616423937668972
UP,Unnao,S2418,25,36,uttar pradesh,kanpur nagar,0.005955876696651844,0.0027348022081933217,0.005955859845092788
UP,Varanasi,S2448,25,61,uttar pradesh,varanasi,0.8605973180672286,0.164028945314703,0.8605973180672282
UP,Varanasi,S2448,25,62,uttar pradesh,mirzapur,0.11562541722761875,0.021892630572579085,0.1156254172276187
UP,Varanasi,S2448,25,58,uttar pradesh,jaunpur,0.023777264705152623,0.005408845718756926,0.02377726470515261
WB,Alipurduars,S2502,26,2,west bengal,jalpaiguri,0.8714136163188189,0.5636094815270498,0.8667976739566339
WB,Alipurduars,S2502,26,1,west bengal,koch bihar,0.053494440182233816,0.07045119914179036,0.05321107617695047
WB,Alipurduars,S2502,4,2,assam,kokrajhar,0.04883129609216335,0.031108674386127286,0.04857263310594057
WB,Alipurduars,S2502,4,2,assam,dhubri,0.026260647406783993,0.01672972037860052,0.026121542815630776
WB,Arambagh,S2528,26,12,west bengal,hugli,0.6687734110215549,0.3783586271295119,0.6669846872360082
WB,Arambagh,S2528,26,13,west bengal,purba medinipur,0.2294828981469227,0.03050030320390071,0.22886911549419348
WB,Arambagh,S2528,26,11,west bengal,haora,0.1017436908315225,0.11108888149104165,0.10147156374509773
WB,Asansol,S2538,26,16,west bengal,barddhaman,0.8704276854805845,0.1349205422212823,0.8697183296038133
WB,Asansol,S2538,26,14,west bengal,bankura,0.0881597026415598,0.01211890566489058,0.08808785680737237
WB,Asansol,S2538,26,15,west bengal,puruliya,0.023107590378467865,0.0035739391423270255,0.02308875882553543
WB,Asansol,S2538,26,17,west bengal,birbhum,0.01830502149938789,0.003966240789730207,0.018290103804567737
WB,Balurghat,S2506,26,4,west bengal,uttar dinajpur,0.7186429971504364,0.43667201908765396,0.593864447778767
WB,Balurghat,S2506,26,5,west bengal,maldah,0.2813570028495635,0.20124805640970123,0.23250476493680744
WB,Bankura,S2535,26,14,west bengal,bankura,0.508512525561086,0.23658920657223176,0.5080050233321565
WB,Bankura,S2535,26,15,west bengal,puruliya,0.491487474438914,0.25727935111115674,0.4909969634362726
WB,Barasat,S2513,26,8,west bengal,north twenty four parganas,1.0,0.28336598999360463,0.6720101419556572
WB,Barrackpore,S2519,26,8,west bengal,north twenty four parganas,1.0,0.12537909708983383,1.0000000000000002
WB,Basirhat,S2514,26,8,west bengal,north twenty four parganas,0.8306278077660437,0.18593430038794687,0.42118040564755593
WB,Basirhat,S2514,26,9,west bengal,south twenty four parganas,0.1693721922339563,0.028642904020282432,0.08588232655293698
WB,Berhampore,S2510,26,6,west bengal,murshidabad,0.6184412153722387,0.2514854654186691,0.6158625176952843
WB,Berhampore,S2510,26,7,west bengal,nadia,0.23610478009361566,0.13226819324184586,0.23512030035194972
WB,Berhampore,S2510,26,16,west bengal,barddhaman,0.14545400453414564,0.045678921618048346,0.14484750888949469
WB,Birbhum,S2542,26,17,west bengal,birbhum,0.8045664908259014,0.4567030881799679,0.804566490825901
WB,Birbhum,S2542,26,6,west bengal,murshidabad,0.19543350917409869,0.10276184455148478,0.19543350917409863
WB,Bolpur,S2541,26,16,west bengal,barddhaman,0.5107146421982083,0.214850740811754,0.5107146421982083
WB,Bolpur,S2541,26,17,west bengal,birbhum,0.4305903371130864,0.25321316245746195,0.4305903371130864
WB,Bolpur,S2541,26,6,west bengal,murshidabad,0.0586950206887054,0.03197305326755052,0.0586950206887054
WB,Burdwan,S2539,26,16,west bengal,barddhaman,0.8275691354574674,0.29067494638279945,0.8275691354574669
WB,Burdwan,S2539,26,12,west bengal,hugli,0.16725164552110033,0.11486853020786701,0.16725164552110022
WB,Burdwan,S2539,26,14,west bengal,bankura,0.005179219021432362,0.0016133013582046837,0.005179219021432358
WB,Calcutta North East,S2522,26,8,west bengal,north twenty four parganas,0.5489663657507027,0.004846713427077713,0.548966365750708
WB,Calcutta North East,S2522,26,9,west bengal,south twenty four parganas,0.43702624415453917,0.0029149493588613872,0.43702624415454333
WB,Calcutta North East,S2522,26,10,west bengal,kolkata,0.014007390094758125,0.0017030428100653628,0.014007390094758258
WB,Calcutta North West,S2521,26,10,west bengal,kolkata,0.3915358814021636,0.020200472765487924,0.3915358814021547
WB,Calcutta North West,S2521,26,8,west bengal,north twenty four parganas,0.35736627317328234,0.0013388650109379075,0.3573662731732742
WB,Calcutta North West,S2521,26,9,west bengal,south twenty four parganas,0.25109784542455404,0.0007107029310144071,0.2510978454245483
WB,Calcutta South,S2523,26,9,west bengal,south twenty four parganas,0.903807469951296,0.04027321918683965,0.9038074699512968
WB,Calcutta South,S2523,26,10,west bengal,kolkata,0.09619253004870408,0.07813158096368969,0.09619253004870416
WB,Contai,S2531,26,13,west bengal,purba medinipur,1.0,0.11083790913330098,0.8624696476312437
WB,Cooch Behar,S2501,26,1,west bengal,koch bihar,0.9934975505534385,0.7050743004237804,0.8441177938591697
WB,Cooch Behar,S2501,4,2,assam,dhubri,0.0065024494465615555,0.002232279546122716,0.0055247577394173806
WB,Darjeeling,S2504,26,3,west bengal,darjiling,0.76637011100629,0.8929397172913736,0.7173370131459146
WB,Darjeeling,S2504,26,4,west bengal,uttar dinajpur,0.15845848296617693,0.13077440206105548,0.14832015660075398
WB,Darjeeling,S2504,26,2,west bengal,jalpaiguri,0.07517140602753301,0.04693951276496404,0.07036186706572478
WB,Diamond Harbour,S2517,26,9,west bengal,south twenty four parganas,0.9340285733918268,0.1235426875993741,0.9338768991817235
WB,Diamond Harbour,S2517,26,10,west bengal,kolkata,0.06597142660817326,0.1590587640926399,0.06596071369819895
WB,Dum Dum,S2520,26,8,west bengal,north twenty four parganas,0.8316177917554637,0.0639817664936519,0.8316177917554657
WB,Dum Dum,S2520,26,9,west bengal,south twenty four parganas,0.16838220824453626,0.009787021591112858,0.16838220824453665
WB,Durgapur,S2537,26,14,west bengal,bankura,0.5977183396209923,0.2332839475547537,0.597718339620992
WB,Durgapur,S2537,26,16,west bengal,barddhaman,0.38088179016674784,0.16762182994000144,0.3808817901667476
WB,Durgapur,S2537,26,17,west bengal,birbhum,0.021399870212259888,0.013164821010875884,0.021399870212259878
WB,Hooghly,S2527,26,12,west bengal,hugli,0.7650862104547316,0.23183828476843327,0.7650862104547327
WB,Hooghly,S2527,26,8,west bengal,north twenty four parganas,0.21170351772550722,0.058496961487395575,0.21170351772550752
WB,Hooghly,S2527,26,7,west bengal,nadia,0.02321027181976122,0.00641635138384917,0.023210271819761253
WB,Howrah,S2524,26,10,west bengal,kolkata,0.604078924065758,0.4152554428766389,0.604078924065752
WB,Howrah,S2524,26,8,west bengal,north twenty four parganas,0.2728382803528,0.013619470300100365,0.27283828035279734
WB,Howrah,S2524,26,11,west bengal,haora,0.08763044757784856,0.009258016563875352,0.0876304475778477
WB,Howrah,S2524,26,9,west bengal,south twenty four parganas,0.03545234800359351,0.0013369704496013707,0.03545234800359316
WB,Jadavpur,S2518,26,9,west bengal,south twenty four parganas,0.8808824797326259,0.11833057650543663,0.8808824797326251
WB,Jadavpur,S2518,26,10,west bengal,kolkata,0.11911752026737404,0.2916751952891222,0.11911752026737393
WB,Jalpaiguri,S2503,26,2,west bengal,jalpaiguri,0.7793828636884841,0.3894510057079861,0.6856881130942674
WB,Jalpaiguri,S2503,26,1,west bengal,koch bihar,0.2206171363115159,0.22447450043442932,0.19409529637049844
WB,Jangipur,S2508,26,6,west bengal,murshidabad,0.9854063791899599,0.33566833429524867,0.9373126511003518
WB,Jangipur,S2508,26,5,west bengal,maldah,0.014593620810040142,0.006690592145623287,0.01388136478460435
WB,Jhargram,S2533,26,13,west bengal,purba medinipur,0.9643152975391939,0.3467668619504979,0.9599984351098815
WB,Jhargram,S2533,19,5,odisha,baleshwar,0.015213629419155782,0.012392336257919386,0.01514552395051847
WB,Jhargram,S2533,26,14,west bengal,bankura,0.01057871318480211,0.007344170388154714,0.010531356423362693
WB,Jhargram,S2533,26,12,west bengal,hugli,0.009892359856848255,0.015142209498343925,0.009848075630815295
WB,Joynagar,S2515,26,9,west bengal,south twenty four parganas,0.816479410860508,0.3513154563969889,0.3696652985455825
WB,Joynagar,S2515,26,8,west bengal,north twenty four parganas,0.18352058913949204,0.10452373571659743,0.08308990094681258
WB,Katwa,S2540,26,16,west bengal,barddhaman,0.4360410193400119,0.11565544402952216,0.43604101934001205
WB,Katwa,S2540,26,7,west bengal,nadia,0.2840904926704192,0.13441753142063728,0.28409049267041936
WB,Katwa,S2540,26,12,west bengal,hugli,0.27986848798956887,0.1451510174651955,0.279868487989569
WB,Krishnagar,S2511,26,7,west bengal,nadia,1.0,0.3957656652321658,0.6757901221528323
WB,Malda,S2507,26,5,west bengal,maldah,1.0,0.3891083435073215,0.6606790930174259
WB,Mathurapur,S2516,26,9,west bengal,south twenty four parganas,1.0,0.24275686729163495,0.5396404161008995
WB,Midnapore,S2532,26,13,west bengal,purba medinipur,1.0,0.18765167062082863,0.9999999999999992
WB,Murshidabad,S2509,26,6,west bengal,murshidabad,0.8440126428687813,0.23881688984520485,0.5650206096732541
WB,Murshidabad,S2509,26,7,west bengal,nadia,0.15598735713121875,0.060805331745103185,0.10442506089485601
WB,Nabadwip,S2512,26,7,west bengal,nadia,0.6962952121494768,0.27032692697639876,0.6249782448770934
WB,Nabadwip,S2512,26,8,west bengal,north twenty four parganas,0.30370478785052324,0.11785414398516608,0.2725982915861884
WB,Panskura,S2529,26,13,west bengal,purba medinipur,0.928235624245914,0.1364182614522786,0.9282356242459137
WB,Panskura,S2529,26,11,west bengal,haora,0.05851515418688348,0.07064670446259087,0.05851515418688346
WB,Panskura,S2529,26,12,west bengal,hugli,0.013249221567202532,0.00828849067996568,0.013249221567202527
WB,Purulia,S2534,26,15,west bengal,puruliya,0.8588933955929745,0.552620365025018,0.8574185730859769
WB,Purulia,S2534,26,14,west bengal,bankura,0.0982734602989303,0.05619849249217868,0.09810471303433022
WB,Purulia,S2534,5,32,bihar,dhanbad,0.025038639348446825,0.03154006396437345,0.024995645015220884
WB,Purulia,S2534,26,13,west bengal,purba medinipur,0.017794504759648368,0.005270877873228491,0.01776394947041799
WB,Raiganj,S2505,26,4,west bengal,uttar dinajpur,0.5586101034626488,0.28179661477830875,0.4957621971541422
WB,Raiganj,S2505,26,5,west bengal,maldah,0.4413898965373512,0.26210854073022094,0.39173015946645573
WB,Serampore,S2526,26,11,west bengal,haora,0.5396171221416286,0.2240579370251377,0.5396171221416296
WB,Serampore,S2526,26,12,west bengal,hugli,0.20769337529302428,0.044684694433173404,0.20769337529302467
WB,Serampore,S2526,26,8,west bengal,north twenty four parganas,0.20724765390032426,0.04065895610768776,0.20724765390032465
WB,Serampore,S2526,26,9,west bengal,south twenty four parganas,0.03286613807184928,0.004871213537394831,0.03286613807184934
WB,Serampore,S2526,26,10,west bengal,kolkata,0.012575710593173466,0.03397550120235605,0.012575710593173488
WB,Tamluk,S2530,26,13,west bengal,purba medinipur,0.7115372470887924,0.05703537802616576,0.5913816481585602
WB,Tamluk,S2530,26,11,west bengal,haora,0.16609482913987,0.10937349063722361,0.13804679123859454
WB,Tamluk,S2530,26,9,west bengal,south twenty four parganas,0.12236792377133757,0.028763215360395073,0.10170394415431654
WB,Uluberia,S2525,26,11,west bengal,haora,0.7677653766784263,0.47557496982013076,0.7664242599426073
WB,Uluberia,S2525,26,9,west bengal,south twenty four parganas,0.2114542555804447,0.04675421577106338,0.21108489164501182
WB,Uluberia,S2525,26,12,west bengal,hugli,0.020780367741129076,0.006669683588128642,0.020744069023056286
WB,Vishnupur,S2536,26,14,west bengal,bankura,0.8241640057016661,0.45285197596958593,0.8241640057016661
WB,Vishnupur,S2536,26,13,west bengal,purba medinipur,0.09758033894823445,0.02777241053524726,0.09758033894823445
WB,Vishnupur,S2536,26,12,west bengal,hugli,0.045397138656542366,0.05499846222938069,0.045397138656542366
WB,Vishnupur,S2536,26,16,west bengal,barddhaman,0.032858516693556994,0.020358354469932113,0.032858516693556994
