pc91_state_id,pc91_district_id,state_clean,Turnout_1996,EVM_Exposure_1996,Turnout_1998,EVM_Exposure_1998,Turnout_1999,EVM_Exposure_1999,EVM_Exposure,Lit_Pct,SC_Pct,ST_Pct,Urban_Pct,Agency_IHS,Agency_Centered,Delta_PreTrend,Delta_DiD
2,1,andhra pradesh,63.46106041348736,0.0,66.02737096916943,0.0,67.9478447917809,0.0,0.0,30.122291640694055,9.331289171911877,5.782937837850663,10.680125117173327,1.7212732073144863,0.22354669057984267,2.5663105556820653,4.486784378293535
2,2,andhra pradesh,60.36963459472905,0.0,65.22217232134167,0.0,66.82451446465801,0.0,0.0,28.755933818351608,10.44290342847056,8.995630659785556,14.794781466557087,2.180887358958984,0.6831608422243405,4.852537726612624,6.454879869928959
2,3,andhra pradesh,61.695372415912566,0.0,66.37541601018762,0.0,68.36871359321518,0.0,0.0,38.43667838234694,7.823520562937321,14.266403728716734,34.26407114915781,2.360107510094294,0.8623809933596505,4.680043594275055,6.673341177302611
2,4,andhra pradesh,63.78593975128189,0.004864339196629961,67.31579511738562,0.005118090662252002,69.53441831413534,0.0053250494787088955,0.0053250494787088955,40.835396190865026,18.19095707560684,3.873393509095181,20.33756210869294,2.0116289864439967,0.513902469709353,3.5298553661037317,5.74847856285345
2,5,andhra pradesh,66.89413343999362,0.0,68.84881686246473,0.0,70.32769047109242,0.0,0.0,45.14271466087853,17.765549351333558,2.4202402544911985,18.0537019173593,1.6803876637900732,0.18266114705542957,1.9546834224711063,3.4335570310988004
2,6,andhra pradesh,64.73504942937946,0.0,64.74937318420459,0.0,67.1675353027892,0.0,0.0,45.02958095161366,16.579012894066857,2.480971701074366,30.712038094177274,2.0896754187684636,0.59194890203382,0.014323754825127821,2.432485873409746
2,7,andhra pradesh,57.48899107480231,0.0,57.71441738759903,0.0,63.850432271295496,0.0,0.0,39.453722779090036,13.961702936864606,4.421427908796667,24.813787390744434,1.8455287443259019,0.34780222759125823,0.22542631279672065,6.361441196493189
2,8,andhra pradesh,60.12765544971237,0.0,59.26628878209981,0.0,65.44924419378367,0.0,0.0,33.92503386892996,20.029240719840704,3.582749280036069,14.19798591313462,1.7871936353486673,0.28946711861402363,-0.8613666676125646,5.321588744071299
2,9,andhra pradesh,57.96148389269609,0.0,60.127745158169766,0.0,64.27824710763632,0.0,0.0,40.58129133120982,21.85460610468762,8.948107647162097,20.384364575756816,2.521858213820905,1.0241316970862613,2.166261265473679,6.316763214940231
2,10,andhra pradesh,62.46491801946663,0.0,61.65290093229011,0.0,68.17073119581501,0.0,0.0,42.41987462692428,18.384134218897266,3.2171337476437323,17.166330407634305,2.1177516081614174,0.6200250914267738,-0.8120170871765211,5.705813176348379
2,11,andhra pradesh,60.577589838889864,0.0,62.23672857719823,0.0,66.07971635769499,0.0,0.0,40.821133016634406,14.90182642059222,2.0907773234399096,20.44926092560574,2.13112748096016,0.6334009642255163,1.6591387383083642,5.502126518805127
2,12,andhra pradesh,52.07857093454853,0.0,51.68798389233121,0.0,61.65712966340479,0.0,0.0,35.03197737053735,14.190841550417204,3.4928862050358473,19.880338487110112,2.292681381520617,0.7949548647859732,-0.39058704221731944,9.578558728856258
2,13,andhra pradesh,59.04864600671209,0.0,60.72965114162319,0.0,62.991006310901135,0.0,0.0,32.52493084482332,17.42696998073342,1.8989083169190697,21.48142766422336,2.3267859593154077,0.829059442580764,1.6810051349110964,3.9423603041890445
2,14,andhra pradesh,60.59387947203032,0.0,62.54249402664585,0.0,65.80648925084908,0.0,0.0,23.894444354170393,17.6266229018053,7.39035764774703,9.243821192375815,2.9951409909904245,1.497414474255781,1.9486145546155242,5.212609778818759
2,15,andhra pradesh,56.98957968651474,0.8242171486022821,63.920165965577866,0.827114701853356,61.83449253587254,0.8305170016450149,0.8305170016450149,40.25853009013443,17.217549136626427,4.2866558567002855,100.0,2.19958037588199,0.7018538591473464,6.930586279063128,4.844912849357804
2,16,andhra pradesh,47.618017559309,1.0,51.35424547245046,1.0,51.87544764925934,1.0,1.0,60.08520826373302,8.860279871923773,0.9201068425039393,4.951558183423137,1.6658425601548768,0.16811604342023312,3.7362279131414553,4.25743008995034
2,17,andhra pradesh,57.030064168986996,0.03803992057492952,61.95726289621748,0.03882462737531526,65.55674758474233,0.03952536780103143,0.03952536780103143,26.516389109172618,17.87479073046083,4.18724116662261,11.919992950920786,2.8896444711240266,1.391917954389383,4.927198727230483,8.526683415755329
2,18,andhra pradesh,59.094999165163756,0.0,63.530640117918104,0.0,67.83631852490363,0.0,0.0,28.37546158919373,15.12174553203284,5.927802879667862,16.74474080728596,3.783957401329277,2.2862308845946333,4.435640952754348,8.741319359739876
2,19,andhra pradesh,56.25986822940499,0.0,64.30991770965636,0.0,67.04476567488287,0.0,0.0,26.79917135258505,18.519817489733317,17.07435118793323,18.89805866346446,1.8820499186406758,0.3843234019060322,8.050049480251374,10.784897445477881
2,20,andhra pradesh,52.02210957900638,0.0,59.438768961329146,0.0,65.6213219048037,0.0,0.0,31.295222430654825,18.5555752355731,2.753164952859042,16.98427581230004,3.0018952491610627,1.504168732426419,7.416659382322763,13.59921232579731
2,21,andhra pradesh,56.99390548359868,0.0,61.14379324985414,0.0,70.12707419471367,0.0,0.0,32.595592784529195,17.193433308547654,13.66945600163472,16.37571873740613,2.578525724136961,1.0807992074023174,4.1498877662554605,13.13316871111499
2,22,andhra pradesh,65.71652552225343,0.0,67.31971921432951,0.0,71.85284765796594,0.0,0.0,33.47129648809983,16.253837763092395,25.225910717033823,17.103008427170394,2.110930379051228,0.6132038623165843,1.6031936920760756,6.136322135712504
2,23,andhra pradesh,60.55170216113278,0.0,66.37734469484407,0.0,70.4085934284399,0.0,0.0,31.356246572691205,17.678461985097254,9.664414752399292,9.999992987603486,1.872828158455171,0.3751016417205273,5.825642533711289,9.85689126730712
3,2,arunachal pradesh,52.15534498865608,0.0,59.57490084409641,0.0,70.87499630865545,0.0,0.0,37.17917734061579,0.49784909855478754,50.73227318865098,11.274107013388758,1.7587164929694798,0.2609899762348362,7.419555855440329,18.71965131999937
3,4,arunachal pradesh,52.15534498865608,0.0,59.57490084409641,0.0,70.87499630865545,0.0,0.0,36.44857107008078,0.4555588800200755,67.10806976227934,30.599658330839986,0.6291701171421606,-0.868556399592483,7.419555855440329,18.71965131999937
3,6,arunachal pradesh,52.230236589486786,0.0,59.22528452597318,0.0,71.79319501632129,0.0,0.0,47.708071697682385,0.5308825208357119,59.32754880694143,30.88252083571184,0.28332547445542017,-1.2144010422792235,6.995047936486394,19.562958426834506
3,7,arunachal pradesh,53.016278602945256,0.0,55.52368663059287,0.0,81.27691831274242,0.0,0.0,35.291992412914105,0.44860150738135146,68.57481207912247,12.149373262547295,0.5821438545852863,-0.9155826621493574,2.507408027647614,28.260639709797168
3,8,arunachal pradesh,53.04654083299498,0.0,55.37999382861707,0.0,81.63652802893309,0.0,0.0,39.705610926541155,0.9689922480620154,33.13953488372093,26.647286821705425,3.2507387313543403,1.7530122146196967,2.333452995622089,28.589987195938107
3,9,arunachal pradesh,59.27752875533485,0.0,57.72927644740451,0.0,79.92052396832929,0.0,0.0,38.47009279346617,1.1877199059303958,37.31154175705978,17.34909667657193,0.5333568035850063,-0.9643697131496374,-1.5482523079303405,20.642995212994443
3,11,arunachal pradesh,68.0214032290957,0.0,35.96614832613712,0.0,64.32857015659972,0.0,0.0,25.176591663937874,0.39996257660101975,80.42522337091268,7.096412031622772,0.29077378304610985,-1.2069527336885337,-32.05525490295857,-3.692833072495972
4,2,assam,82.8014099950369,0.0,69.04198483834631,0.0,75.33690429761172,0.0,0.0,32.42379090224428,3.7611517512449124,41.14872873470479,5.4496358624583,0.8490337259531382,-0.6486927907815054,-13.759425156690597,-7.4645056974251816
4,3,assam,80.8862944695042,0.0,61.40265087266421,0.0,73.90457528101689,0.0,0.0,38.6085597561927,10.741985058010732,17.527921805323192,7.907019366631044,1.2817475555363493,-0.2159789611982943,-19.483643596839983,-6.981719188487304
4,4,assam,83.83228817085786,0.0,66.02468024609914,0.0,74.82834868458235,0.0,0.0,36.20461250828902,5.500461789708302,17.229022248234795,6.39335501823957,1.5073127488662155,0.009586232131571837,-17.807607924758727,-9.003939486275513
4,5,assam,80.85318117922886,0.0,59.58386801738135,0.0,73.68004948170946,0.0,0.0,34.054987554658105,6.544683793054423,7.9710809080733425,5.975207464462757,1.129297268371538,-0.36842924836310553,-21.269313161847506,-7.173131697519395
4,6,assam,79.14780204530821,0.0,58.02482071589507,0.0,71.6915902398425,0.0,0.0,45.569318863821955,8.775568433376952,17.674416316571396,1.95417113509578,1.252828892312565,-0.24489762442207863,-21.122981329413143,-7.456211805465713
4,7,assam,75.22390707689739,0.0,45.816868327596325,0.0,64.63140744191843,0.0,0.0,53.74684198710946,7.536882440673357,10.71661956000562,28.476039100611928,1.7129542405217184,0.21522772378707478,-29.407038749301066,-10.592499634978964
4,8,assam,79.26083993041894,0.0,57.15119539476067,0.0,68.19596298527782,0.0,0.0,33.51669925935051,4.954344579092435,17.319572548234603,4.172120166915603,1.9378523561735195,0.44012583943887584,-22.10964453565827,-11.064876945141123
4,9,assam,79.10926087788927,0.0,66.39578805663429,0.0,71.6115729855111,0.0,0.0,38.878470420638536,5.687056049798952,10.706971277558527,6.347597078397822,1.1273380759125649,-0.3703884408220788,-12.713472821254982,-7.497687892378167
4,10,assam,79.50995790163124,0.0,65.0036930382612,0.0,73.88795507775797,0.0,0.0,47.122952641124556,8.007802884033229,23.573119437085253,5.488232468460461,0.8763636240232316,-0.621362892711412,-14.506264863370035,-5.622002823873274
4,11,assam,78.95245356563235,0.0,64.46502399463807,0.0,74.40115522622371,0.0,0.0,41.68911722323163,6.365933629889523,43.922060021301924,1.5631852640811978,2.2767825829060238,0.7790560661713801,-14.48742957099428,-4.551298339408646
4,12,assam,74.16243718979936,0.0,59.37492921513036,0.0,71.37458705721555,0.0,0.0,37.471274789661116,13.778095991445749,15.39561844791631,4.228038306533559,1.4475319644190743,-0.05019455231556935,-14.787507974669005,-2.787850132583813
4,13,assam,73.59070573367052,0.0,61.167923762349375,0.0,71.75227166419175,0.0,0.0,43.41821208966332,10.019855575645305,3.689471262764959,9.29937126651528,0.7557358056219052,-0.7419907111127384,-12.422781971321143,-1.8384340694787653
4,14,assam,74.08663130263429,0.0,61.6132654869886,0.0,70.684376992671,0.0,0.0,47.46973780817683,5.58655035165005,10.254366643480948,5.130806090115156,1.310231182619384,-0.18749533411525965,-12.473365815645685,-3.4022543099632827
4,15,assam,73.17430087815924,0.0,48.395825677544735,0.0,68.75286386149278,0.0,0.0,54.788419730809935,7.611403043597037,12.087497101718766,13.312810058700238,2.1880200346690897,0.690293517934446,-24.77847520061451,-4.421437016666459
4,16,assam,68.9147817093265,0.0,32.225743860532766,0.0,63.000169944780716,0.0,0.0,53.58547461791685,3.5576657272217647,3.7991900729418946,6.22742936817099,1.6235437784593962,0.1258172617247526,-36.68903784879374,-5.914611764545789
4,17,assam,70.06736931482487,0.0,42.62585102115534,0.0,60.5437130525373,0.0,0.0,48.0010206656006,4.021940473324079,7.954284924941748,15.28676962215228,2.0485236349039178,0.5507971181692741,-27.44151829366953,-9.523656262287574
4,18,assam,73.12409728357888,0.0,50.09128129935356,0.0,65.34156887808666,0.0,0.0,40.59771907349478,2.620219795339955,5.367505188425043,14.231659660164675,2.942690234362098,1.4449637176274543,-23.032815984225316,-7.782528405492215
4,19,assam,73.29001807478792,0.0,64.9981330631504,0.0,71.78278925077302,0.0,0.0,35.88045080674732,4.223634912323852,51.56271926581694,8.662140894461185,2.1786334039577904,0.6809068872231467,-8.291885011637518,-1.507228824014902
4,20,assam,72.68879739610679,0.0,70.44203726347988,0.0,70.7935790492379,0.0,0.0,46.57727733900969,2.5981260071219685,65.53935318731308,19.234620460076524,0.653318404518113,-0.8444081122165307,-2.2467601326269175,-1.8952183468688872
4,21,assam,74.3291148001573,0.0,80.34614916885533,0.0,69.19179700451792,0.0,0.0,44.057707816695945,14.58196050361339,0.17290097610460148,6.439775446368657,0.48495367026411634,-1.0127728464705272,6.0170343686980345,-5.137317795639376
4,22,assam,74.2784166723528,0.0,80.5239871311715,0.0,70.38139458557136,0.0,0.0,42.32465126222586,12.04926867506369,0.1592257397872833,6.5380538383424485,0.8419991913388212,-0.6557273253958225,6.24557045881869,-3.8970220867814476
4,23,assam,79.28909721928527,0.0,79.03763327543747,0.0,66.54348505530928,0.0,0.0,48.29350370458744,14.696906741485208,1.3627780497537818,8.540174512603002,2.1590044334879557,0.661277916753312,-0.2514639438477957,-12.745612163975991
5,1,bihar,57.01094398473986,0.0,46.78874778444572,0.0,54.34905427807538,0.0,0.0,45.52481875711505,15.479860074495381,0.14841588840451814,31.613910852628553,0.008770218131374635,-1.488956298603269,-10.222196200294142,-2.661889706664482
5,2,bihar,69.1340825950726,0.0,61.68367484064986,0.0,67.15828453116079,0.0,0.0,37.590484460671824,19.40185035498087,0.0168168589010483,11.932562393799785,0.9907776735417704,-0.5069488431928733,-7.450407754422741,-1.9757980639118102
5,3,bihar,48.512042826376394,0.0,53.95156995828068,0.0,48.852378208942184,0.0,0.0,37.47494746475113,14.358188156213256,0.2528079843163231,9.170139217975544,1.131776477276121,-0.36595003945852267,5.439527131904285,0.3403353825657902
5,4,bihar,46.45687022380404,0.0,55.96825984706012,0.0,53.29169437325329,0.0,0.0,35.743177904529446,18.81128078367696,1.6229269982779928,8.157659311507453,0.5476081481559791,-0.9501183685786645,9.511389623256079,6.834824149449254
5,5,bihar,42.19315911162999,0.0,55.711182134365664,0.0,60.98685223428619,0.0,0.0,35.868721054969264,23.264726738130427,0.03272752774696946,6.1362166458439935,0.35708204609297367,-1.14064447064167,13.518023022735676,18.7936931226562
5,6,bihar,55.3083318286876,0.0,68.0642294050663,0.0,62.18355700903126,0.0,0.0,36.88484126308622,18.391607796408206,0.020257043152608734,5.183079411013703,1.016211387510014,-0.4815151292246296,12.7558975763787,6.875225180343662
5,7,bihar,50.72642153522291,0.0,60.963068530148036,0.0,60.53595568115311,0.0,0.0,32.01651304055122,29.58166138359946,0.05508849997542032,10.93409156324126,0.9035778105641596,-0.594148706170484,10.236646994925124,9.8095341459302
5,8,bihar,60.06496697058754,0.0,71.70467045072009,0.0,69.5737131661948,0.0,0.0,30.95542085204465,24.417037951186078,0.09163826566859896,5.613983734575574,0.4706758617367141,-1.0270506549979295,11.639703480132546,9.508746195607266
5,9,bihar,55.581853472276265,0.0,60.39184965947029,0.0,60.976225667546494,0.0,0.0,32.84250169064664,11.710390286749217,0.12557423687708416,7.376932584007649,1.7525351670634994,0.2548086503288558,4.809996187194024,5.394372195270229
5,10,bihar,52.29333642741607,0.0,57.26748216381282,0.0,64.22440487284914,0.0,0.0,30.66701489794198,11.140959506138037,0.5826885757571151,4.296510639709144,0.028078309842861585,-1.469648206891782,4.97414573639675,11.931068445433063
5,11,bihar,54.931131515928136,0.0,48.62191779327339,0.0,53.868547930371754,0.0,0.0,27.59497978654118,12.226766257312343,1.1246193474191903,4.532274058123228,0.051501749124509826,-1.4462247676101339,-6.3092137226547464,-1.062583585556382
5,12,bihar,37.73859115357381,0.0,41.53842089238227,0.0,46.1378732142958,0.0,0.0,22.219760668407563,14.36576613791348,1.3328385467329087,8.18176208591975,0.7439691866227566,-0.7537573301118871,3.7998297388084623,8.399282060721994
5,13,bihar,42.696376407757555,0.0,48.61179684154151,0.0,56.27137670020404,0.0,0.0,21.832260345750544,13.069537547883527,0.04199718638568205,4.6320136204959415,0.2912914388259328,-1.206435077908711,5.915420433783957,13.575000292446482
5,14,bihar,53.465709442375065,0.0,52.15869341698555,0.0,57.44003024718589,0.0,0.0,22.46247640074514,12.119364665198965,0.01647505012554908,4.55200617187157,0.7178659338660927,-0.779860582868551,-1.3070160253895153,3.974320804810823
5,15,bihar,61.75816585360211,0.0,65.45229138984428,0.0,59.59708910396386,0.0,0.0,28.843025651146974,15.720286008037501,0.03913466352822012,7.7910479795714345,0.5639467801520199,-0.9337797365826237,3.6941255362421686,-2.161076749638248
5,16,bihar,64.26875233584477,0.0,78.6059354118707,0.0,62.96724842847238,0.0,0.0,31.968183629107227,19.845531239734118,0.06560845081579542,5.384179882715575,0.48068829880073943,-1.0170382179339041,14.337183076025937,-1.3015039073723855
5,17,bihar,51.92832494695906,0.0,59.344576624372294,0.0,48.61898116528025,0.0,0.0,29.242830921553274,14.498562630147132,0.04970318601830642,7.950581147063572,0.008273786068056994,-1.4894527306665866,7.416251677413236,-3.3093437816788054
5,18,bihar,49.15413011423032,0.0,55.06993474293018,0.0,61.58645249405511,0.0,0.0,28.721214282743496,18.03451617616802,0.01994899388243123,4.063816168917186,0.7951035738981304,-0.7026229428365133,5.91580462869986,12.43232237982479
5,19,bihar,41.084250761053696,0.0,61.845578940018186,0.0,60.71178921383689,0.0,0.0,27.784922015851315,14.55786414672641,0.010314784112365036,7.201153025596993,0.7771763036534255,-0.7205502130812181,20.76132817896449,19.62753845278319
5,20,bihar,42.22496790979264,0.0,61.66536782273773,0.0,60.60875991569395,0.0,0.0,26.599386163394094,12.771325384248156,0.021080329827713323,2.951634590667311,1.1033557750712348,-0.3943707416634088,19.44039991294509,18.383792005901313
5,21,bihar,52.59221660661281,0.0,55.019076480294295,0.0,57.58275861382708,0.0,0.0,22.966693519129755,15.479179106467459,0.297302822255817,5.675175153741798,0.4241853019055113,-1.0735412148291323,2.4268598736814866,4.990542007214273
5,22,bihar,60.38015232209331,0.0,54.75252895539754,0.0,57.04815048960976,0.0,0.0,21.92143030603563,16.340495845312837,0.7065430591336038,5.291643245427976,3.8624038831965586,2.364677366461915,-5.627623366695772,-3.3320018324835488
5,23,bihar,52.139304612370864,0.0,50.15309958467667,0.0,55.57519779327937,0.0,0.0,22.3852444401866,12.479635528518243,4.372007866367554,6.874822035409299,1.0480793080007123,-0.4496472087339314,-1.9862050276941972,3.435893180908508
5,24,bihar,60.91558623151426,0.0,60.09355352422424,0.0,55.7760655624625,0.0,0.0,22.383394142589488,8.767818207715655,5.57648270497102,7.72299466412473,0.6853150624648723,-0.8124114542697713,-0.8220327072900204,-5.1395206690517625
5,25,bihar,56.95435135111189,0.0,61.91275447567326,0.0,54.98116024025252,0.0,0.0,25.503759520353476,14.487650763198332,0.003545283911400316,4.835969842802111,0.5798338953946607,-0.917892621339983,4.9584031245613716,-1.9731911108593678
5,26,bihar,59.164152356857066,0.0,53.45996551627829,0.0,52.07142898202197,0.0,0.0,33.111211110228766,16.46982199830263,2.3091299521213373,13.537625648401141,1.140562745176825,-0.35716377155781864,-5.704186840578778,-7.092723374835096
5,27,bihar,50.8561575693785,0.0,63.72948583921001,0.0,47.40045091885817,0.0,0.0,30.823916906663634,10.412365951167084,3.457798681080953,9.923805711277323,0.1931683909009904,-1.3045581258336532,12.873328269831504,-3.4557066505203338
5,31,bihar,46.6502419148188,0.0,54.219020468482306,0.0,51.83359340979282,0.0,0.0,29.713335898224546,12.399034200573778,12.762119914737013,11.132842431731206,0.6022649010385747,-0.895461615696069,7.568778553663506,5.183351494974019
5,32,bihar,47.325613822597276,0.0,52.75136310044844,0.0,46.12650157479908,0.0,0.0,45.141590435537196,15.538999293739634,8.422855916528924,42.746362048730845,0.915873769629072,-0.5818527471055717,5.4257492778511605,-1.1991122477981975
5,33,bihar,42.03348272855811,0.0,55.08295527016392,0.0,40.95495137552125,0.0,0.0,28.184301813541346,13.314071571076802,12.218667433542427,12.610762621996155,0.9767571928631933,-0.5209693238714503,13.049472541605809,-1.0785313530368654
5,34,bihar,41.848670334463876,0.0,48.534867660167755,0.0,41.92545786988476,0.0,0.0,29.77840328829095,18.890405775328254,8.812453754891783,14.771672251247036,1.0529196013998794,-0.44480691533476424,6.68619732570388,0.07678753542088401
5,35,bihar,40.707094899050084,0.0,43.54575525853768,0.0,39.19311259142228,0.0,0.0,23.945951172307666,25.07189362232482,18.083698903920585,4.385867931140413,0.4475333596890282,-1.0501931570456153,2.838660359487598,-1.5139823076278063
5,36,bihar,41.3115658312758,0.0,44.5917341664152,0.0,26.825028968713788,0.0,0.0,32.16182161821618,3.779691643070277,56.41117949641035,9.212976745152067,1.204744789956931,-0.2929817267777126,3.2801683351394004,-14.486536862562012
5,37,bihar,45.424016606607964,0.0,47.41510196436142,0.0,35.090003421886315,0.0,0.0,31.9449451288415,5.311982224933621,70.79765957004305,3.7736486720694367,1.4752865304782292,-0.022439986256414413,1.9910853577534553,-10.334013184721648
5,38,bihar,50.33696835657396,0.0,54.467769565601095,0.0,44.2703098862061,0.0,0.0,41.903563066383384,5.566229819769038,43.55921822833109,27.655904479035687,1.2317669949469772,-0.26595952178766646,4.130801209027133,-6.066658470367862
5,39,bihar,48.89067976889637,0.0,52.24699836054123,0.0,45.00910697408102,0.0,0.0,49.733120573707076,4.785479775436926,28.924150449324525,45.224067130869486,0.5481769147591514,-0.9495496019754922,3.3563185916448575,-3.881572794815348
5,41,bihar,47.08680728775701,0.0,51.450275977149296,0.0,53.96563088202259,0.0,0.0,20.484066521141845,13.659891365182503,1.291791332793096,5.121807750872094,0.9463193611733933,-0.5514071555612503,4.363468689392285,6.878823594265576
5,42,bihar,49.60876801508222,0.0,47.52925889729985,0.0,56.1963441040081,0.0,0.0,17.499519869282505,6.6209263830051,3.5392492889492706,8.1511461660165,1.991999504979951,0.4942729882453074,-2.079509117782372,6.5875760889258785
6,1,goa,53.31769263294663,0.8378417668075365,57.87241448175104,0.8378105979622527,42.46990939711438,0.841323748220039,0.841323748220039,68.82539816246593,2.490959741517801,0.0225630411369366,29.473649376357542,2.1859378523731223,0.6882113356384787,4.554721848804412,-10.847783235832253
6,2,goa,51.03609214523054,0.9734772249957819,58.561519935353324,0.9734715129167192,41.473680620212235,0.9738812531746148,0.9738812531746148,63.77208216416596,1.5453801964003175,0.04475345007515015,44.07224711825406,2.3527764498368766,0.855049933102233,7.525427790122784,-9.562411525018305
7,1,gujarat,28.791221721026123,0.0,49.29258483030664,0.0,30.767175575239815,0.0,0.0,49.70452007536657,7.931141665355554,0.4575461863263147,34.10919198392385,0.7790664923003111,-0.7186600244343325,20.501363109280515,1.9759538542136923
7,2,gujarat,26.252460494379005,0.0,50.519645933036905,0.0,34.59370166742444,0.0,0.0,56.46826208115596,7.311459030230037,0.18674511419891318,39.89957527916307,0.9797767411527163,-0.5179497755819273,24.2671854386579,8.341241173045436
7,3,gujarat,30.751995969902207,0.0,56.66492199738874,0.0,41.43809532632246,0.0,0.0,45.27873918826807,11.294661469535235,0.7842848539795777,25.30681494815001,0.6262417900165108,-0.8714847267181328,25.91292602748653,10.686099356420254
7,4,gujarat,36.12896543502655,0.0,55.144494286874654,0.0,36.48904273886845,0.0,0.0,47.32843344709004,6.0424707224089085,0.14598438237611613,29.30302710353199,0.8158290922198672,-0.6818974245147764,19.015528851848103,0.36007730384189784
7,5,gujarat,37.235697074299864,0.0,56.76533506434562,0.0,39.47143710696125,0.0,0.0,49.981358610046875,9.120629352485132,0.16262317488018815,17.983073458253266,1.083467917047209,-0.4142585996874346,19.529637990045757,2.2357400326613828
7,6,gujarat,27.284101027219887,0.0,53.96030991772211,0.0,36.64542087438266,0.0,0.0,50.84746116577218,8.911756391503634,0.46161381526010514,27.548093645596673,1.2183806186372195,-0.27934589809742416,26.67620889050222,9.361319847162772
7,7,gujarat,33.70426213162245,0.0,55.843917648677156,0.0,40.61592057453971,0.0,0.0,43.30676978424674,11.899736001463754,6.948317910316537,25.566274087985253,0.9855986956202781,-0.5121278211143655,22.139655517054706,6.911658442917258
7,8,gujarat,33.9075938189704,0.0,63.98031647937219,0.0,47.15663750019956,0.0,0.0,31.459073383711477,10.63466843739278,6.90869878450627,8.347074648868157,1.6434683695975794,0.14574185286293573,30.072722660401794,13.24904368122916
7,9,gujarat,27.79403066171829,0.018988399950663395,60.62207841984121,0.019242659046185703,52.50954199839269,0.019108535213834894,0.019108535213834894,49.48588541388666,8.652672271541539,18.409038513735272,8.904448732202743,1.880123480930505,0.38239696419586133,32.82804775812292,24.715511336674403
7,10,gujarat,26.561443727743356,0.5220696638289676,56.16551827595298,0.5221820423393679,40.99084069239788,0.5193189804453345,0.5193189804453345,54.501890864283254,8.974542261072022,0.3712629475697884,18.653759092657456,1.7817075641407871,0.2839810474061435,29.60407454820962,14.429396964654526
7,12,gujarat,23.718256073054977,0.3985898729675583,53.3667348286606,0.3989413187897463,39.55241693371742,0.3942370712040709,0.3942370712040709,61.697688289337435,11.534104208994437,0.886623632911909,63.439155885319956,1.281836828111614,-0.2158896886230297,29.64847875560562,15.83416086066244
7,13,gujarat,26.87574272914811,0.0,58.03571592395607,0.0,42.09785362568233,0.0,0.0,55.534821298051064,5.913864902088031,1.1922181919423918,19.483785768652766,1.446862470664875,-0.05086404606976869,31.159973194807957,15.222110896534222
7,14,gujarat,26.68919608718136,0.0,53.5560614803122,0.0,40.07873678008366,0.0,0.0,35.32601195485405,3.666112399440411,47.18656391300936,8.873597307046003,1.7935523363221766,0.29582581958753296,26.86686539313084,13.389540692902298
7,15,gujarat,28.020740689256098,0.0,54.918646417027716,0.0,40.985924408106975,0.0,0.0,54.02228760264241,6.21036312026437,26.595492634992766,36.98110764789083,1.4975915317471804,-0.00013498498746322696,26.89790572777162,12.965183718850877
7,16,gujarat,37.85413355842705,0.0,58.96882102431562,0.0,48.61786502177201,0.0,0.0,51.83116719324513,4.272885143372711,45.5297530309253,18.013122960653753,1.5973293141264269,0.09960279739178324,21.114687465888572,10.76373146334496
7,17,gujarat,36.966739760800515,0.0,51.95519318145793,0.0,42.398238272228994,0.0,0.0,53.8943759380794,3.6629683039524417,36.054033373554255,42.168368698313664,1.4678725614618235,-0.029853955272820087,14.988453420657414,5.4314985114284795
7,18,gujarat,31.777129350242163,0.0,47.96525488161621,0.0,38.66789413689754,0.0,0.0,54.54364779966803,3.0286998222362893,54.350610395680675,20.979614219624672,1.3954491052360776,-0.10227741149856606,16.188125531374048,6.8907647866553745
7,19,gujarat,33.91761706548305,0.0,53.571136398042086,0.0,48.229623010506295,0.0,0.0,37.13694817858159,0.728012158982865,93.95867889042341,9.310088763350938,1.0422155472100676,-0.45551096952457604,19.653519332559036,14.312005945023245
8,1,haryana,68.39531771308015,0.3423275782417407,61.66753000814741,0.3757514562637583,56.33541825879017,0.3957499992174843,0.3957499992174843,55.42234693493828,22.990425095668463,0.0,30.090036691563448,2.2803641612332064,0.7826376444985628,-6.727787704932737,-12.059899454289976
8,2,haryana,71.03776591629074,0.05984814039928566,66.02618797365386,0.05956911350472336,60.88952520087595,0.05889960111703042,0.05889960111703042,49.91555944906799,24.961673236968903,0.0,28.278459142453887,0.9870613111192371,-0.5106652056154065,-5.011577942636876,-10.148240715414786
8,3,haryana,73.20436219064,0.172769109197313,67.32850696892551,0.17311330620124205,64.27514665757037,0.17621263945995716,0.17621263945995716,48.37283060957125,19.77091424004935,0.0,20.176090400549583,1.080800487011576,-0.4169260297230677,-5.875855221714488,-8.929215533069623
8,4,haryana,71.62060674333186,0.0904724721164198,66.79375598456467,0.09660351515442234,61.59692834376358,0.09835737148927882,0.09835737148927882,34.568845652961514,21.424305031969997,0.0,12.12448715814623,0.3098732986948655,-1.187853218039778,-4.826850758767193,-10.023678399568283
8,5,haryana,72.1334845463016,0.9808272279609257,67.35550374165588,0.9808724288864102,63.301172060866506,0.9812716691212648,0.9812716691212648,45.51076601072255,20.0230978429595,0.0,22.83694796889129,1.1757871250827858,-0.3219393916518578,-4.777980804645722,-8.832312485435097
8,6,haryana,70.52808507691309,0.6524566560228887,65.83933310795504,0.6503317347705801,60.45151242521023,0.648962524637787,0.648962524637787,44.200906777556355,17.888880757191654,0.0,22.26763975088212,0.4718409623320469,-1.0258855544025967,-4.688751968958044,-10.076572651702854
8,8,haryana,58.94700417644076,0.740802050410438,65.57885895615351,0.5478386576196382,50.65884499178954,0.7498046790438596,0.7498046790438596,50.9526674134665,18.404893050227635,0.0,17.788340854779868,0.6369674496187808,-0.8607590671158628,6.631854779712754,-8.288159184651214
8,9,haryana,54.327805853481934,0.0,57.45497231209511,0.0,47.904587942354155,0.0,0.0,47.64757250006769,16.057174189705126,0.0,39.66545720397498,0.9182149834261868,-0.5795115333084568,3.127166458613175,-6.423217911127779
8,10,haryana,57.01979890971152,0.00815395625037211,59.29998802392256,0.00810527708420444,50.70347154162336,0.008478449381996793,0.008478449381996793,40.99983421895313,13.587065588217332,0.0,16.772417523929185,0.5628215988676305,-0.9349049178670131,2.2801891142110406,-6.31632736808816
8,11,haryana,60.23754351806166,0.1082065679917214,61.12707113874449,0.10781388907189611,54.62076134364945,0.10758532986732873,0.10758532986732873,52.65995081028267,19.303193802031444,0.0,12.704937101015402,0.9684563918126792,-0.5292701249219645,0.8895276206828271,-5.616782174412215
8,12,haryana,59.78811687469019,0.0,61.77019289365157,0.0,54.45772576418949,0.0,0.0,46.50350727192467,15.45898112394023,0.0,10.170721942191243,0.46686807817143694,-1.0308584385632067,1.9820760189613793,-5.330391110500699
8,13,haryana,67.15156006703509,0.022582274453137985,68.68177125481907,0.022627080002597666,63.705812976516796,0.022439253469217053,0.022439253469217053,43.70405661751416,18.966270603780934,0.0,14.17587508488942,0.34715720719224297,-1.1505693095424006,1.5302111877839764,-3.445747090518296
8,14,haryana,69.416831909032,0.05744917279633891,65.36951922499784,0.05691186175704999,56.78330063018701,0.05707944715631376,0.05707944715631376,37.98229474698475,19.562684819084957,0.0,14.129834368873976,0.41118282063330275,-1.0865436961013408,-4.047312684034154,-12.633531278844991
8,15,haryana,71.97709740818621,0.0,66.7916313627365,0.0,57.74529399917089,0.0,0.0,38.80910793143789,23.206337951051538,0.0,17.460265830511634,0.6506183576455741,-0.8471081590890696,-5.185466045449715,-14.23180340901532
8,16,haryana,70.80730132023643,0.0,63.435412700772694,0.0,51.60860221438788,0.0,0.0,37.82339607940359,26.650072603637266,0.0,17.484306104017993,1.0153386659739252,-0.48238785076071844,-7.371888619463739,-19.198699105848554
9,1,himachal pradesh,56.19144320262202,0.0,58.153304731756975,0.0,45.353491632287444,0.0,0.0,36.33844072761298,19.748223938812977,28.353157752882126,6.452810422949202,1.3564647430539547,-0.14126177368068893,1.961861529134957,-10.837951570334575
9,2,himachal pradesh,55.04222372944692,0.0,66.51846448433467,0.0,56.93556806907575,0.0,0.0,59.784578799255925,21.165482185078936,0.13798131630768812,4.319241068690847,1.6484262661975173,0.15069974946287368,11.476240754887755,1.8933443396288325
9,3,himachal pradesh,47.147661191438736,0.0,62.229842778415026,0.0,56.20210027419955,0.0,0.0,63.329039955529645,23.690497173149666,0.060468836856162805,5.308241929579565,1.6277500067207487,0.13002348998610502,15.08218158697629,9.054439082760815
9,4,himachal pradesh,50.60345880796484,0.0,59.945748658282206,0.0,54.8843063394459,0.0,0.0,60.004124049287675,22.464965408214788,0.014539917360396965,7.245901726020372,0.9776288331981812,-0.5200976835364625,9.342289850317364,4.280847531481058
9,5,himachal pradesh,48.745688111121375,0.0,61.37940760028471,0.0,55.41766183508739,0.0,0.0,56.42157576332066,25.82408839928636,2.7025563074881425,4.91829362835873,1.367539798934754,-0.13018671779988966,12.633719489163333,6.671973723966012
9,6,himachal pradesh,50.365444193843025,0.0,58.86613708217552,0.0,54.19479448570358,0.0,0.0,52.38880330563184,28.980694821554614,1.2129494623711312,6.327636751454199,1.2673753652490556,-0.23035115148558805,8.500692888332495,3.829350291860557
9,7,himachal pradesh,56.34208654033274,0.0,50.44542503011507,0.0,51.22967729077058,0.0,0.0,44.93076129510104,28.92848640355518,3.608745106337954,6.03672891757486,1.8114540639970835,0.3137275472624399,-5.896661510217669,-5.112409249562155
9,9,himachal pradesh,47.94200112339071,0.0,66.02774815622905,0.0,47.83270922916525,0.0,0.0,54.671009582056485,27.12680837830659,0.7076403780992673,17.90950495947548,1.5203544763213028,0.022627959586659196,18.08574703283834,-0.10929189422545704
9,10,himachal pradesh,56.29545618679263,0.0,64.34302715384746,0.0,53.23531851213576,0.0,0.0,53.090763548086684,31.26785396632729,0.6406500151726015,10.611403517950757,1.799243203625218,0.3015166868905743,8.047570967054831,-3.0601376746568647
9,11,himachal pradesh,58.09212153335817,0.0,66.90752305955556,0.0,52.92512958660534,0.0,0.0,42.10958795875637,30.183436705777005,1.6099764284491498,8.59189612715469,1.013223530750655,-0.48450298598398867,8.815401526197391,-5.16699194675283
11,1,karnataka,53.43897172678008,0.8488900978657178,56.400453195523006,0.8443951850444785,54.468539261775305,0.843976297597509,0.843976297597509,65.33571308420755,14.708641702840286,1.1082703988831124,74.07962370344286,2.2944746832668237,0.7967481665321801,2.9614814687429245,1.0295675349952234
11,2,karnataka,57.36529103693262,0.4212695223205165,59.59241741438957,0.4155300894112475,58.761289344699485,0.41774591293454366,0.41774591293454366,42.34876529559632,19.51949385426914,2.9467593118311446,15.267267274446358,2.553775248379327,1.0560487316446832,2.2271263774569547,1.3959983077668667
11,3,karnataka,51.89113893526817,0.0,58.98168132378531,0.0,65.36921245432939,0.0,0.0,43.83975247278858,11.356019607066179,2.3182235993577422,19.92972999821967,1.9863891451121225,0.48866262837747887,7.090542388517143,13.478073519061219
11,4,karnataka,49.90504868288552,0.0,57.24865571394455,0.0,65.51200939294405,0.0,0.0,36.706678828332166,19.319377046196692,8.819306150176818,24.863657430431957,2.4322328871053776,0.9345063703707339,7.34360703105903,15.60696071005853
11,5,karnataka,38.267946595473326,0.0,47.112123202813585,0.0,60.9648379507605,0.0,0.0,35.918197034873444,20.706594531923127,8.298707276170212,15.827067729045593,2.1004229292160526,0.6026964124814089,8.844176607340259,22.69689135528717
11,6,karnataka,49.739458172800354,0.0,57.7622634922037,0.0,62.60847149995303,0.0,0.0,44.661149799008875,17.413379144054453,1.350243682526238,19.53329758639886,2.1326708939666337,0.63494437723199,8.022805319403346,12.869013327152679
11,7,karnataka,60.899256929018975,0.0,65.51457816285269,0.0,67.37928524016635,0.0,0.0,52.213985685399244,19.252459738342232,2.608320398551829,14.502847290282055,2.250009411034268,0.7522828942996242,4.615321233833711,6.480028311147379
11,8,karnataka,58.391173364281414,0.0,62.60540525518429,0.0,68.30024959028647,0.0,0.0,46.25582966397195,19.84312362212633,14.60166580827841,22.786103557854986,2.2911266510270454,0.7934001342924017,4.214231890902873,9.909076226005055
11,9,karnataka,64.48850832577958,0.0,67.64532512292831,0.0,68.55818747844413,0.0,0.0,65.17991555393236,6.515619850170584,3.940185520052972,24.735512184403607,3.9292143187678588,2.431487802033215,3.1568167971487355,4.069679152664548
11,10,karnataka,52.40408276984242,0.0,60.6745596775952,0.0,66.06341236797628,0.0,0.0,48.50009277364657,11.717996660148723,3.000128455818335,29.31964089462341,2.3827148463100714,0.8849883295754277,8.27047690775278,13.659329598133866
11,11,karnataka,40.852897646035,0.02969109617645617,51.14325705655005,0.028296181081805243,57.336804598200466,0.02934671041559786,0.02934671041559786,30.657482140014846,23.648374680355932,4.141285872458387,19.154788087069434,2.442080618565545,0.9443541018309012,10.290359410515052,16.48390695216547
11,12,karnataka,62.69556942841756,0.0,69.1737328926845,0.0,70.71448576496519,0.0,0.0,48.22295442904432,17.416180581569286,1.0563272607735061,14.88758246882812,1.4991653182493945,0.0014388015147508426,6.478163464266935,8.018916336547626
11,13,karnataka,67.82412064545169,0.12250597455171539,70.73595529360213,0.12381053725752153,71.85117703297719,0.1254159076853333,0.1254159076853333,58.404561320899575,12.080744387917004,8.252960866405298,13.693584874758166,1.7966753673436524,0.2989488506090088,2.911834648150446,4.027056387525505
11,14,karnataka,64.07857333535911,0.00810640503484349,66.89744850987546,0.008483538625409905,69.85443571899523,0.008716286937351584,0.008716286937351584,42.3465947099742,25.72975011378558,6.902420463992559,19.79070670656041,2.3983243330638504,0.9005978163292068,2.81887517451635,5.775862383636124
11,15,karnataka,65.3537367155879,0.0,70.75320603449342,0.0,70.3937024590895,0.0,0.0,41.0795840848858,13.781901197659414,0.7258689324934595,13.917515115174528,2.3112271256271852,0.8135006088925416,5.399469318905517,5.039965743501597
11,16,karnataka,60.36553706890226,0.6941688276514804,66.35331015480935,0.686737033511256,71.67399074676442,0.43006619350316483,0.43006619350316483,40.03604402881753,18.891551327670175,3.225953217327674,25.53612649280352,2.81700794368488,1.3192814269502362,5.987773085907087,11.308453677862154
11,17,karnataka,42.33845974337018,0.0,49.66103874967511,0.0,57.530920033588174,0.0,0.0,28.592437638724316,17.226946599552274,7.804364455923602,16.95056944344031,2.425515247071975,0.9277887303373316,7.322579006304927,15.192460290217994
11,18,karnataka,61.51531365930695,0.0,66.06255600557334,0.0,69.26271347523033,0.0,0.0,52.02708540721582,17.69532111163069,3.8805799766765134,22.723957054202756,1.4896829720479021,-0.00804354468674151,4.547242346266394,7.74739981592338
11,19,karnataka,60.27472697405831,0.0,62.03074689070917,0.0,69.20697305765874,0.0,0.0,46.2279996825423,17.717088808792017,7.269954840340893,14.19617064479042,2.525661775986889,1.0279352592522453,1.7560199166508568,8.932246083600432
11,20,karnataka,55.847523006858935,0.052077203817897426,62.48748886619608,0.052108954795528024,65.27301914980244,0.052873150568643563,0.052873150568643563,56.486158687492825,7.538557356628915,0.8332650418763213,20.654860439578453,2.0597630946553873,0.5620365779207437,6.639965859337146,9.425496142943501
12,1,kerala,71.84650315489931,0.0,75.78748375927854,0.0,77.00535741067922,0.0,0.0,69.79910555964118,7.649966215837865,2.732877402688547,14.103394468356745,3.1267997289696585,1.629073212235015,3.9409806043792344,5.158854255779914
12,2,kerala,72.56855728546118,0.0,76.75081282268974,0.0,78.5841941566581,0.0,0.0,79.38742129929605,4.051245999181961,0.810178143265147,44.41644124709612,1.9793281435097714,0.48160162677512774,4.182255537228556,6.015636871196918
12,3,kerala,69.36899881909834,0.09766857728658704,73.10385979725052,0.09806738977777789,75.55654976288659,0.09988091189476374,0.09988091189476374,70.61333555513235,4.141324271567321,17.105224004951438,2.9254844315368502,1.6207887866512,0.12306226991655644,3.7348609781521844,6.187550943788253
12,4,kerala,74.17023715952159,0.009372124805820118,75.35587861627523,0.009545452123491208,75.46814563300215,0.009793259503396769,0.009793259503396769,79.05265805604019,7.046723571255995,0.20637869326064975,33.32395653184557,1.857821486609633,0.36009496987498935,1.1856414567536433,1.297908473480561
12,5,kerala,67.69885016644002,0.0,68.23433255299776,0.0,64.74532077727466,0.0,0.0,71.93303039404715,8.259164882296139,0.340887437708513,7.550616374869604,1.0104376136371696,-0.4872889030974741,0.5354823865577316,-2.953529389165368
12,6,kerala,67.29558865495729,0.015914185167724467,66.39744565068105,0.017627990422067752,67.16876169550738,0.017833623637327954,0.017833623637327954,69.63129162320259,15.890455811454371,1.4887280222144332,13.627328957890384,1.9362845267713358,0.43855801003669215,-0.8981430042762355,-0.1268269594499003
12,7,kerala,69.04222611430137,0.0,70.22774300802487,0.0,69.82247505203839,0.0,0.0,79.11384566824887,12.220898538748429,0.1479919526864138,23.180120928897008,1.8999220562509564,0.4021955395163128,1.185516893723502,0.7802489377370136
12,8,kerala,70.32942035812337,0.4932359734411551,68.05270571384739,0.49757144870664716,66.38640719781921,0.5013143286319097,0.5013143286319097,82.03029494156684,8.580005366962512,0.17538466780915762,43.215761831809616,2.0985062260547784,0.6007797093201348,-2.276714644275984,-3.9430131603041616
12,9,kerala,70.00914729242311,0.0,65.41523337165096,0.0,66.84950327475254,0.0,0.0,75.77569462352027,14.555880623264253,4.6628870588628155,4.126649017778132,1.9069079692559396,0.409181452521296,-4.593913920772152,-3.1596440176705727
12,10,kerala,71.33443550116706,0.042238022019559444,69.20024963614583,0.0434771410125122,68.77445389781094,0.04413514462697569,0.04413514462697569,85.07557140051995,7.431939794483422,0.9843179703665377,15.544358577038086,2.8414576637059907,1.343731146971347,-2.1341858650212373,-2.559981603356121
12,11,kerala,75.13065033795851,0.0,74.9365403359145,0.0,74.64171953902657,0.0,0.0,83.37141849184772,9.511961971140561,0.13996483140009303,26.971138062488976,2.7775706000386515,1.279844083304008,-0.19411000204401319,-0.48893079893194624
12,12,kerala,72.17212333864691,0.0,71.17851276440449,0.0,70.63976250284753,0.0,0.0,83.48163644503389,13.298724598849478,0.5824971472618764,11.546268214606691,1.9116768577304206,0.413950340995777,-0.9936105742424246,-1.5323608357993805
12,13,kerala,73.41536882110123,0.0,73.65703798108956,0.0,69.83731086079952,0.0,0.0,79.42955665597538,12.698592686555632,0.1613247570367749,16.239388660580854,2.4142043322785014,0.9164778155438578,0.2416691599883336,-3.578057960301706
12,14,kerala,65.76891824570953,0.4409996788973424,66.83965869949077,0.4512235404950057,63.44698316001109,0.44899586907862427,0.44899586907862427,77.80934281302495,11.655235606536236,0.5491320652266133,29.661751480494797,2.288055520935412,0.7903290042007685,1.0707404537812408,-2.321935085698442
13,1,madhya pradesh,20.10885896212209,0.0,42.89221207959872,0.0,26.83931125890507,0.0,0.0,32.40906268889858,19.890457822929612,5.566318674316341,16.402096606168456,1.481016727243152,-0.0167097894914916,22.783353117476633,6.730452296782982
13,2,madhya pradesh,33.55622115273263,0.0,44.66432861734761,0.0,37.558700717291075,0.0,0.0,39.06415094339623,21.337653814602135,0.26997538966365875,16.513945857260047,0.8461498934497322,-0.6515766232849114,11.108107464614974,4.002479564558442
13,3,madhya pradesh,39.08425455809271,0.841122716663257,45.015265999237805,0.0,39.211580395933666,0.842358534524498,0.842358534524498,46.83472437544687,20.43947020055075,2.900729854666185,48.483941073615505,1.8079560275638247,0.31022951082918104,5.931011441145095,0.12732583784095652
13,4,madhya pradesh,35.72431776656687,0.1795693256854562,45.28337004407617,0.0,38.57754160392426,0.179340822344104,0.179340822344104,34.90766230063308,24.67494455196219,1.7107517467078122,18.149612557624327,1.5146752476887486,0.016948730954104985,9.559052277509302,2.8532238373573904
13,5,madhya pradesh,38.28807129931813,0.24289698325372536,50.73832855801801,0.0,41.84513609690154,0.2468250147221633,0.2468250147221633,26.018886526381387,19.363499876873053,11.276663162623777,12.26582710858208,1.6722907955103559,0.17456427877571223,12.450257258699878,3.5570647975834078
13,6,madhya pradesh,41.17854122728083,0.0,54.76306443766371,0.0,44.40427435745325,0.0,0.0,27.257907819252896,18.079823432039728,12.014344620423913,15.723676026488247,1.1134960192447738,-0.3842304974898698,13.584523210382876,3.225733130172415
13,7,madhya pradesh,44.10217785835038,0.0,56.77143942978293,0.0,43.95173520165873,0.0,0.0,27.599701964969192,22.75270001243584,4.129336999603541,13.495438597237117,1.7017109513662292,0.20398443463158555,12.66926157143255,-0.15044265669165213
13,8,madhya pradesh,42.90390798049898,0.0,55.29125785358775,0.0,40.25711979492979,0.0,0.0,27.870105243524605,23.697753860713807,3.7546758589246303,15.590600271484773,1.6331120185850285,0.1353855018503849,12.387349873088773,-2.6467881855691857
13,9,madhya pradesh,41.34449714015779,0.0,50.936992100458134,0.0,34.12744717826112,0.0,0.0,26.682074875171708,20.404828874401296,14.902354112610746,10.567559906678586,1.35116476084267,-0.14656175589197362,9.592494960300343,-7.21704996189667
13,10,madhya pradesh,36.92576947271939,0.019934390613641675,47.25964419228928,0.0,39.1475443882691,0.019956988829012354,0.019956988829012354,42.447394485524384,21.085416595862444,8.464159307073462,23.802720824209704,2.303404830867648,0.8056783141330044,10.333874719569891,2.221774915549709
13,11,madhya pradesh,42.212136784578355,0.0,51.520277787636296,0.0,34.57611332594338,0.0,0.0,36.872707028531664,20.080723729993043,12.371774530271399,14.768100208768267,2.1938302252463946,0.696103708511751,9.30814100305794,-7.636023458634973
13,12,madhya pradesh,51.07492892368506,0.0,57.890267328300574,0.0,42.157950065721856,0.0,0.0,35.47547946476828,17.845493058474776,13.812898189143596,15.990962095942088,1.5030188835295413,0.0052923667948976405,6.815338404615517,-8.916978857963201
13,13,madhya pradesh,39.67986584300848,0.0,52.708523160403544,0.0,42.83408023133438,0.0,0.0,34.972125168892084,14.785654156594235,12.418431793963551,12.380682282231298,1.741727414286743,0.2440008975520993,13.028657317395066,3.1542143883259044
13,14,madhya pradesh,51.34149449722207,0.0,52.865998219138646,0.0,38.7343055910584,0.0,0.0,27.724813576784452,7.703255658666679,46.311089133788165,17.015209289064835,1.1740613967531426,-0.32366511998150105,1.5245037219165738,-12.607188906163671
13,15,madhya pradesh,48.61212186030757,0.0,52.70183442592328,0.0,37.34041885226525,0.0,0.0,22.539270179710126,11.369821920820367,30.434953554375383,5.061328028867787,1.2977469213994772,-0.1999795953351664,4.089712565615713,-11.271703008042316
13,16,madhya pradesh,49.457992046837845,0.0,65.95591533888071,0.0,52.00778429914214,0.0,0.0,39.83589333388203,15.858393218141881,4.798393526782269,19.199489714559082,1.2398400565857184,-0.25788646014892525,16.49792329204287,2.549792252304293
13,17,madhya pradesh,46.24767758520097,0.0,54.57751733565858,0.0,50.055390741105676,0.0,0.0,35.787456990928995,13.723391995785523,23.269759478458425,26.545651350772932,1.4265916097449862,-0.07113490698965741,8.329839750457609,3.8077131559047075
13,18,madhya pradesh,51.07917087144086,0.0,54.32994757225701,0.0,52.464201637337524,0.0,0.0,40.345791946415474,24.55508912677881,2.108328766251701,33.14435978673777,1.589025353577294,0.09129883684265039,3.2507767008161537,1.3850307658966656
13,19,madhya pradesh,47.558189582707655,0.0,61.16674004198387,0.0,53.80200388197965,0.0,0.0,31.742704798836645,22.321667474551624,2.36490547746001,14.50984003877848,0.9283522263160634,-0.5693742904185802,13.608550459276216,6.243814299271996
13,20,madhya pradesh,47.69521095880286,0.0,60.845447624675586,0.0,51.53576376910617,0.0,0.0,35.297594231805355,18.154258967099274,15.04081516182421,21.047739084761467,1.1833892296051116,-0.314337287129532,13.150236665872725,3.8405528103033078
13,21,madhya pradesh,42.459877181799854,0.0,51.40726864851195,0.0,48.99073200794069,0.0,0.0,14.536471441651443,3.0644768910257825,85.66593389095058,7.1667234309827,1.4074513858321125,-0.09027513090253114,8.947391466712098,6.530854826140839
13,22,madhya pradesh,48.652277803487884,0.0,56.57670862769327,0.0,53.318877118074056,0.0,0.0,27.543344653988704,6.939751881656736,53.47854194639217,10.856420742248861,1.2484931008160995,-0.2492334159185441,7.924430824205388,4.666599314586172
13,23,madhya pradesh,46.73675254622979,0.0,55.33112105381575,0.0,50.165250826981676,0.0,0.0,54.955975630680065,16.65474708796431,5.496605234991816,58.1883148184965,1.7808471094299971,0.2831205926953535,8.594368507585962,3.4284982807518887
13,24,madhya pradesh,50.63848601756335,0.0,55.58905693126491,0.0,54.68823783531924,0.0,0.0,28.411796842574365,9.768091237549173,46.270513667717694,12.541165520307995,0.7796232344067789,-0.7181032823278647,4.950570913701561,4.04975181775589
13,25,madhya pradesh,49.4608617848761,0.0,56.729022374711406,0.0,51.29077928562853,0.0,0.0,36.26107279511505,11.396544715163216,26.76825954729538,22.63942187471624,1.4013578050702387,-0.09636871166440497,7.268160589835304,1.8299175007524298
13,26,madhya pradesh,46.38329178426705,0.0,61.13930048876875,0.0,47.332367941214585,0.0,0.0,25.58820416945924,18.011620465322537,3.3032155329238115,13.631017471011827,1.1118058867537555,-0.38592062998088816,14.756008704501696,0.9490761569475339
13,27,madhya pradesh,44.86733367923807,0.0,53.63440838514851,0.0,45.35487683462355,0.0,0.0,34.94622769448921,20.3074440326962,4.399168167784433,16.45774679818794,1.4083146311280332,-0.0894118856066104,8.767074705910439,0.487543155385481
13,28,madhya pradesh,46.02002346954237,0.0,66.28922240642511,0.0,50.482964462651395,0.0,0.0,52.97337213526811,13.802508215074006,3.048882002606034,66.81050907931237,1.6080159607689177,0.1102894440342741,20.269198936882738,4.462940993109022
13,29,madhya pradesh,45.44111202899724,0.08667545975246324,62.65760585765353,0.0,49.76610699924639,0.08674886898233683,0.08674886898233683,31.9958923549785,20.300038746883015,10.179138963437682,14.570135423921805,1.044460801699938,-0.4532657150347057,17.21649382865629,4.324994970249151
13,30,madhya pradesh,43.85562927600947,0.3309155188608821,50.62710197263742,0.0,48.279022533561836,0.3295762691696583,0.3295762691696583,32.40977065722262,16.554644188389446,14.404976376587205,12.704501398236772,1.45795365091529,-0.03977286581935369,6.771472696627946,4.4233932575523625
13,31,madhya pradesh,48.34863187468715,0.0,54.2207412797851,0.0,46.71581412907544,0.0,0.0,36.45532250924883,10.786110210655767,37.5058506086749,15.05610236470388,1.1831044615922848,-0.31462205514235886,5.872109405097952,-1.6328177456117103
13,32,madhya pradesh,44.98186326575482,0.716977785602603,55.32928536298633,0.0,53.13102785520337,0.7150782719276778,0.7150782719276778,42.27701621908269,16.284738689926144,17.363959119673044,22.740648558132783,1.252197878594285,-0.24552863814035852,10.347422097231515,8.149164589448553
13,33,madhya pradesh,43.818036115371385,0.0,51.674018934720735,0.0,37.813506039583885,0.0,0.0,48.316617370362295,12.827051859611572,17.904634104187153,38.160245316725295,1.811115884439779,0.31338936770513537,7.85598281934935,-6.0045300757875
13,34,madhya pradesh,46.44108129094009,0.7156349568567004,58.733781209472646,0.0,53.172981218114344,0.7168052402588309,0.7168052402588309,45.32779288500514,16.5870991068064,12.904967052664812,12.48612341756037,1.4558344052105787,-0.04189211152406491,12.292699918532556,6.731899927174254
13,35,madhya pradesh,57.92304258786435,0.0,56.45681746697364,0.0,41.80412039599758,0.0,0.0,29.89011533668974,5.22736266740393,60.83865176962401,6.428357352452599,1.3857811624481433,-0.11194535428650032,-1.4662251208907122,-16.118922191866773
13,36,madhya pradesh,58.13052417098174,0.0,65.62975648436723,0.0,52.97086912984752,0.0,0.0,35.98850529977395,12.20163449839249,34.43484496893126,19.157982583130178,1.5587260315285212,0.06099951479387755,7.499232313385498,-5.159655041134215
13,37,madhya pradesh,54.719205881650815,0.0,57.58935640660493,0.0,45.260424091257676,0.0,0.0,35.81174044369129,10.770249922314557,36.951992893905164,7.9175205404309015,1.6199968882446296,0.12227037150998599,2.870150524954113,-9.45878179039314
13,38,madhya pradesh,61.095804708628485,0.0,66.67674660226804,0.0,59.217136340776065,0.0,0.0,43.65334914742984,8.280802711824698,21.866283028399483,7.99834537693924,2.10681685771187,0.6090903409772266,5.5809418936395545,-1.8786683678524199
13,39,madhya pradesh,57.983398726505165,0.0,58.04621193009781,0.0,44.02654094173414,0.0,0.0,23.810326366181222,5.513797458021828,53.661812227808106,9.72467505029698,1.3376103676654085,-0.1601161490692351,0.06281320359264697,-13.956857784771024
13,40,madhya pradesh,49.502596545899266,0.0,55.98987760039724,0.0,45.82184944623722,0.0,0.0,59.158378605558596,13.231638190268965,6.914514975891861,82.58832542652563,1.3614939210224473,-0.13623259571219637,6.487281054497977,-3.6807470996620424
13,41,madhya pradesh,61.78099783444827,0.0,69.24018965429298,0.0,54.13106540916648,0.0,0.0,33.786741032729076,11.375139276695982,47.69675972295042,7.845886670719408,1.7463177437649786,0.24859122703033498,7.459191819844705,-7.64993242528179
13,42,madhya pradesh,47.778423034036564,0.0,60.21971414998326,0.0,53.723055428026946,0.0,0.0,35.89802708564388,10.279377562153156,25.164397955208194,13.14926688477594,1.961586997862087,0.4638604811274434,12.441291115946697,5.944632393990382
13,43,madhya pradesh,47.84686290364298,0.0,57.287516825081084,0.0,52.38895154262124,0.0,0.0,47.86661905425396,12.761739644091652,12.433973236373102,29.33211076226861,1.7653407798678882,0.26761426313324455,9.440653921438106,4.542088638978264
13,44,madhya pradesh,50.482662327066826,0.0,60.49605993810878,0.0,55.152480961248315,0.0,0.0,39.01250293625299,14.420955557795951,18.2707094754867,16.358626647308295,0.8634067183847143,-0.6343197983499294,10.013397611041952,4.669818634181489
13,45,madhya pradesh,43.50519500876693,0.0,42.78154145282364,0.0,38.37783882915117,0.0,0.0,19.884833184667553,5.850402013988378,67.35695725029652,5.956552022309554,1.6939200124922418,0.19619349575759815,-0.7236535559432937,-5.127356179615759
14,1,maharashtra,41.80654197314974,0.6908062589708799,47.76695936821923,0.6918688075286449,43.13256440302074,0.6936355758812229,0.6936355758812229,71.2775105025836,6.517440096813474,1.045498081733922,86.39912527751916,1.4062758010386456,-0.09145071569599805,5.960417395069491,1.3260224298709957
14,2,maharashtra,31.139745873361058,0.0,32.572027930903076,0.0,36.112401201951165,0.0,0.0,57.812938763519874,5.177947719296508,18.121207225736246,54.25133631770318,1.2577642141599181,-0.2399623025747255,1.432282057542018,4.972655328590108
14,3,maharashtra,49.051280328518715,0.0,54.234457228245745,0.0,53.77704320611243,0.0,0.0,53.226736284644595,2.794747525229941,12.820635066768377,15.295295525685878,1.5437555180020859,0.04602900126744225,5.18317689972703,4.725762877593716
14,4,maharashtra,55.65601992497361,0.0,56.16093257568612,0.0,62.033648237508686,0.0,0.0,53.02919516572251,1.7735744211515507,0.9615577663259841,7.743496515996496,2.0041675713029155,0.5064410545682718,0.5049126507125052,6.377628312535073
14,5,maharashtra,52.76342768961344,0.0,54.90963783887754,0.0,59.18531907078985,0.0,0.0,65.88652073178939,5.099428950480201,0.46782318614868434,6.710673050115844,2.453213131401301,0.9554866146666572,2.146210149264107,6.421891381176415
14,6,maharashtra,36.07625071732968,0.0,43.39655111030219,0.0,56.199299823255664,0.0,0.0,50.59101323379426,8.484163483368958,24.1751208406814,29.23986174205837,1.6423827320792441,0.1446562153446005,7.320300392972513,20.123049105925986
14,7,maharashtra,39.202447759252905,0.0,46.24631029510117,0.0,58.397287448371515,0.0,0.0,41.94990367608347,5.298663296151184,40.87568989417186,17.057240265566122,1.1544482822051698,-0.3432782345294738,7.0438625358482625,19.19483968911861
14,8,maharashtra,44.63881267580819,0.0,51.03674622000931,0.0,61.7847338864113,0.0,0.0,53.167929567823656,9.25598735613938,9.836480599717532,22.986327790455242,1.0112083566964674,-0.4865181600381763,6.397933544201123,17.145921210603113
14,9,maharashtra,45.16404701362908,0.0,55.98983313547517,0.0,63.20146173457945,0.0,0.0,49.90208824065688,12.406969004739196,7.119645056901482,13.248847072356865,1.506870289056552,0.009143772321908328,10.825786121846093,18.037414720950373
14,10,maharashtra,48.52602174496688,0.0,53.21246198074687,0.0,55.43859550736945,0.0,0.0,59.56093882511661,11.406404879357227,3.9102530270046336,43.12437777133508,1.849954049447426,0.3522275327127824,4.68644023577999,6.912573762402566
14,11,maharashtra,54.67499052024919,0.0,58.78792527108836,0.0,69.1807205662434,0.0,0.0,55.865817183193734,9.505452456828257,0.7482340501564022,11.106882186791724,2.2438996504201834,0.7461731336855397,4.112934750839173,14.505730045994206
14,12,maharashtra,54.09379253065592,0.0,56.95721627665525,0.0,70.35257912293169,0.0,0.0,52.686052153259034,12.55756989854663,0.4880768757286756,19.266771306293585,1.5863908843545853,0.08866436761994168,2.8634237459993344,16.25878659227577
14,13,maharashtra,44.1462054248324,0.0,50.2227490918878,0.0,70.21715249117953,0.0,0.0,46.25303731874739,15.410220246810875,1.496476230533847,24.082304954694393,2.641384945797155,1.1436584290625116,6.076543667055397,26.07094706634713
14,14,maharashtra,53.98493551295677,0.0,63.82256065842809,0.0,70.28087160891434,0.0,0.0,56.694116324449325,12.748130987464968,0.49482324347618933,22.488710976918732,1.4692445953984197,-0.02848192133622396,9.837625145471321,16.295936095957572
14,15,maharashtra,43.18277313541406,0.0,55.283022751780564,0.0,61.91282937168017,0.0,0.0,45.41790305174997,13.788458558871506,3.7719212261025157,26.389264691733004,0.8382114154903063,-0.6595151012443373,12.100249616366504,18.73005623626611
14,16,maharashtra,49.482180406769544,0.0,54.382605178343226,0.0,66.53925609139144,0.0,0.0,36.325778258240646,12.932334133426169,2.0741337926232664,13.476592703886253,0.8821546838895948,-0.6155718328450488,4.900424771573682,17.057075684621893
14,17,maharashtra,45.7797485167618,0.0,56.524704805677025,0.0,63.35238335068819,0.0,0.0,37.563856998112925,11.021215993122455,5.265382953045179,18.016140498385713,1.278930969292662,-0.2187955474419816,10.744956288915226,17.572634833926394
14,18,maharashtra,51.718885938207215,0.0,52.163827165272856,0.0,68.15310566338817,0.0,0.0,39.48867004157904,13.406769875175076,1.1259159901474804,14.365842842653858,1.4146742259514082,-0.0830522907832354,0.444941227065641,16.43421972518096
14,19,maharashtra,50.693118088020306,0.0,57.963522173412684,0.0,63.70621520036265,0.0,0.0,38.03835779149613,18.149103963569797,11.84239096385387,17.57108515628822,0.8018267658114112,-0.6958997509232324,7.270404085392379,13.013097112342344
14,20,maharashtra,51.00416255363699,0.0,57.2882066357118,0.0,68.98408295836353,0.0,0.0,43.9017587185729,16.344479118595785,1.7599721701413509,12.387969540721148,1.0698638406427832,-0.42786267609186046,6.284044082074814,17.979920404726542
14,21,maharashtra,57.04713711954263,0.0,61.38489778548038,0.0,67.87487540732496,0.0,0.0,44.347955227147615,19.060013443545756,2.2382251179590624,16.345657776470933,0.8296712368971797,-0.6680552798374639,4.337760665937751,10.827738287782331
14,22,maharashtra,54.164393374251716,0.0,62.07574692974593,0.0,64.71276734082933,0.0,0.0,49.838811344330885,11.487415303724383,5.056939541398262,16.92934153069052,1.5442209431948049,0.04649442646016122,7.911353555494216,10.548373966577614
14,23,maharashtra,54.95653388241143,0.0,59.92220304889808,0.0,58.52767113386255,0.0,0.0,53.92031959954314,11.947679394256621,7.031433821786042,23.74370616785389,1.5677073481403385,0.06998083140569489,4.965669166486656,3.5711372514511197
14,24,maharashtra,44.44777342588153,0.0,52.502466073727014,0.0,57.126883928321995,0.0,0.0,58.62234478470331,17.47677446538885,14.383627333291818,27.629329603732995,2.0414282109264628,0.5437016941918191,8.054692647845485,12.679110502440466
14,25,maharashtra,53.422689249189816,0.0,55.88411206669368,0.0,60.27261791853202,0.0,0.0,47.678109943268254,10.919801419641585,21.464087227462322,14.474489972770305,1.607825219742787,0.11009870300814328,2.461422817503866,6.849928669342205
14,26,maharashtra,46.10836008779089,0.0,59.91592761775777,0.0,58.51796156408389,0.0,0.0,59.43971885695226,14.05106257793784,15.58906720057113,22.881285268190492,1.0135450602931562,-0.48418145644148747,13.807567529966875,12.409601476292998
14,27,maharashtra,47.63450879601813,0.0,54.5337472255909,0.0,54.49401352740993,0.0,0.0,61.96075067102426,18.83784044422825,13.924418772677393,52.34831870511104,1.5899492163556568,0.09222269962101315,6.899238429572769,6.859504731391802
14,28,maharashtra,65.20844605655182,0.0,70.04606748555483,0.0,70.37977305011682,0.0,0.0,54.27496964598608,16.866535808721554,14.700025478867484,11.202635758001051,2.4196179185010083,0.9218914017663646,4.837621429003008,5.171326993565003
14,29,maharashtra,63.6093387578991,0.0,67.28063437919384,0.0,67.9872023574973,0.0,0.0,49.59587899281826,16.903725407648107,19.704863560486096,23.525869726421195,0.9958698836919592,-0.5018566330426845,3.671295621294739,4.377863599598193
14,30,maharashtra,61.97029367733161,0.0,65.89068288879498,0.0,65.99127452048715,0.0,0.0,35.177316679584756,12.197557845516576,38.69518811705061,7.321507985921399,1.0619095519259694,-0.43581696480867427,3.920389211463373,4.020980843155542
15,4,manipur,74.13554496513107,0.0,55.413411460308005,0.0,63.94531689736448,0.0,0.0,39.02188300898414,0.33373700960374014,85.51694032162672,11.202016503787986,1.9510278157638172,0.4533012990291736,-18.72213350482307,-10.190228067766597
15,5,manipur,65.96579299210413,0.0,67.28317897433371,0.0,65.20780207419273,0.0,0.0,42.986072840337734,3.756999299219616,0.9674851509399303,29.443662019744316,3.889448189931235,2.3917216731965913,1.317385982229581,-0.7579909179113997
15,6,manipur,72.96501456459607,0.0,57.10452715100113,0.0,64.12530010720997,0.0,0.0,45.39560664479762,1.290568834947697,5.2966980688487775,30.617404147743304,3.8424934473224237,2.34476693058778,-15.860487413594946,-8.839714457386108
15,7,manipur,70.98652472841177,0.0,67.68821916329057,0.0,65.1768004190006,0.0,0.0,59.292580360795824,3.200512891892006,4.766182878015243,34.873274367637194,3.7124931737488254,2.2147666570141817,-3.298305565121197,-5.809724309411166
16,1,meghalaya,57.50057214063878,0.0,74.39866314783222,0.0,49.24181737255816,0.0,0.0,26.70440371383344,0.33881699799975507,95.50285068920003,7.369156313925061,0.7175388675298878,-0.7801876492047558,16.898091007193443,-8.258754768080621
16,2,meghalaya,64.47218639479574,0.0,57.99647547581053,0.0,55.00008065881702,0.0,0.0,47.9478907666359,0.36439182343231846,78.3926472224143,29.28603856179478,1.0664226656089506,-0.431303851125693,-6.4757109189852144,-9.472105735978722
16,3,meghalaya,61.27230085688657,0.0,66.91382881117515,0.0,52.50228667961782,0.0,0.0,38.04784767234292,0.014080860476841527,98.1095309256576,4.844724446644895,0.23543884229369516,-1.2622876744409486,5.641527954288584,-8.770014177268749
16,4,meghalaya,71.29086741318719,0.0,64.9045098239069,0.0,63.39980717829962,0.0,0.0,37.01347543276056,0.12765641884018053,96.83189609509078,4.875839566074115,0.7530441235539744,-0.7446823931806692,-6.38635758928028,-7.8910602348875685
16,5,meghalaya,73.04488810224673,0.0,74.75527151050653,0.0,66.1705843878226,0.0,0.0,30.537804624036657,1.1724640699854196,80.6171630910227,8.789627161008124,0.8366130592210346,-0.6611134575136091,1.7103834082598013,-6.87430371442413
17,1,mizoram,74.62459242587384,0.0,75.35388933268405,0.0,65.54505251413046,0.0,0.0,71.88697187882082,0.06834355699998955,94.66564952504363,44.82543132726532,0.09526269212876796,-1.4024638246058756,0.7292969068102053,-9.079539911743382
17,2,mizoram,73.91802219742792,0.0,69.22858379782456,0.0,63.0857056140257,0.0,0.0,63.56056186330387,0.1445047794282637,94.41367858905892,33.23250908764529,0.0,-1.4977265167346436,-4.689438399603361,-10.832316583402218
17,3,mizoram,73.91802219742793,0.0,69.22858379782456,0.0,63.0857056140257,0.0,0.0,47.21855100324402,0.20325203252032523,95.55048259842205,10.747326685089511,0.0,-1.4977265167346436,-4.689438399603375,-10.832316583402232
18,1,nagaland,81.52173350014957,0.0,50.613840519490985,0.0,73.89895742184052,0.0,0.0,56.61371429456036,0.0,74.46856270044198,25.073726524262025,1.1924288687098756,-0.305297648024768,-30.90789298065858,-7.622776078309045
18,2,nagaland,85.30722547858294,0.0,43.156517926905366,0.0,74.78843912886713,0.0,0.0,51.27256353028701,0.0,94.07572731900231,6.560554446141195,0.732752969703907,-0.7649735470307366,-42.15070755167757,-10.51878634971581
18,3,nagaland,85.47346843743775,0.0,43.07277234942395,0.0,75.27363128863634,0.0,0.0,52.66789997713526,0.0,97.06915545947744,9.394292128292003,0.08526942640653849,-1.412457090328105,-42.400696088013795,-10.199837148801407
18,4,nagaland,75.84785575794562,0.0,45.477579496899395,0.0,70.10774981348729,0.0,0.0,60.272115431172224,0.0,92.64513629981117,14.09601510676415,0.7767942512733276,-0.7209322654613161,-30.37027626104623,-5.740105944458335
18,5,nagaland,75.0885717070788,0.0,34.37765346529814,0.0,68.29341488078659,0.0,0.0,67.72955156780785,0.0,92.63957467766174,13.386667003422279,0.4340815952414372,-1.0636449214932064,-40.71091824178066,-6.795156826292214
18,6,nagaland,83.46495063173131,0.0,41.376575545442726,0.0,73.92957789106107,0.0,0.0,40.207208058186566,0.0,95.10145724026002,7.151812319133041,0.08765101400457263,-1.410075502730071,-42.088375086288586,-9.53537274067024
18,7,nagaland,77.4786428048749,0.0,36.3624623543249,0.0,69.90670892340576,0.0,0.0,29.76305786945805,0.0,92.14757613611313,5.784273776043928,0.057925176644105895,-1.4398013400905378,-41.11618045055,-7.5719338814691355
19,1,odisha,52.718537991236744,0.0,53.95518117053004,0.0,52.02773458490578,0.0,0.0,41.49469839153522,17.48021768517811,27.44704879971347,14.461129818405357,2.0492538677703775,0.5515273510357339,1.2366431792932957,-0.6908034063309643
19,2,odisha,52.85923957490939,0.0,56.392686803741384,0.0,48.28681204337863,0.0,0.0,44.095251351023265,8.780586702867671,50.7361273441517,28.37088488449172,0.8620137141061304,-0.6357128026285133,3.533447228831996,-4.5724275315307565
19,3,odisha,56.09919481198491,0.0,56.26218236548779,0.0,50.1314598211218,0.0,0.0,36.72177182751147,11.497913348581557,44.52224065048439,10.427494102290826,1.3085978050680154,-0.18912871166662826,0.1629875535028802,-5.967734990863107
19,4,odisha,58.049157265315706,0.0,59.79218665254232,0.0,52.79084946382264,0.0,0.0,30.724087064491822,6.991743518449735,57.87103757866474,5.2885523564932235,1.4299968646743029,-0.06772965206034076,1.7430293872266134,-5.258307801493068
19,5,odisha,63.75173996063046,0.0,57.477490790394135,0.0,57.48435118422578,0.0,0.0,48.409908121678086,19.80913899416514,7.0658056703518906,7.830363543413007,1.0612363941800165,-0.43649012255462716,-6.274249170236324,-6.26738877640468
19,6,odisha,60.473697320946314,0.02035677160068632,55.56266266481015,0.020031502175996054,49.43291888830863,0.020221985300184608,0.020221985300184608,53.22760257653039,20.356039535789673,3.3010753662315073,10.555675342676729,0.9755447117152466,-0.522181805019397,-4.911034656136167,-11.040778432637687
19,7,odisha,47.68339207365966,0.0,49.344137283480975,0.0,48.688501137130906,0.0,0.0,44.22743228375334,16.425158484832608,12.180174988211872,8.295855818096086,1.584963711331039,0.08723719459639545,1.6607452098213145,1.0051090634712452
19,8,odisha,49.660555137817525,0.0,49.05351748982215,0.0,48.754181991188325,0.0,0.0,31.708351929887606,18.755760101551676,37.27700074772639,5.029242477814552,2.0132411833196127,0.515514666584969,-0.6070376479953765,-0.9063731466291998
19,9,odisha,54.726087656014734,0.0,52.230009117242396,0.0,53.85548155673764,0.0,0.0,33.254343929044275,17.272141442781987,18.533491897971857,8.168637008049304,2.0412053676424247,0.543478850907781,-2.4960785387723377,-0.8706060992770972
19,10,odisha,53.28213092147609,0.0,53.722500987252154,0.0,54.26585738661599,0.0,0.0,25.12355880215802,15.742027997659362,30.79118787496865,5.614514542192614,1.7525214974151846,0.25479498068054096,0.4403700657760652,0.9837264651399025
19,11,odisha,49.753624929399756,0.0,46.19608492022243,0.0,50.685007740629175,0.0,0.0,18.37749959464458,15.019125784033957,54.33720310420681,9.422657353646716,2.1358120097209423,0.6380854929862987,-3.5575400091773233,0.9313828112294189
19,12,odisha,47.31585754697754,0.004614707623157449,48.362904608835066,0.004570799241324812,40.22657647877932,0.004585032643544909,0.004585032643544909,36.57326896810849,16.578467014303193,9.392120548974606,12.746415315640089,1.957998889037412,0.4602723723027684,1.0470470618575263,-7.089281068198218
19,13,odisha,53.80521401009163,0.41527664950228166,53.958889981258885,0.4132996655700197,47.45176895928396,0.4157712436854052,0.4157712436854052,54.030696906508545,15.454776520478447,3.5459854397045354,16.97878049582594,1.2992802316274046,-0.19844628510723905,0.15367597116725307,-6.353445050807672
20,1,punjab,61.91479354981433,0.04666745443782991,57.695420651076546,0.04753834038485166,52.25086655996564,0.047054303625751775,0.047054303625751775,51.668211201253236,24.695115703476684,0.0,18.603292932558865,1.1205448855804536,-0.37718163115419,-4.219372898737781,-9.66392698984869
20,2,punjab,61.794313831716494,0.6541379816447779,52.927395742003604,0.6566918652596041,50.03776477740388,0.6546922530743498,0.6546922530743498,48.30293544574696,28.006675823298306,0.0,28.706159964225254,2.334776692503371,0.8370501757687272,-8.86691808971289,-11.756549054312615
20,3,punjab,63.78432385339576,0.16716994278703423,61.113415386641535,0.16665044727957037,59.39668305031069,0.1765109777333968,0.1765109777333968,39.22081928478179,21.797318973490142,0.0,19.748142978958427,1.243791882238634,-0.2539346344960096,-2.670908466754227,-4.38764080308507
20,5,punjab,56.74326158704357,0.0,55.03083893977285,0.0,50.10723071190352,0.0,0.0,58.1480441704037,39.08146243290489,0.0,30.594976186446825,1.6370625936794547,0.1393360769448111,-1.7124226472707207,-6.636030875140051
20,6,punjab,57.13192662688462,0.01770793929262824,57.529309645122375,0.01820941973078548,48.563926702881915,0.018274996211556347,0.018274996211556347,53.19888594550041,29.457184522622082,0.0,21.839581719237852,1.0360973739219157,-0.46162914281272793,0.397383018237754,-8.567999924002706
20,7,punjab,58.404311487658624,0.016660084232840135,55.27237250608253,0.01666583046321284,52.93479447457137,0.018148079542801464,0.018148079542801464,59.84338445720632,33.324169706699806,0.0,12.976932402675413,1.1738091085352957,-0.3239174081993479,-3.1319389815760914,-5.4695170130872555
20,8,punjab,57.24530716831323,0.22150966173302447,54.99261382624358,0.23885611831478257,52.53372981666793,0.24576767687342316,0.24576767687342316,57.17991312828813,24.572003368272057,0.0,21.47011313855459,0.733726409431352,-0.7640001073032916,-2.252693342069655,-4.711577351645303
20,9,punjab,58.86561813840593,0.5361466417291987,59.03142184399051,0.5528215696604215,56.48133762735185,0.5494502103723462,0.5494502103723462,48.84835374387868,23.604951266768694,0.0,25.235122943168648,1.6203345306800208,0.12260801394537713,0.16580370558457957,-2.3842805110540795
20,10,punjab,67.31421229824251,0.23206268165586083,62.27635825891649,0.2396008619531518,57.54598508774757,0.23348415825206528,0.23348415825206528,38.5303370523706,26.831801277103363,0.0,20.31734615114729,1.2704809262963397,-0.22724559043830395,-5.037854039326021,-9.768227210494942
20,11,punjab,65.1907266349272,0.05383537412143942,57.44904572413315,0.05347661171497649,52.431652715169506,0.057700641013036645,0.057700641013036645,35.92617260794006,29.269668575472625,0.0,18.738970090957284,0.9878501461985608,-0.5098763705360828,-7.741680910794052,-12.759073919757697
20,12,punjab,69.15516971800713,0.7536805298751109,71.77797384847432,0.7526277174529519,67.52145587812093,0.7658821309466741,0.7658821309466741,41.48021002082183,34.08089314312521,0.0,21.17280498429697,1.0733404290388964,-0.42438608769574726,2.6228041304671876,-1.6337138398861981
21,1,rajasthan,40.48342528327738,0.0,56.9054365554899,0.0,46.57639038927973,0.0,0.0,33.97271504372169,29.342374782809845,0.3424303163694955,17.99678864206863,0.4890358450406523,-1.0086906716939914,16.422011272212522,6.092965106002353
21,2,rajasthan,40.38352132271442,0.0,57.906620317199256,0.0,45.01561336618576,0.0,0.0,33.35080998067936,18.643261720362634,0.263801046947504,32.86614264246908,0.6145359219411695,-0.8831905947934742,17.523098994484833,4.632092043471339
21,3,rajasthan,48.3867212782071,0.0,62.00193664018755,0.0,49.93049384485956,0.0,0.0,27.296785727939994,20.132956543207637,0.506670831143635,22.92862090796398,1.3836713737630721,-0.11405514297157149,13.615215361980454,1.5437725666524642
21,4,rajasthan,45.518664721227836,0.0,62.42191839621064,0.0,48.358644308181674,0.0,0.0,37.7565767896154,15.374353601222431,1.9291958334728874,16.524616394752094,0.9320910958860883,-0.5656354208485553,16.903253674982807,2.839979586953838
21,5,rajasthan,34.248387332737536,0.0,53.94976008302628,0.0,43.37968009875933,0.0,0.0,33.91194733037822,17.779088906112566,8.057546438617424,11.504933422741642,0.8200247469481442,-0.6777017697864994,19.70137275028874,9.131292766021794
21,6,rajasthan,31.92659614755718,0.020705546042224708,49.54298054997594,0.021757414466849007,37.043894648795096,0.02087246743017449,0.02087246743017449,33.70969929473766,21.636743877392856,2.313657676509339,15.73985943191506,0.9687070472108196,-0.5290194695238241,17.616384402418756,5.117298501237915
21,7,rajasthan,22.52298700389536,0.0,41.73679121028766,0.0,29.41939617071212,0.0,0.0,27.24932920068474,20.168410322370605,4.593724440578055,13.605984957550513,0.7409806307673872,-0.7567458859672564,19.213804206392304,6.89640916681676
21,8,rajasthan,26.59217089225444,0.0,46.267832525537194,0.0,28.70949977397107,0.0,0.0,28.663303337218544,21.862371906634735,22.567009642008763,11.882874999426647,0.8705064989950344,-0.6272200177396092,19.675661633282754,2.117328881716631
21,9,rajasthan,37.72765408124575,0.5356897250048469,59.58502672968593,0.0,44.317754714927304,0.5374015281180622,0.5374015281180622,38.254091909224485,16.228580697169814,11.257729138340698,32.544550604112054,1.3579393207247767,-0.1397871960098669,21.857372648440176,6.590100633681551
21,10,rajasthan,44.85579789247628,0.0,62.661781542224226,0.0,51.721850838787134,0.0,0.0,33.1273190175993,14.00510278830157,2.6527011027101643,16.49040595491705,1.8997562140203124,0.40202969728566873,17.805983649747944,6.866052946310852
21,11,rajasthan,36.84181607023167,0.7835739009945238,52.704014915415996,0.0,46.80291994642161,0.7879506163108041,0.7879506163108041,42.71297292726352,18.51003223799821,2.298188161947578,34.01415784456026,1.1658158070037266,-0.3319107097309171,15.862198845184324,9.961103876189938
21,12,rajasthan,32.943013768808996,0.03944034289996983,49.14810259343992,0.0,39.80053937389972,0.03982105785500696,0.03982105785500696,27.023065917576854,20.20530863006472,11.869700247757965,15.696606311156907,1.604538119695069,0.10681160296042536,16.205088824630927,6.857525605090721
21,13,rajasthan,42.79289848226762,0.0,60.19074785404247,0.0,50.621105698537086,0.0,0.0,24.021746386970744,14.553998786707186,4.8464952382611015,12.802271005494651,0.5554726351365318,-0.9422538815981119,17.397849371774853,7.828207216269469
21,14,rajasthan,37.1674551963868,0.0,53.29644068939666,0.0,38.25919925348002,0.0,0.0,32.67506639244424,15.273860996348706,2.824215468615262,29.244995200797963,0.9814895525101928,-0.5162369642244509,16.128985493009864,1.0917440570932229
21,15,rajasthan,41.8214139426523,0.055727144685521895,57.41309354130657,0.0,48.12365821437303,0.055470534206867456,0.055470534206867456,25.27934875350264,19.734755059888755,0.22360955049631437,12.70443535791049,1.0217002442061738,-0.47602627252846985,15.591679598654274,6.302244271720731
21,16,rajasthan,28.575474034985465,0.015405662340405045,51.91154747625995,0.0,44.544204738995916,0.015933353142065686,0.015933353142065686,28.9020284816258,18.146541516867238,5.399843383350197,17.515298378936944,0.9269247890613462,-0.5708017276732974,23.336073441274483,15.96873070401045
21,17,rajasthan,40.88768614297656,0.0,58.96036754893582,0.0,50.45947858633214,0.0,0.0,18.32928982415264,15.699592118849907,5.8689178398881845,8.143827226728687,0.5785237320212675,-0.9192027847133761,18.07268140595926,9.571792443355577
21,18,rajasthan,30.850089612336497,0.0,52.550669072689196,0.0,45.655823748925,0.0,0.0,18.762816579917256,17.788165729154542,8.430519805034821,5.826287040627082,0.9009326812389628,-0.5967938354956809,21.7005794603527,14.805734136588505
21,19,rajasthan,31.23436149337343,0.0,53.93137866848355,0.0,47.20175010811254,0.0,0.0,25.590149672262243,19.24425369517254,23.394222580344294,16.085678158002167,1.3051263387058927,-0.19260017802875096,22.697017175110123,15.96738861473911
21,20,rajasthan,36.328635424243835,0.0,56.52014361397172,0.0,46.19735384050759,0.0,0.0,25.83690701563214,17.11814744326884,9.023003801326698,15.959671790339508,1.771955934332132,0.2742294175974884,20.191508189727884,9.868718416263754
21,21,rajasthan,35.75212266729159,0.0,57.08108877691313,0.0,49.555902476461576,0.0,0.0,27.983481125711723,8.31564451055809,36.7933628237418,14.346722615608412,1.0348772409157792,-0.4628492758188645,21.32896610962154,13.803779809169988
21,22,rajasthan,32.84490932858909,0.0,63.41961417065988,0.0,56.98882506609523,0.0,0.0,28.09343817166266,14.627439883033844,20.27846839016568,12.937359771996848,1.3032845258368235,-0.1944419908978201,30.574704842070787,24.14391573750614
21,23,rajasthan,39.64095305311111,0.0,56.906995407057806,0.0,49.44955176569037,0.0,0.0,24.510004585220496,4.607975082013701,65.84022164567108,6.051576298183407,1.2691723568806406,-0.22855415985400307,17.266042353946695,9.808598712579261
21,24,rajasthan,41.333856076750244,0.0,56.92139655602922,0.0,50.071531663629955,0.0,0.0,20.512201453790237,5.002855659397715,73.47265489788855,6.399013499480789,0.9456614431589068,-0.5520650735757369,15.587540479278978,8.73767558687971
21,25,rajasthan,36.53983993022833,0.0,59.540183766008525,0.0,45.13116955007607,0.0,0.0,26.04498810772634,18.793817056324716,20.253346973961634,14.13726488092147,1.0337261158824544,-0.4640004008521892,23.000343835780193,8.591329619847741
21,26,rajasthan,34.99173710054943,0.0,58.23105758686729,0.0,51.976419358306615,0.0,0.0,38.258948751811,19.719616539459395,14.15537674401638,29.631826022057805,1.3478110117396918,-0.14991550499495188,23.239320486317858,16.984682257757186
21,27,rajasthan,37.72941764384973,0.0,54.67962483388998,0.0,54.7617792173668,0.0,0.0,26.565068324954467,17.228108270783547,11.895240294637977,12.904466279542431,0.9418698927149664,-0.5558566240196773,16.950207190040253,17.032361573517072
22,1,sikkim,73.86086304763123,0.0,62.49823521106875,0.0,83.28962585311028,0.0,0.0,42.30596680125617,3.560212779593668,55.44126129590463,2.179068127924117,1.9149145060127148,0.4171879892780712,-11.362627836562474,9.428762805479053
22,2,sikkim,73.86086304763123,0.0,62.49823521106875,0.0,83.28962585311028,0.0,0.0,53.952323313832295,6.994597987133795,21.088023670230648,15.491000381054851,2.2167753151721175,0.7190487984374738,-11.362627836562474,9.428762805479053
22,3,sikkim,73.86086304763124,0.0,62.49823521106875,0.0,83.2896258531103,0.0,0.0,44.063454831640996,5.6860384967542155,16.68261267656348,2.2170097630731562,2.5083055391535893,1.0105790224189457,-11.362627836562488,9.428762805479053
22,4,sikkim,73.86086304763123,0.0,62.498235211068746,0.0,83.28962585311028,0.0,0.0,36.82929065514817,5.019305019305019,19.65852018622467,1.5026334287548009,2.838233428049428,1.3405069113147845,-11.362627836562481,9.428762805479053
23,2,tamil nadu,53.84413217425982,0.870076938933172,45.05517357130414,0.8677601093254063,45.121118124394826,0.8638323427050748,0.8638323427050748,56.911534423201445,25.959052122594255,1.239795922754716,38.92122921025408,1.6911950728636405,0.19346855612899683,-8.788958602955681,-8.723014049864993
23,3,tamil nadu,68.13730005331153,0.0,61.731683476341836,0.0,60.59354063772368,0.0,0.0,51.95200156487903,20.727972741498903,1.6473854360514295,27.232529923024867,1.828865690901848,0.3311391741672043,-6.405616576969699,-7.543759415587857
23,4,tamil nadu,63.26801739633186,0.01955441404651299,52.939479674142866,0.01992137147051661,56.941082162400136,0.0199150634207144,0.0199150634207144,38.76818129777752,14.308523825644043,1.9637737204212864,8.120149148622302,2.7303026900568397,1.232576173322196,-10.32853772218899,-6.326935233931721
23,5,tamil nadu,69.27005260611206,0.0,61.14128454062927,0.0,60.81038826651074,0.0,0.0,44.9727044848578,21.446595806199134,3.054201411003026,10.338062454345339,1.7833972446815456,0.28567072794690196,-8.128768065482788,-8.459664339601318
23,6,tamil nadu,69.77896170722134,0.07494002615958943,61.039690089315734,0.07580868513974502,60.40293254037101,0.07574381513117114,0.07574381513117114,44.83958271026783,27.125492960546964,1.1890908412598882,13.713993817276982,2.2962420648043684,0.7985155480697248,-8.739271617905608,-9.37602916685033
23,7,tamil nadu,61.96126727641155,0.0,51.13573557284761,0.0,52.89225617378677,0.0,0.0,46.85007784144368,16.70162217154273,3.493651289837598,25.56302231146741,2.2493922339725785,0.7516657172379348,-10.82553170356394,-9.069011102624778
23,8,tamil nadu,65.35720419285344,0.010053997691660098,53.75104718591869,0.010723535372330102,54.7375939494155,0.01040215022234386,0.01040215022234386,48.136612099576645,17.158529011581876,0.8272338092707594,21.892001036089443,2.279972928637028,0.7822464119023844,-11.606157006934758,-10.619610243437947
23,9,tamil nadu,64.10495551220244,0.0,55.4421481569825,0.0,56.34756591369471,0.0,0.0,63.283320238688624,30.215963075917962,3.5268243092926923,43.81651164296959,2.5565730682530674,1.0588465515184238,-8.66280735521994,-7.757389598507729
23,10,tamil nadu,63.228041658677945,0.4805241736391159,51.26758559826122,0.4955404630139625,51.94316629309314,0.4967015306495276,0.4967015306495276,59.14486311892632,16.397311119054013,0.745587557084849,46.65853754474295,2.07304192910595,0.5753154123713062,-11.960456060416725,-11.284875365584803
23,11,tamil nadu,66.33619170253303,0.0,52.21969657096114,0.0,55.2204547868029,0.0,0.0,49.614818769987565,19.409475878600603,0.5402534550432555,18.896942293819265,0.7371244795569046,-0.760602037177739,-14.116495131571888,-11.115736915730132
23,12,tamil nadu,68.91583214034333,0.0,57.21334997614896,0.0,58.589899825838586,0.0,0.0,53.361061700904585,19.14046741920846,0.6853073228751042,23.432076799361525,2.008296501368311,0.5105699846336673,-11.702482164194365,-10.32593231450474
23,13,tamil nadu,62.70363605899476,0.21001312584215012,53.41198563815765,0.22869825637970168,51.618584988369975,0.23070776723365588,0.23070776723365588,57.26645977221013,24.17487355612113,0.2165307979309966,20.14780235142913,1.4891946023594993,-0.008531914375144334,-9.291650420837108,-11.085051070624786
23,14,tamil nadu,72.52613439770695,0.0,65.22409965654576,0.0,61.00884218613224,0.0,0.0,49.70033485338485,16.820128576466225,0.05794380129420381,12.550371171866287,1.8827005194853716,0.384974002750728,-7.302034741161194,-11.517292211574713
23,15,tamil nadu,66.24712100803298,0.1662788516193968,57.62879584314275,0.17952180943125703,56.25198439613827,0.1821391890067634,0.1821391890067634,54.8494235709847,16.023984640925995,0.11111214164479359,23.62913772155186,1.6501578889790138,0.1524313722443702,-8.61832516489023,-9.995136611894708
23,16,tamil nadu,63.21189496309951,0.4219992202359358,51.008450570258276,0.43596583806297695,53.22967959341527,0.439958049515578,0.439958049515578,57.55230474962041,14.586781748521943,0.36935499025067536,39.15258591991054,0.14673451168980503,-1.3509920050448385,-12.203444392841234,-9.98221536968424
23,17,tamil nadu,66.76111250009396,0.0,60.49090808507647,0.0,58.78187956226726,0.0,0.0,54.1921373104917,18.459691368319085,0.19028304123161305,32.625362850846344,2.530792641659896,1.0330661249252522,-6.2702044150174885,-7.979232937826701
23,18,tamil nadu,65.13894776837328,0.0,57.46167444150016,0.0,56.87614042306664,0.0,0.0,52.46136498723821,18.06046991363938,0.13723296388238174,18.65153316317611,0.0,-1.4977265167346436,-7.677273326873127,-8.262807345306648
23,19,tamil nadu,63.016492505585745,0.0,54.194378698463396,0.0,51.2589491131167,0.0,0.0,63.251208857629535,17.176149788449916,0.21800648387274024,35.879512610583,4.327895544185835,2.8301690274511913,-8.82211380712235,-11.757543392469046
23,20,tamil nadu,65.39506436674914,0.0,59.00286773039258,0.0,56.68854460499065,0.0,0.0,56.748854439466754,17.893047974444325,0.35873711744033976,27.726601946093904,5.1259766727096086,3.628250155974965,-6.392196636356559,-8.706519761758486
23,21,tamil nadu,58.86714847254774,0.09438619667062446,56.86622576640724,0.09347393946478248,55.16989824438271,0.09291597876606057,0.09291597876606057,71.7829673402489,4.802827383277022,0.32636631134833716,14.892126654873405,2.66632784085273,1.1686013241180864,-2.0009227061405,-3.697250228165032
24,1,tripura,78.71136507955102,0.0,81.17468723035537,0.0,66.68371556277125,0.0,0.0,54.20103086807625,18.564668074855025,25.183926248646493,21.101648476922946,1.1648893774425642,-0.3328371392920795,2.463322150804359,-12.02764951677976
24,2,tripura,75.25937272821685,0.0,79.15259232391013,0.0,62.10186597247181,0.0,0.0,49.097271019459946,13.455465848307114,28.390432076635165,7.546929000616638,1.4749812275115524,-0.02274528922309127,3.8932195956932816,-13.157506755745032
24,3,tripura,78.54989398936104,0.0,81.0808922231686,0.0,66.47198709291465,0.0,0.0,42.07808212382541,15.285099227951449,43.01814327153289,5.144422947883459,1.3263475791585153,-0.17137893757612832,2.5309982338075656,-12.077906896446393
25,1,uttar pradesh,22.13154955052831,0.0,38.49100744909882,0.0,34.4301021621441,0.0,0.0,38.379451751915866,22.775114826727407,0.9594967231101044,6.074865774751887,0.34818897110908564,-1.149537545625558,16.359457898570508,12.298552611615793
25,2,uttar pradesh,41.432888778192144,0.0,49.24968008976546,0.0,41.88852066481586,0.0,0.0,49.63575675159307,17.540093729981233,2.1097112801897078,7.827914451724564,0.6800985666669496,-0.8176279500676941,7.8167913115733185,0.45563188662371346
25,3,uttar pradesh,23.43824973015495,0.0,39.25435208887563,0.0,34.9703613174186,0.0,0.0,39.201900188398575,14.200391965567704,0.10600651896999584,4.8747485577080525,1.0624172024197496,-0.43530931431489406,15.816102358720677,11.53211158726365
25,4,uttar pradesh,31.66742258947286,0.0,46.54488507175139,0.0,40.866642013794504,0.0,0.0,58.252693231497474,13.403989112976758,8.198618935657926,43.00920286978968,1.5845612460301126,0.08683472929546898,14.877462482278528,9.199219424321644
25,5,uttar pradesh,42.922068603359186,0.0,51.84769758508397,0.0,45.163634572627274,0.0,0.0,54.435889734592365,13.517402037990726,0.22006197484378093,10.19742577303728,0.9269322907493958,-0.5707942259852479,8.925628981724785,2.2415659692680876
25,6,uttar pradesh,38.759663234660245,0.0,40.76136952905533,0.0,33.50552852474845,0.0,0.0,48.217414031816,20.45258681585714,3.2340496171343,6.3178138509790625,0.9489088641119455,-0.5488176526226981,2.0017062943950847,-5.254134709911796
25,7,uttar pradesh,40.49604375645312,0.0,41.82676992424501,0.0,35.36927828879231,0.0,0.0,47.770843767219645,22.02166582797146,0.3273899526306542,5.5683783619027585,1.0031478551650868,-0.4945786615695569,1.3307261677918945,-5.12676546766081
25,8,uttar pradesh,56.58600870995003,0.0,51.64194669583512,0.0,53.812949805868534,0.0,0.0,45.725482964911755,15.797825440502178,5.844794159620926,26.588489352501732,0.8532556321286394,-0.6444708846060042,-4.9440620141149125,-2.773058904081495
25,9,uttar pradesh,46.62991063425536,0.0,58.88145162750096,0.0,56.17580128165854,0.0,0.0,31.839654254333126,20.67006149061263,0.07638964995614216,19.79176385127689,1.2630632109536997,-0.23466330578094396,12.251540993245598,9.545890647403183
25,10,uttar pradesh,46.53469415576391,0.0,62.060691465719074,0.0,52.305358640469755,0.0,0.0,24.242279340641577,16.136931125439126,0.009976156742656178,22.02975710364256,1.6942901178029504,0.19656360106830673,15.525997309955166,5.770664484705847
25,11,uttar pradesh,48.75049634459266,0.0,51.23184477557506,0.0,60.34204885370416,0.0,0.0,19.810923208939773,12.991057430693923,0.003395153983547483,21.221576403280384,1.707559193386822,0.2098326766521783,2.4813484309824005,11.591552509111501
25,12,uttar pradesh,56.65309358754407,0.0,64.39033392235055,0.0,56.40512939919841,0.0,0.0,33.40988787927739,22.50080011987723,0.010350671212877794,20.727847073380197,1.1463830072769423,-0.3513435094577013,7.737240334806479,-0.24796418834566225
25,13,uttar pradesh,44.93459391474388,0.0,57.31438217537862,0.0,49.84346215074261,0.0,0.0,38.904994984384004,21.579421034284046,0.18017088666130718,25.908057711598527,1.6602486769860882,0.16252216025144461,12.37978826063474,4.908868235998732
25,14,uttar pradesh,48.41668853713256,0.02092737039472752,57.391339862330916,0.020138170111079944,53.75727621855292,0.0190858354256162,0.0190858354256162,35.040982669391454,14.03947099480993,0.0018293478761798854,19.707353591484807,0.6243289733002825,-0.8733975434343612,8.974651325198359,5.3405876814203594
25,15,uttar pradesh,44.013715552351684,0.02228255884517224,55.96684393606262,0.0,58.08206244065569,0.024870842442455944,0.024870842442455944,41.01595400346645,16.638272670532196,0.0022912417718317637,29.8986169020555,1.2689454244968716,-0.228781092237772,11.953128383710933,14.068346888304006
25,16,uttar pradesh,43.6386039109953,0.3540946176302501,46.89338596034147,0.0,42.28177883840752,0.360598710741686,0.360598710741686,44.08755690322209,17.88616803744767,0.005510491569132815,37.28786918906645,1.1559645690808567,-0.341761947653787,3.2547820493461685,-1.3568250725877817
25,17,uttar pradesh,35.82571355827784,0.0,50.32127922605925,0.0,32.403645544156674,0.0,0.0,35.50238801288064,21.196381996442632,0.004386181912859549,16.645595448757287,1.2116769965588476,-0.286049520175796,14.495565667781406,-3.422068014121166
25,18,uttar pradesh,40.01906713484467,0.0,40.586389063085235,0.0,33.29948932335196,0.0,0.0,35.79816273268482,23.00704312098792,0.003853176382638012,20.228902949105912,1.9175866340236334,0.41986011728898975,0.5673219282405668,-6.719577811492705
25,19,uttar pradesh,35.99249175387843,0.11727474773171932,45.59576668492473,0.12147616763647118,40.077772858698665,0.12347082741096124,0.12347082741096124,35.566744995044495,20.23217856798879,0.008802880716823756,18.989211810773277,0.8481933027265097,-0.6495332140081339,9.6032749310463,4.085281104820233
25,20,uttar pradesh,37.138752615860575,0.4710395201322249,44.52628345372016,0.4810841968663853,45.479251933482104,0.4868489131291228,0.4868489131291228,38.50472242850927,23.20349426631058,0.009669137385719702,32.74740541784305,1.0815789474335205,-0.4161475693011232,7.387530837859586,8.340499317621529
25,21,uttar pradesh,42.99101977383671,0.0,52.812503031563196,0.0,43.32470136865461,0.0,0.0,36.65135083304306,19.279425251817614,0.007827512925180719,21.2907046979428,0.9534829601228498,-0.5442435566117938,9.821483257726484,0.3336815948178966
25,23,uttar pradesh,47.70226996937283,0.0,57.525648604880445,0.0,38.27753023708825,0.0,0.0,39.97012331915191,19.29347041874439,0.0008353927029206848,10.665610527770731,1.9504474027225427,0.45272088598789906,9.823378635507616,-9.424739732284579
25,24,uttar pradesh,45.96144928530043,0.0,52.26091109120093,0.0,45.556841045500974,0.0,0.0,19.461859658844325,17.335786855756254,0.0011033495239659776,14.029048332430222,1.1355218609250246,-0.362204655809619,6.299461805900499,-0.40460823979945815
25,25,uttar pradesh,40.70472623322124,0.0,50.504104055387664,0.0,58.37551348567091,0.0,0.0,25.95328608883884,12.662526423332121,0.015063768778557661,26.567831409968758,1.0145265785936326,-0.48319993814101103,9.799377822166427,17.67078725244967
25,26,uttar pradesh,59.75092962865962,0.0,50.01726938696211,0.0,53.38811285904339,0.0,0.0,25.197197730813503,16.012042680907147,0.1031873512882442,14.779873478590572,1.0838456189152232,-0.4138808978194204,-9.733660241697507,-6.362816769616231
25,27,uttar pradesh,47.60270434669213,0.0,43.13141542951401,0.0,45.109980582737904,0.0,0.0,25.782947023616344,18.016096447862655,0.01972431247940143,16.841543829988503,1.5396582667945458,0.04193175005990213,-4.471288917178121,-2.492723763954224
25,28,uttar pradesh,30.281983475470398,0.0,44.30454932021185,0.0,44.767723721430585,0.0,0.0,24.060851150632676,26.938494829881332,1.2136582821789155,8.863415075254299,1.9735168519371367,0.47579033520249303,14.02256584474145,14.485740245960187
25,29,uttar pradesh,33.067324072311344,0.0,47.709384129968456,0.0,44.61673406668405,0.0,0.0,25.531421065790017,32.145386564373915,0.010410875073230618,10.41154674259018,2.0200767713726773,0.5223502546380336,14.642060057657112,11.54940999437271
25,30,uttar pradesh,28.367727557688973,0.0,46.9715297165134,0.0,40.928227840194275,0.0,0.0,29.259155715046003,31.54547261421392,0.0012376769240961863,9.505031156696452,1.5382322809289155,0.040505764194271876,18.60380215882443,12.560500282505302
25,31,uttar pradesh,35.08798498319339,0.06232374901945757,46.42104250046671,0.062036902260697475,44.00729452308722,0.0628808654346094,0.0628808654346094,31.359159278984656,30.53880731522539,0.10793506808089633,11.076092177911532,2.0713084604667555,0.5735819437321119,11.333057517273325,8.919309539893831
25,32,uttar pradesh,43.091091166470555,0.7089785082003314,43.53822409283173,0.7093592997538166,44.74004451300965,0.7110284660100386,0.7110284660100386,47.76087745733406,21.876711351993862,0.04068334997707037,53.066724675429036,1.5717781084205529,0.07405159168590925,0.44713292636117785,1.6489533465390949
25,33,uttar pradesh,28.999892198432313,0.0,49.88183510715231,0.0,53.81719650108796,0.0,0.0,30.338641559146033,29.859265286441854,0.06371593027410766,7.2853569598891,1.6142285776915222,0.11650206095687854,20.88194290872,24.81730430265565
25,34,uttar pradesh,49.9729494107853,0.0,48.556464984445135,0.0,45.74055931525826,0.0,0.0,37.64439701384388,17.591933073560426,0.031588451360768044,15.00344638630581,1.8013946415185498,0.30366812478390615,-1.416484426340162,-4.2323900955270375
25,35,uttar pradesh,42.25520662156309,0.0,51.46047752885937,0.0,48.0242472657159,0.0,0.0,43.1239895418315,25.032534693867948,0.003529984868131532,12.85978194106808,1.6339056675299144,0.13617915079527076,9.205270907296281,5.76904064415281
25,36,uttar pradesh,39.687475801098984,0.35401756575030563,51.50537784939881,0.3648530833221296,43.306849205394926,0.36034944722684,0.36034944722684,40.88897995308946,25.169833174750643,0.03166975879525805,4.614990227750941,1.588778562709002,0.09105204597435845,11.817902048299828,3.619373404295942
25,38,uttar pradesh,33.754499163013016,0.0,45.532623668329116,0.0,49.07427887158657,0.0,0.0,40.8628340537832,27.347735769987462,0.0,17.931123844389386,1.6030331553358397,0.10530663860119605,11.7781245053161,15.319779708573556
25,39,uttar pradesh,41.91490343784794,0.0,50.83650400873964,0.0,48.61622217854731,0.0,0.0,41.73189023136354,28.802446390776232,0.013079685360125007,32.31710473120897,2.142556866520832,0.6448303497861883,8.921600570891698,6.701318740699371
25,40,uttar pradesh,45.66640114168272,0.0,52.402552298443425,0.0,48.64063964421288,0.0,0.0,25.226350089024162,25.12183478870224,0.04640692088085389,11.303608969167986,1.7091496846430703,0.21142316790842663,6.736151156760705,2.974238502530163
25,41,uttar pradesh,46.797028908541485,0.0,61.85241474698904,0.0,55.84507857644165,0.0,0.0,31.794330820986964,24.88845823124724,0.004295969085388182,14.044886739843612,2.116644641515829,0.6189181247811852,15.055385838447556,9.048049667900166
25,42,uttar pradesh,28.879858440500012,0.0,46.40772460252191,0.0,43.95592134088348,0.0,0.0,28.368666356270932,23.24659974362816,0.0023091724087192203,10.464149024320955,2.478684103112115,0.9809575863774715,17.527866162021898,15.076062900383466
25,43,uttar pradesh,28.38220148859652,0.0,49.31685462328484,0.0,43.27072822355727,0.0,0.0,35.851795533057675,24.717926792860936,0.016322309806917606,8.064590012536586,2.314594765223249,0.8168682484886052,20.93465313468832,14.888526734960749
25,44,uttar pradesh,42.93615387669682,0.0,44.06491854571984,0.0,46.799407951153135,0.0,0.0,32.16596553127968,21.491020943592527,0.004071108698602253,4.46048762835301,1.0960868726452273,-0.4016396440894163,1.1287646690230204,3.8632540744563144
25,45,uttar pradesh,38.369786830820814,0.38622054230917463,43.59035697136239,0.3877450253050848,43.919772065211816,0.37937630407202694,0.37937630407202694,33.814065473990375,24.461906812267376,0.0447847962525448,17.562142460761994,1.9588246606524382,0.4610981439177946,5.220570140541575,5.549985234391002
25,46,uttar pradesh,42.28682720376862,0.0,49.910324781505864,0.0,55.27192083310888,0.0,0.0,19.538228156878,16.458023029564277,0.34152879311162754,6.30142532411919,1.4960438331246524,-0.0016826836099912423,7.623497577737247,12.985093629340263
25,47,uttar pradesh,36.555537194465224,0.0,55.62635712564668,0.0,48.63193560852036,0.0,0.0,21.861869678078406,15.571405582026685,0.42615954045185167,5.989658767308271,1.5132749119853925,0.015548395250748914,19.070819931181454,12.076398414055134
25,48,uttar pradesh,44.77838497102384,0.016639556414702314,50.76535435419911,0.016875085784971513,53.62591666624047,0.017180329683054205,0.017180329683054205,24.66270981075763,27.018087305046024,0.009863251588024775,7.5470794870779025,1.7776867674336847,0.27996025069904107,5.986969383175271,8.847531695216631
25,50,uttar pradesh,16.273204242731023,0.0,49.05657208520714,0.0,51.77483372194699,0.0,0.0,31.05620726445911,22.37597754702942,0.007209525664148165,3.6483726259012395,1.2592930328435246,-0.23843348389111907,32.78336784247611,35.501629479215964
25,51,uttar pradesh,51.20803309748504,0.0,55.48476636016464,0.0,54.67677357954726,0.0,0.0,21.420763107586282,16.688360164765193,0.004157188569487992,2.747960196383246,2.117822641149928,0.6200961244152845,4.276733262679599,3.4687404820622163
25,52,uttar pradesh,52.23215902170571,0.0,58.859624824582035,0.0,58.97802871953902,0.0,0.0,22.83440846873438,19.403141773514086,0.16052465494059218,3.9812619826793236,2.6866289848706297,1.188902468135986,6.627465802876323,6.745869697833307
25,53,uttar pradesh,46.32602699236419,0.0,52.18887595941693,0.0,53.74918758476299,0.0,0.0,28.254255397619595,21.172442653372876,0.0062807602056875935,5.181225493167482,1.9888795968110913,0.49115308007644765,5.8628489670527415,7.423160592398801
25,54,uttar pradesh,43.029715373473195,0.0,44.966935746197365,0.0,48.09464226055602,0.0,0.0,34.42861420181722,22.037232852424754,0.01601434049945173,15.363460297808023,1.8916966202516967,0.3939701035170531,1.9372203727241697,5.064926887082827
25,55,uttar pradesh,42.69171300198886,0.0,52.58375259576579,0.0,54.38783437194091,0.0,0.0,29.276891296083086,15.551740260863456,0.00630627221834837,5.918008551305128,2.265344030770069,0.7676175140354253,9.892039593776929,11.696121369952053
25,56,uttar pradesh,48.21283681065359,0.0,53.048481135412494,0.0,53.59821382045177,0.0,0.0,34.37309359225665,22.06176311504777,0.003596669484057763,13.225576193368019,1.4698173641614074,-0.02790915257323623,4.835644324758903,5.385377009798177
25,57,uttar pradesh,45.07588495104146,0.0,51.17770418632042,0.0,53.41510608590204,0.0,0.0,30.73179132562784,25.614139472100916,0.0066603467376511625,5.662595080414172,1.9004773822272814,0.4027508654926377,6.10181923527896,8.33922113486058
25,58,uttar pradesh,46.65233630957914,0.0,49.58610976100259,0.0,55.309676691523975,0.0,0.0,33.00359829857843,21.791195286646182,0.003238904726994589,5.473811275250221,2.027083328640146,0.5293568119055023,2.9337734514234484,8.657340381944834
25,59,uttar pradesh,35.730827391970685,0.0,44.902890635803175,0.0,44.389709624185045,0.0,0.0,34.99953365486835,14.685230297139205,0.007647176092363742,8.007742655285194,2.3129909427518833,0.8152644260172397,9.17206324383249,8.65888223221436
25,60,uttar pradesh,44.63252246173671,0.0,51.558639534851956,0.0,52.14781415359412,0.0,0.0,33.99702973205932,20.57007792298076,0.01671758495450458,5.8898451844044795,2.122206102992492,0.6244795862578485,6.926117073115243,7.515291691857406
25,61,uttar pradesh,40.62231231320595,0.0,53.89213850986565,0.0,48.15589879372219,0.0,0.0,37.37305629974164,18.14340723702338,0.003203887328170872,21.99464516741138,2.288930400296859,0.7912038835622153,13.2698261966597,7.5335864805162345
25,62,uttar pradesh,42.25023707219392,0.01942041198119521,59.39914234621201,0.019406126295561557,47.58875128000615,0.018845720380760277,0.018845720380760277,30.850278703234913,25.94990522822769,0.0035603531146150085,11.024844626793529,2.0650160499155583,0.5672895331809147,17.14890527401809,5.338514207812231
25,63,uttar pradesh,38.05383307113533,0.0,48.02846266306994,0.0,44.54985022155283,0.0,0.0,26.940646914861855,42.4978210133381,0.01292973942389174,10.998371224911423,1.898599653743075,0.4008731370084313,9.974629591934608,6.496017150417501
26,1,west bengal,88.25115716486555,0.0,82.03610947247284,0.0,79.35685284414859,0.0,0.0,37.12819733366495,51.756976157741654,0.6114285319497317,6.837129717268999,1.0374722419738083,-0.46025427476083536,-6.215047692392702,-8.894304320716955
26,2,west bengal,84.38027441298895,0.0,77.38491277141735,0.0,72.39755874762788,0.0,0.0,37.09930701529151,37.32793249165503,20.484755642015443,14.274440513130731,1.278789179408969,-0.21893733732567466,-6.995361641571606,-11.98271566536107
26,3,west bengal,68.21704207778386,0.0,48.846936922628416,0.0,44.67264555938098,0.0,0.0,48.96743566329902,16.145313669544027,13.781858715812293,26.81782480293003,1.5066543281623253,0.00892781142768162,-19.370105155155443,-23.544396518402877
26,4,west bengal,77.11364452953126,0.0,69.60765763466739,0.0,67.70377076766081,0.0,0.0,31.50547711015256,29.01706167532012,9.831237672465583,11.486632308635262,1.389776539271569,-0.10794997746307455,-7.505986894863867,-9.409873761870443
26,5,west bengal,81.44288872812803,0.0,76.75757585149373,0.0,73.73155723298474,0.0,0.0,28.289718633517268,18.252605206156097,6.569371893873773,6.0390705193464145,2.437682540962369,0.9399560242277252,-4.685312876634299,-7.711331495143284
26,6,west bengal,77.22186291018282,0.0,77.25230362398149,0.0,69.55841489133836,0.0,0.0,30.261749155986443,13.395591573176285,1.2977018232971158,8.618146813528435,2.875603330909965,1.3778768141753215,0.03044071379866864,-7.663448018844463
26,7,west bengal,82.5541222233045,0.0,81.9430239472487,0.0,74.34754140365376,0.0,0.0,43.79165426000435,29.010328659948076,2.3500187040980536,19.637589603792428,3.500845592212881,2.0031190754782373,-0.6110982760557988,-8.206580819650739
26,8,west bengal,80.78104110221398,0.0985601557701382,81.2705967396149,0.09715468074023721,76.14092807871391,0.09633440335617918,0.09633440335617918,56.69816631169886,21.487428866250355,2.332240804264722,45.436680440122544,1.3642188504881771,-0.13350766624646648,0.489555637400926,-4.640113023500064
26,9,west bengal,78.08342119135169,0.22855226814259613,77.20806676282702,0.22466699852303115,71.52728080769747,0.22498373917815542,0.22498373917815542,44.63208417103672,34.44975791903105,1.2335718272694982,11.501689404955005,1.4788546560734708,-0.018871860661172857,-0.8753544285246733,-6.556140383654224
26,10,west bengal,73.35406511843678,0.25067432681670204,75.099785667948,0.24712516858006947,67.21789747011755,0.24705657649391047,0.24705657649391047,70.18238704819449,6.445765155339345,0.1953034886207819,90.4270152931291,0.867090496512181,-0.6306360202224627,1.7457205495112191,-6.13616764831923
26,11,west bengal,82.08826195517567,0.0,75.31493689285897,0.0,70.29366915539399,0.0,0.0,57.466771627533355,15.789898446071529,0.2705352038961359,43.30517872483272,1.1273576747264886,-0.370368842008155,-6.773325062316701,-11.794592799781682
26,12,west bengal,84.83759612944782,0.0,81.81557806286536,0.0,75.98982826373515,0.0,0.0,56.879613705820354,24.115373929735053,4.050325700364849,27.574020200999716,1.757621441778287,0.2598949250436433,-3.0220180665824614,-8.847767865712669
26,13,west bengal,85.54975198476839,0.0,79.9547348696234,0.0,77.8877599547434,0.0,0.0,57.06078788936277,16.37678220569989,8.300138125438405,8.534684140387101,2.137671038866249,0.6399445221316054,-5.595017115144998,-7.66199203002499
26,14,west bengal,79.4899540958777,0.0,76.03292037616971,0.0,74.80388439773274,0.0,0.0,43.37418205995227,31.369362207292877,10.33509027420042,7.155770008894624,1.8071116059687053,0.3093850892340617,-3.4570337197079937,-4.686069698144962
26,15,west bengal,69.69366472171635,0.0,66.85041946162322,0.0,62.24037068080762,0.0,0.0,35.23757674197823,19.342915441532117,19.246179492428723,7.987284846875991,1.1697879524230932,-0.32793856431155044,-2.843245260093127,-7.453294040908723
26,16,west bengal,77.08321249650133,0.0,76.09344774030275,0.0,74.37992583431998,0.0,0.0,51.872695626662605,27.412233649330858,6.187498060588622,30.264707458772882,0.7785214707717156,-0.719205045962928,-0.9897647561985821,-2.7032866621813554
26,17,west bengal,76.92974192781939,0.0,69.72830466659555,0.0,68.09313200983011,0.0,0.0,39.36681128472229,30.678997411604737,6.88888510526418,7.708127846215189,1.4177489529409493,-0.07997756379369436,-7.201437261223845,-8.836609917989279
28,1,chandigarh,57.84273555371448,0.7634654802320827,54.646118224621866,0.7805185169495414,49.91723199496864,0.789479425867679,0.789479425867679,66.20717584480114,16.506935196218155,0.0,76.66409663325624,1.1511040733693425,-0.3466224433653011,-3.196617329092618,-7.925503558745845
29,1,dadra nagar haveli,62.808178066425135,0.0,70.43826854568199,0.0,66.38400792157414,0.0,0.0,32.37649573575395,1.9714465218050652,78.98784635715678,7.1181495844075195,0.3834917515791373,-1.1142347651555062,7.630090479256857,3.575829855149003
30,1,daman diu,63.9837462426148,0.0,69.56361403822144,0.0,66.624026582114,0.0,0.0,64.52070014975604,3.8904365469155087,18.67602776122768,37.82708813062591,1.6761711870411424,0.1784446703064988,5.579867795606646,2.640280339499199
30,2,daman diu,26.29868984680261,0.0,54.54097981116621,0.0,39.64625211597953,0.0,0.0,53.255666708876795,3.73559579587185,0.31910852222362923,45.0500189945549,2.309435206280693,0.8117086895460495,28.2422899643636,13.347562269176919
31,1,nct of delhi,49.472518567832054,0.9692834426048013,58.58535151682833,0.0,41.534837937059876,0.9721464647403262,0.9721464647403262,62.44049769845883,19.05215821763353,0.0,74.96947130153735,0.5299906224859489,-0.9677358942486948,9.112832948996278,-7.937680630772178
33,1,puducherry,75.19057776343992,0.8605624795380319,62.915934081702616,0.8622996406593575,62.429863601718715,0.8613316817631169,0.8613316817631169,63.40915740920343,16.651598289109014,0.0,57.64772215446019,2.127423094321259,0.6296965775866155,-12.274643681737302,-12.760714161721204
33,3,puducherry,73.93720709659861,0.0,77.18609074172036,0.0,78.88015232302556,0.0,0.0,82.02230394355249,0.36774598618710197,0.0,87.16775794540617,0.8192935732198225,-0.6784329435148211,3.248883645121751,4.942945226426943
33,4,puducherry,69.3710835885917,0.35162727028346713,67.39614269496133,0.3648603773899329,68.58467840605303,0.3737344024040726,0.3737344024040726,64.2459476769966,19.904419372321033,0.0,83.58378085431345,1.5604934750714954,0.06276695833685175,-1.9749408936303752,-0.7864051825386724
