pc91_state_id,pc91_district_id,state_clean,Lit_Pct,SC_Pct,ST_Pct,Fem_Enterprise_Pct,Urban_Pct,Turnout_96,Turnout_98,Turnout_99,EVM_Exposure_Cont,EVM_Exposure_Binary,ST_Pct_ihs,Fem_Enterprise_Pct_ihs,Urban_Pct_ihs,Agency_Centered,EVM_Post_Agency,EVM_Any,IPW_Interaction,pscore,ipw_weight,ipw_weight_trimmed,Delta_9698,Sex_Ratio,Patriarchy_Centered,Agency_Z,Patriarchy_Z,EVM_Post_Agency_Z,EVM_Post_Patriarchy_Z
2,1,andhra pradesh,30.122291640694055,9.331289171911877,5.782937837850663,2.706402475223322,10.680125117173327,63.46106041348736,66.02737096916943,67.9478447917809,0.0,0,2.45545209738158,1.7212732073144863,3.0637162898692814,0.22354669057984267,0.0,0,0.0,0.05,1.0526315789473684,1.0526315789473684,2.5663105556820653,986.1488653370392,38.3584508023373,0.2982718728561833,1.1663557952084638,0.0,0.0
2,2,andhra pradesh,28.755933818351608,10.44290342847056,8.995630659785556,4.370609162481859,14.794781466557087,60.36963459472905,65.22217232134167,66.82451446465801,0.0,0,2.8929613572439132,2.180887358958984,3.3885618930903534,0.6831608422243405,0.0,0,0.0,0.050426071746180606,1.0531038924361684,1.0531038924361684,4.852537726612624,995.5147589481156,47.724344413413746,0.9115217198864469,1.4511421737532224,0.0,0.0
2,3,andhra pradesh,38.43667838234694,7.823520562937321,14.266403728716734,5.2488400376088835,34.26407114915781,61.695372415912566,66.37541601018762,68.36871359321518,0.0,0,3.352280625575391,2.360107510094294,4.227457371754702,0.8623809933596505,0.0,0,0.0,0.09585046195272079,1.1060117358017258,1.1060117358017258,4.680043594275055,984.5784331252769,36.78801859057501,1.1506499753486072,1.1186040567295106,0.0,0.0
2,4,andhra pradesh,40.835396190865026,18.19095707560684,3.873393509095181,3.670857155594191,20.33756210869294,63.78593975128189,67.31579511738562,69.53441831413534,0.0053250494787088955,0,2.0635396045274685,2.0116289864439967,3.706220584470188,0.513902469709353,0.0027365560784330042,1,0.513902469709353,0.18907902545572738,5.288793918784761,5.288793918784761,3.5298553661037317,993.8148159113726,46.02440137667077,0.6856851770341007,1.3994524320937747,0.0036513074945238545,0.007452153443998851
2,5,andhra pradesh,45.14271466087853,17.765549351333558,2.4202402544911985,2.590667333257037,18.0537019173593,66.89413343999362,68.84881686246473,70.32769047109242,0.0,0,1.6171947774862663,1.6803876637900732,3.5872640770899307,0.18266114705542957,0.0,0,0.0,0.21727877200117474,1.2775940708247928,1.2775940708247928,1.9546834224711063,983.7123327165698,35.92191818186791,0.24371947662907797,1.092268758775653,0.0,0.0
2,6,andhra pradesh,45.02958095161366,16.579012894066857,2.480971701074366,3.9792820447832966,30.712038094177274,64.73504942937946,64.74937318420459,67.1675353027892,0.0,0,1.640140935100701,2.0896754187684636,4.118066820215202,0.59194890203382,0.0,0,0.0,0.28956467695923316,1.4075876685295632,1.4075876685295632,0.014323754825127821,964.0995725560869,16.309158021384974,0.7898202705967928,0.4959084784533028,0.0,0.0
2,7,andhra pradesh,39.453722779090036,13.961702936864606,4.421427908796667,3.0867524170037597,24.813787390744434,57.48899107480231,57.71441738759903,63.850432271295496,0.0,0,2.1921596749266765,1.8455287443259019,3.9049524014112222,0.34780222759125823,0.0,0,0.0,0.16365791288330486,1.1956829811680512,1.1956829811680512,0.22542631279672065,969.5758927132941,21.785478178592257,0.4640624360759441,0.6624255722924116,0.0,0.0
2,8,andhra pradesh,33.92503386892996,20.029240719840704,3.582749280036069,2.9026190316512896,14.19798591313462,60.12765544971237,59.26628878209981,65.44924419378367,0.0,0,1.9882084164977585,1.7871936353486673,3.347485182402941,0.28946711861402363,0.0,0,0.0,0.13776010630620628,1.1597700446404176,1.1597700446404176,-0.8613666676125646,969.1780667349693,21.38765220026744,0.38622759019754016,0.6503289775239036,0.0,0.0
2,9,andhra pradesh,40.58129133120982,21.85460610468762,8.948107647162097,6.185701445131123,20.384364575756816,57.96148389269609,60.127745158169766,64.27824710763632,0.0,0,2.8876970531431594,2.521858213820905,3.708516455323165,1.0241316970862613,0.0,0,0.0,0.17629504709203736,1.214026935821686,1.214026935821686,2.166261265473679,936.652168295939,-11.138246238762918,1.3664692532417428,-0.3386778604794021,0.0,-0.0
2,10,andhra pradesh,42.41987462692428,18.384134218897266,3.2171337476437323,4.096062529084776,17.166330407634305,62.46491801946663,61.65290093229011,68.17073119581501,0.0,0,1.88496172677535,2.1177516081614174,3.536944403452797,0.6200250914267738,0.0,0,0.0,0.18719542867842393,1.230308041174097,1.230308041174097,-0.8120170871765211,969.782663043701,21.99224850899907,0.8272815167068542,0.6687127858816648,0.0,0.0
2,11,andhra pradesh,40.821133016634406,14.90182642059222,2.0907773234399096,4.152828190768372,20.44926092560574,60.577589838889864,62.23672857719823,66.07971635769499,0.0,0,1.4835105857062276,2.13112748096016,3.711691226164869,0.6334009642255163,0.0,0,0.0,0.19412928036711666,1.2408938253217001,1.2408938253217001,1.6591387383083642,967.669048204694,19.878633669992155,0.8451285562690081,0.6044446294585148,0.0,0.0
2,12,andhra pradesh,35.03197737053735,14.190841550417204,3.4928862050358473,4.900228198117064,19.880338487110112,52.07857093454853,51.68798389233121,61.65712966340479,0.0,0,1.9637643234771933,2.292681381520617,3.683510355331409,0.7949548647859732,0.0,0,0.0,0.13617376137333556,1.1576402235591137,1.1576402235591137,-0.39058704221731944,962.1501561324236,14.359741597721722,1.0606852453991407,0.4366330620729404,0.0,0.0
2,13,andhra pradesh,32.52493084482332,17.42696998073342,1.8989083169190697,5.073675938592516,21.48142766422336,59.04864600671209,60.72965114162319,62.991006310901135,0.0,0,1.397489803197117,2.3267859593154077,3.7608772415360985,0.829059442580764,0.0,0,0.0,0.19109714005782233,1.236242384000821,1.236242384000821,1.6810051349110964,955.4926515226384,7.702236987936544,1.1061899955049734,0.23419998876496267,0.0,0.0
2,14,andhra pradesh,23.894444354170393,17.6266229018053,7.39035764774703,9.969074135660062,9.243821192375815,60.59387947203032,62.54249402664585,65.80648925084908,0.0,0,2.697869495975385,2.9951409909904245,2.9200155206585663,1.497414474255781,0.0,0,0.0,0.05,1.0526315789473684,1.0526315789473684,1.9486145546155242,980.8501091600702,33.059694625368365,1.9979567513154781,1.0052378447924948,0.0,0.0
2,15,andhra pradesh,40.25853009013443,17.217549136626427,4.2866558567002855,4.455188758389327,100.0,56.98957968651474,63.920165965577866,61.83449253587254,0.8305170016450149,1,2.1619896776921568,2.19958037588199,5.298342365610589,0.7018538591473464,0.5829015626920367,1,0.7018538591473464,0.46082655523261973,2.1700138341533117,2.1700138341533117,6.930586279063128,972.3390425847887,24.54862805008679,0.936463270810306,0.7464439775782371,0.7777486678240589,0.6199344141542562
2,16,andhra pradesh,60.08520826373302,8.860279871923773,0.9201068425039393,2.5505486517613067,4.951558183423137,47.618017559309,51.35424547245046,51.87544764925934,1.0,1,0.8237377170515218,1.6658425601548768,2.302893597516857,0.16811604342023312,0.16811604342023312,1,0.16811604342023312,0.10455556788600283,9.564292177058444,9.564292177058444,3.7362279131414553,962.8851813973097,15.094766862607798,0.22431236623569994,0.4589827909955765,0.22431236623569994,0.4589827909955765
2,17,andhra pradesh,26.516389109172618,17.87479073046083,4.18724116662261,8.965658811194672,11.919992950920786,57.030064168986996,61.95726289621748,65.55674758474233,0.03952536780103143,1,2.139152444714342,2.8896444711240266,3.1731191200679865,1.391917954389383,0.05501606909609965,1,1.391917954389383,0.08223709868485335,12.15996206082332,12.159404129809367,4.927198727230483,980.7687692876239,32.97835475292197,1.85719580120371,1.0027645636868985,0.07340634712110788,0.039634638197565464
2,18,andhra pradesh,28.37546158919373,15.12174553203284,5.927802879667862,21.983525200571368,16.74474080728596,59.094999165163756,63.530640117918104,67.83631852490363,0.0,0,2.479840700029392,3.783957401329277,3.512121844607316,2.2862308845946333,0.0,0,0.0,0.08535158987914065,1.0933162829943175,1.0933162829943175,4.435640952754348,979.3047825514949,31.514368016793014,3.050451634783355,0.9582494860944455,0.0,0.0
2,19,andhra pradesh,26.79917135258505,18.519817489733317,17.07435118793323,3.207337582001155,18.89805866346446,56.25986822940499,64.30991770965636,67.04476567488287,0.0,0,3.5315810210411795,1.8820499186406758,3.632905659469255,0.3843234019060322,0.0,0,0.0,0.07518147092595487,1.0812932143576628,1.0812932143576628,8.050049480251374,985.6398065582468,37.849392023544965,0.5127915809070286,1.1508769725676389,0.0,0.0
2,20,andhra pradesh,31.295222430654825,18.5555752355731,2.753164952859042,10.036973658739557,16.98427581230004,52.02210957900638,59.438768961329146,65.6213219048037,0.0,0,1.7373586377806467,3.0018952491610627,3.526300674285827,1.504168732426419,0.0,0,0.0,0.15001244931783805,1.176487819377407,1.176487819377407,7.416659382322763,979.4034676740848,31.61305313938294,2.0069687623145445,0.9612501798718545,0.0,0.0
2,21,andhra pradesh,32.595592784529195,17.193433308547654,13.66945600163472,6.5509052370434615,16.37571873740613,56.99390548359868,61.14379324985414,70.12707419471367,0.0,0,3.309646301067646,2.578525724136961,3.4898778172560108,1.0807992074023174,0.0,0,0.0,0.07939067782451306,1.0862370996167032,1.0862370996167032,4.1498877662554605,976.7859786488576,28.99556411415574,1.4420790705386366,0.8816608474141872,0.0,0.0
2,22,andhra pradesh,33.47129648809983,16.253837763092395,25.225910717033823,4.067396812434933,17.103008427170394,65.71652552225343,67.31971921432951,71.85284765796594,0.0,0,3.9214114862579934,2.110930379051228,3.5332551295803887,0.6132038623165843,0.0,0,0.0,0.06241235763259268,1.0665669584498805,1.0665669584498805,1.6031936920760756,980.5471312425018,32.75671670779991,0.8181801483233637,0.9960252712243614,0.0,0.0
2,23,andhra pradesh,31.356246572691205,17.678461985097254,9.664414752399292,3.176491955433918,9.999992987603486,60.55170216113278,66.37734469484407,70.4085934284399,0.0,0,2.964263688396099,1.872828158455171,2.998222252538195,0.3751016417205273,0.0,0,0.0,0.05936060758406641,1.0631066570916246,1.0631066570916246,5.825642533711289,981.3480271416993,33.557612606997395,0.5004872534556735,1.0203779120075174,0.0,0.0
3,2,arunachal pradesh,37.17917734061579,0.49784909855478754,50.73227318865098,2.816358024691358,11.274107013388758,52.15534498865608,59.57490084409641,70.87499630865545,0.0,0,4.619806560558905,1.7587164929694798,3.1176169548032675,0.2609899762348362,0.0,0,0.0,0.05,1.0526315789473684,1.0526315789473684,7.419555855440329,956.3172043010752,8.526789766373327,0.3482313641339801,0.2592719583432122,0.0,0.0
3,4,arunachal pradesh,36.44857107008078,0.4555588800200755,67.10806976227934,0.6715095277747629,30.599658330839986,52.15534498865608,59.57490084409641,70.87499630865545,0.0,0,4.899506989863243,0.6291701171421606,4.1144029142196805,-0.868556399592483,-0.0,0,-0.0,0.05,1.0526315789473684,1.0526315789473684,7.419555855440329,960.7079974052451,12.917582870543242,-1.1588896409770135,0.39278170327529605,-0.0,0.0
3,6,arunachal pradesh,47.708071697682385,0.5308825208357119,59.32754880694143,0.28713129731140696,30.88252083571184,52.230236589486786,59.22528452597318,71.79319501632129,0.0,0,4.7762919654567,0.28332547445542017,4.123599561327464,-1.2144010422792235,-0.0,0,-0.0,0.05,1.0526315789473684,1.0526315789473684,6.995047936486394,975.4888460479207,27.698431513218793,-1.6203401282281686,0.8422192616720318,-0.0,0.0
3,7,arunachal pradesh,35.291992412914105,0.44860150738135146,68.57481207912247,0.6155861165684349,12.149373262547295,53.016278602945256,55.52368663059287,81.27691831274242,0.0,0,4.921125635927015,0.5821438545852863,3.1921141624720097,-0.9155826621493574,-0.0,0,-0.0,0.05,1.0526315789473684,1.0526315789473684,2.507408027647614,996.945511873091,49.15509733838917,-1.2216354207059947,1.4946467191832704,-0.0,0.0
3,8,arunachal pradesh,39.705610926541155,0.9689922480620154,33.13953488372093,12.885326757090013,26.647286821705425,53.04654083299498,55.37999382861707,81.63652802893309,0.0,0,4.194101719152595,3.2507387313543403,3.97618640643382,1.7530122146196967,0.0,0,0.0,0.05,1.0526315789473684,1.0526315789473684,2.333452995622089,1002.6235242675994,54.83310973289747,2.338993411345676,1.6672966183078906,0.0,0.0
3,9,arunachal pradesh,38.47009279346617,1.1877199059303958,37.31154175705978,0.5590062111801243,17.34909667657193,59.27752875533485,57.72927644740451,79.92052396832929,0.0,0,4.3126294196788635,0.5333568035850063,3.5475171771246337,-0.9643697131496374,-0.0,0,-0.0,0.05,1.0526315789473684,1.0526315789473684,-1.5482523079303405,967.869175774509,20.078761239807136,-1.2867305694431053,0.6105298582921169,-0.0,0.0
3,11,arunachal pradesh,25.176591663937874,0.39996257660101975,80.42522337091268,0.2948885976408912,7.096412031622772,68.0214032290957,35.96614832613712,64.32857015659972,0.0,0,5.080513679352457,0.29077378304610985,2.65766427428685,-1.2069527336885337,-0.0,0,-0.0,0.05,1.0526315789473684,1.0526315789473684,-32.05525490295857,946.1636286562103,-1.626785878491546,-1.6104020658610037,-0.049465270292571126,-0.0,-0.0
4,2,assam,32.42379090224428,3.7611517512449124,41.14872873470479,0.9547795361425403,5.4496358624583,82.8014099950369,69.04198483834631,75.33690429761172,0.0,0,4.410487828933263,0.8490337259531382,2.3970095508147824,-0.6486927907815054,-0.0,0,-0.0,0.05,1.0526315789473684,1.0526315789473684,-13.759425156690597,975.1136224051099,27.323207870408055,-0.8655319974222455,0.8308099304519901,-0.0,0.0
4,3,assam,38.6085597561927,10.741985058010732,17.527921805323192,1.6626893546378918,7.907019366631044,80.8862944695042,61.40265087266421,73.90457528101689,0.0,0,3.5577550580785586,1.2817475555363493,2.76487295925325,-0.2159789611982943,-0.0,0,-0.0,0.05,1.0526315789473684,1.0526315789473684,-19.483643596839983,983.1585014409222,35.368086906220356,-0.2881744707875224,1.0754285500496046,-0.0,0.0
4,4,assam,36.20461250828902,5.500461789708302,17.229022248234795,2.1465391224065855,6.39335501823957,83.83228817085786,66.02468024609914,74.82834868458235,0.0,0,3.540583627255409,1.5073127488662155,2.5544672014164096,0.009586232131571837,0.0,0,0.0,0.05,1.0526315789473684,1.0526315789473684,-17.807607924758727,977.0418157599186,29.251401225216682,0.01279063180985368,0.8894400222993506,0.0,0.0
4,5,assam,34.054987554658105,6.544683793054423,7.9710809080733425,1.3851107533448066,5.975207464462757,80.85318117922886,59.58386801738135,73.68004948170946,0.0,0,2.7728789102578424,1.129297268371538,2.4876957698587514,-0.36842924836310553,-0.0,0,-0.0,0.05,1.0526315789473684,1.0526315789473684,-21.269313161847506,959.715229494659,11.924814959957075,-0.4915844723051714,0.36259485835353455,-0.0,0.0
4,6,assam,45.569318863821955,8.775568433376952,17.674416316571396,1.6072676450034942,1.95417113509578,79.14780204530821,58.02482071589507,71.6915902398425,0.0,0,3.5660647042161164,1.252828892312565,1.4229502998746342,-0.24489762442207863,-0.0,0,-0.0,0.05,1.0526315789473684,1.0526315789473684,-21.122981329413143,966.690238981676,18.899824446974094,-0.32675980532270144,0.5746822228495115,-0.0,0.0
4,7,assam,53.74684198710946,7.536882440673357,10.71661956000562,2.682493625252792,28.476039100611928,75.22390707689739,45.816868327596325,64.63140744191843,0.0,0,3.0671127025665466,1.7129542405217184,4.042518343626057,0.21522772378707478,0.0,0,0.0,0.13464808430167308,1.1555992213792166,1.1555992213792166,-29.407038749301066,970.3326375022691,22.542222967567227,0.287172116473876,0.6854357213378726,0.0,0.0
4,8,assam,33.51669925935051,4.954344579092435,17.319572548234603,3.399904591224971,4.172120166915603,79.26083993041894,57.15119539476067,68.19596298527782,0.0,0,3.5458167871220323,1.9378523561735195,2.1356340007587633,0.44012583943887584,0.0,0,0.0,0.05,1.0526315789473684,1.0526315789473684,-22.10964453565827,970.7979294853013,23.007514950599443,0.5872471566513571,0.6995837379944941,0.0,0.0
4,9,assam,38.878470420638536,5.687056049798952,10.706971277558527,1.3817663817663817,6.347597078397822,79.10926087788927,66.39578805663429,71.6115729855111,0.0,0,3.066215886265996,1.1273380759125649,2.5473712522967906,-0.3703884408220788,-0.0,0,-0.0,0.05,1.0526315789473684,1.0526315789473684,-12.713472821254982,978.9972410406044,31.20682650590254,-0.49419856604329787,0.9488981484884853,-0.0,0.0
4,10,assam,47.122952641124556,8.007802884033229,23.573119437085253,0.9929273626351978,5.488232468460461,79.50995790163124,65.0036930382612,73.88795507775797,0.0,0,3.853703822768797,0.8763636240232316,2.4039519024385485,-0.621362892711412,-0.0,0,-0.0,0.05,1.0526315789473684,1.0526315789473684,-14.506264863370035,972.8029916709162,25.012577136214304,-0.8290665062034263,0.7605511611054072,-0.0,0.0
4,11,assam,41.68911722323163,6.365933629889523,43.922060021301924,4.821330735983442,1.5631852640811978,78.95245356563235,64.46502399463807,74.40115522622371,0.0,0,4.475693446353638,2.2767825829060238,1.2293086945956921,0.7790560661713801,0.0,0,0.0,0.05,1.0526315789473684,1.0526315789473684,-14.48742957099428,984.2435817387153,36.453167204013425,1.0394719390127316,1.1084223145819396,0.0,0.0
4,12,assam,37.471274789661116,13.778095991445749,15.39561844791631,2.008728019509691,4.228038306533559,74.16243718979936,59.37492921513036,71.37458705721555,0.0,0,3.428283209072517,1.4475319644190743,2.148585724987981,-0.05019455231556935,-0.0,0,-0.0,0.05,1.0526315789473684,1.0526315789473684,-14.787507974669005,983.4354179338832,35.64500339918129,-0.06697313696529643,1.08384868041457,-0.0,0.0
4,13,assam,43.41821208966332,10.019855575645305,3.689471262764959,0.8297563512454108,9.29937126651528,73.59070573367052,61.167923762349375,71.75227166419175,0.0,0,2.0165099649378715,0.7557358056219052,2.925972415112199,-0.7419907111127384,-0.0,0,-0.0,0.06982595152036175,1.0750676194788402,1.0750676194788402,-12.422781971321143,974.9689885736761,27.17857403897426,-0.9900167095805973,0.8264120858063526,-0.0,0.0
4,14,assam,47.46973780817683,5.58655035165005,10.254366643480948,1.718636464158216,5.130806090115156,74.08663130263429,61.6132654869886,70.684376992671,0.0,0,3.0232198849676757,1.310231182619384,2.337774081459884,-0.18749533411525965,-0.0,0,-0.0,0.05,1.0526315789473684,1.0526315789473684,-12.473365815645685,985.2324151656125,37.44200063091057,-0.2501695923714877,1.1384895246447362,-0.0,0.0
4,15,assam,54.788419730809935,7.611403043597037,12.087497101718766,4.40270032286469,13.312810058700238,73.17430087815924,48.395825677544735,68.75286386149278,0.0,0,3.1870254944536613,2.1880200346690897,3.2832815283756154,0.690293517934446,0.0,0,0.0,0.07349092229849888,1.0793202398845527,1.0793202398845527,-24.77847520061451,972.9957805907173,25.205366056015464,0.9210386424452676,0.7664132454481972,0.0,0.0
4,16,assam,53.58547461791685,3.5576657272217647,3.7991900729418946,2.4369152424304295,6.22742936817099,68.9147817093265,32.225743860532766,63.000169944780716,0.0,0,2.0448220633123007,1.6235437784593962,2.5284958255563805,0.1258172617247526,0.0,0,0.0,0.05,1.0526315789473684,1.0526315789473684,-36.68903784879374,975.8585558980178,28.06814136331593,0.16787432725994667,0.8534609363796082,0.0,0.0
4,17,assam,48.0010206656006,4.021940473324079,7.954284924941748,3.813758103036506,15.28676962215228,70.06736931482487,42.62585102115534,60.5437130525373,0.0,0,2.770786012138945,2.0485236349039178,3.421203006315049,0.5507971181692741,0.0,0,0.0,0.06393300827376357,1.06829960765507,1.06829960765507,-27.44151829366953,970.9745332521134,23.18411871741148,0.7349126375971131,0.7049536844487526,0.0,0.0
4,18,assam,40.59771907349478,2.620219795339955,5.367505188425043,9.457039592574338,14.231659660164675,73.12409728357888,50.09128129935356,65.34156887808666,0.0,0,2.3820770876565693,2.942690234362098,3.3498482611021547,1.4449637176274543,0.0,0,0.0,0.05102248311149344,1.0537657449238473,1.0537657449238473,-23.032815984225316,970.5301389065885,22.73972437188661,1.9279732263002993,0.6914410970157581,0.0,0.0
4,19,assam,35.88045080674732,4.223634912323852,51.56271926581694,4.36051453504845,8.662140894461185,73.29001807478792,64.9981330631504,71.78278925077302,0.0,0,4.636040114235546,2.1786334039577904,2.8554244404146685,0.6809068872231467,0.0,0,0.0,0.05,1.0526315789473684,1.0526315789473684,-8.291885011637518,975.9198261966501,28.12941166194821,0.9085143330278189,0.8553239669866617,0.0,0.0
4,20,assam,46.57727733900969,2.5981260071219685,65.53935318731308,0.7007958189808766,19.234620460076524,72.68879739610679,70.44203726347988,70.7935790492379,0.0,0,4.87585615143033,0.653318404518113,3.6505340302704608,-0.8444081122165307,-0.0,0,-0.0,0.05,1.0526315789473684,1.0526315789473684,-2.2467601326269175,990.522942660394,42.73252812569217,-1.1266692807327536,1.2993572675847676,-0.0,0.0
4,21,assam,44.057707816695945,14.58196050361339,0.17290097610460148,0.5041870202372645,6.439775446368657,74.3291148001573,80.34614916885533,69.19179700451792,0.0,0,0.17205089121746303,0.48495367026411634,2.5616154102707025,-1.0127728464705272,-0.0,0,-0.0,0.13405719282012601,1.1548106776898022,1.1548106776898022,6.0170343686980345,981.3145043238655,33.52408978916367,-1.3513134679431074,1.0193585920914559,-0.0,0.0
4,22,assam,42.32465126222586,12.04926867506369,0.1592257397872833,0.9450770780075916,6.5380538383424485,74.2784166723528,80.5239871311715,70.38139458557136,0.0,0,0.1585604977665939,0.8419991913388212,2.5765845533750276,-0.6557273253958225,-0.0,0,-0.0,0.1126720077006487,1.1269789848606933,1.1269789848606933,6.24557045881869,986.9099650349651,39.119550500263244,-0.874917973160207,1.1894983628784084,-0.0,0.0
4,23,assam,48.29350370458744,14.696906741485208,1.3627780497537818,4.273534633968194,8.540174512603002,79.28909721928527,79.03763327543747,66.54348505530928,0.0,0,1.116155115240772,2.1590044334879557,2.8413388612493153,0.661277916753312,0.0,0,0.0,0.13403125561874701,1.154776089193051,1.154776089193051,-0.2514639438477957,980.4199270615728,32.62951252687094,0.8823239664019922,0.9921574055911588,0.0,0.0
5,1,bihar,45.52481875711505,15.479860074495381,0.14841588840451814,0.008770330561217956,31.613910852628553,57.01094398473986,46.78874778444572,54.34905427807538,0.0,0,0.1478763532121419,0.008770218131374635,4.146994467576835,-1.488956298603269,-0.0,0,-0.0,0.4221717386102814,1.7306180171854662,1.7306180171854662,-10.222196200294142,936.8238905944739,-10.966523940227944,-1.9866712525846424,-0.33345634360702153,-0.0,-0.0
5,2,bihar,37.590484460671824,19.40185035498087,0.0168168589010483,1.161020175104682,11.932562393799785,69.1340825950726,61.68367484064986,67.15828453116079,0.0,0,0.01681606634839043,0.9907776735417704,3.174169363140814,-0.5069488431928733,-0.0,0,-0.0,0.24089712966456334,1.3173445116313607,1.3173445116313607,-7.450407754422741,961.5615882028231,13.771173668121264,-0.67640715462709,0.41873662462032274,-0.0,0.0
5,3,bihar,37.47494746475113,14.358188156213256,0.2528079843163231,1.389350423292982,9.170139217975544,48.512042826376394,53.95156995828068,48.852378208942184,0.0,0,0.25018970377781535,1.131776477276121,2.912059431570817,-0.36595003945852267,-0.0,0,-0.0,0.14829242743594784,1.1741119043822938,1.1741119043822938,5.439527131904285,916.9139465875371,-30.87646794716477,-0.48827653568909546,-0.9388530186299813,-0.0,-0.0
5,4,bihar,35.743177904529446,18.81128078367696,1.6229269982779928,0.5753904234522239,8.157659311507453,46.45687022380404,55.96825984706012,53.29169437325329,0.0,0,1.2610723523264966,0.5476081481559791,2.7958401853540193,-0.9501183685786645,-0.0,0,-0.0,0.1173507507795482,1.1329528698780307,1.1329528698780307,9.511389623256079,948.6731083073174,0.8826937726155393,-1.2677154132586093,0.026839848209454363,-0.0,0.0
5,5,bihar,35.868721054969264,23.264726738130427,0.03272752774696946,0.3647190174916264,6.1362166458439935,42.19315911162999,55.711182134365664,60.98685223428619,0.0,0,0.032721688200675086,0.35708204609297367,2.513929934782006,-1.14064447064167,-0.0,0,-0.0,0.18576807266398143,1.2281512999272484,1.2281512999272484,13.518023022735676,969.7084791352752,21.918064600573302,-1.5219288714982155,0.6664570943796938,-0.0,0.0
5,6,bihar,36.88484126308622,18.391607796408206,0.020257043152608734,1.200372197661497,5.183079411013703,55.3083318286876,68.0642294050663,62.18355700903126,0.0,0,0.020255658002864205,1.016211387510014,2.3477252868476195,-0.4815151292246296,-0.0,0,-0.0,0.1266883232081864,1.1450665628033132,1.1450665628033132,12.7558975763787,966.9125214408233,19.122106906121417,-0.6424716869209063,0.5814411098477287,-0.0,0.0
5,7,bihar,32.01651304055122,29.58166138359946,0.05508849997542032,1.031650618344209,10.93409156324126,50.72642153522291,60.963068530148036,60.53595568115311,0.0,0,0.05506067471943839,0.9035778105641596,3.0871173254514117,-0.594148706170484,-0.0,0,-0.0,0.32738226846719404,1.486728572737941,1.486728572737941,10.236646994925124,982.5883844228352,34.797969888133366,-0.7927554055256868,1.0580931448368318,-0.0,0.0
5,8,bihar,30.95542085204465,24.417037951186078,0.09163826566859896,0.48824796885232086,5.613983734575574,60.06496697058754,71.70467045072009,69.5737131661948,0.0,0,0.09151049144414444,0.4706758617367141,2.4262472835838227,-1.0270506549979295,-0.0,0,-0.0,0.1540440002611821,1.1820945773878806,1.1820945773878806,11.639703480132546,973.5271473876776,25.736732852975706,-1.3703639342179779,0.7825703824037432,-0.0,0.0
5,9,bihar,32.84250169064664,11.710390286749217,0.12557423687708416,2.797938054001957,7.376932584007649,55.581853472276265,60.39184965947029,60.976225667546494,0.0,0,0.12524652930567562,1.7525351670634994,2.6960677285843313,0.2548086503288558,0.0,0,0.0,0.0978318588059096,1.1084408264255723,1.1084408264255723,4.809996187194024,960.3312664752777,12.540851940575862,0.33998380005719175,0.3813265403526331,0.0,0.0
5,10,bihar,30.66701489794198,11.140959506138037,0.5826885757571151,0.02808199943836001,4.296510639709144,52.29333642741607,57.26748216381282,64.22440487284914,0.0,0,0.5539239060829945,0.028078309842861585,2.1642260725625038,-1.469648206891782,-0.0,0,-0.0,0.05,1.0526315789473684,1.0526315789473684,4.97414573639675,962.5819499170577,14.791535382355846,-1.9609090251898815,0.4497625074105065,-0.0,0.0
5,11,bihar,27.59497978654118,12.226766257312343,1.1246193474191903,0.051524519609625986,4.532274058123228,54.931131515928136,48.62191779327339,53.868547930371754,0.0,0,0.9668067155716469,0.051501749124509826,2.2163251156607373,-1.4462247676101339,-0.0,0,-0.0,0.05,1.0526315789473684,1.0526315789473684,-6.3092137226547464,966.0609446196986,18.27053008499672,-1.9296558087582343,0.555547426979716,-0.0,0.0
5,12,bihar,22.219760668407563,14.36576613791348,1.3328385467329087,0.8145236454998582,8.18176208591975,37.73859115357381,41.53842089238227,46.1378732142958,0.0,0,1.0983153814506585,0.7439691866227566,2.7987685918876437,-0.7537573301118871,-0.0,0,-0.0,0.0665220903199207,1.0712626293885403,1.0712626293885403,3.7998297388084623,962.9218481530305,15.131433618328629,-1.0057165684197407,0.4600977078426322,-0.0,0.0
5,13,bihar,21.832260345750544,13.069537547883527,0.04199718638568205,0.2954283313193503,4.6320136204959415,42.696376407757555,48.61179684154151,56.27137670020404,0.0,0,0.04198485065540853,0.2912914388259328,2.2375923217152813,-1.206435077908711,-0.0,0,-0.0,0.05613378456623201,1.059472183290759,1.059472183290759,5.915420433783957,943.6974687106207,-4.092945824081198,-1.6097113727510226,-0.12445317737129524,-0.0,-0.0
5,14,bihar,22.46247640074514,12.119364665198965,0.01647505012554908,0.7811307312604957,4.55200617187157,53.465709442375065,52.15869341698555,57.44003024718589,0.0,0,0.016474304920235217,0.7178659338660927,2.2205677494678473,-0.779860582868551,-0.0,0,-0.0,0.05245128939279461,1.0553547155999854,1.0553547155999854,-1.3070160253895153,924.6184350440128,-23.17197949068907,-1.0405453823340656,-0.7045845700257016,-0.0,-0.0
5,15,bihar,28.843025651146974,15.720286008037501,0.03913466352822012,0.5943183013087837,7.7910479795714345,61.75816585360211,65.45229138984428,59.59708910396386,0.0,0,0.0391246811407628,0.5639467801520199,2.7502159335330996,-0.9337797365826237,-0.0,0,-0.0,0.11666524120983165,1.132073644842889,1.132073644842889,3.6941255362421686,942.8594765903224,-4.93093794437948,-1.2459152499337738,-0.14993379364762757,-0.0,-0.0
5,16,bihar,31.968183629107227,19.845531239734118,0.06560845081579542,0.499414748341787,5.384179882715575,64.26875233584477,78.6059354118707,62.96724842847238,0.0,0,0.06556147349947807,0.48068829880073943,2.3851265614703876,-1.0170382179339041,-0.0,0,-0.0,0.11922732715024706,1.1353667419817708,1.1353667419817708,14.337183076025937,945.7294345710606,-2.06097996364133,-1.35700462951436,-0.06266770096604425,-0.0,-0.0
5,17,bihar,29.242830921553274,14.498562630147132,0.04970318601830642,0.008273880466123299,7.950581147063572,51.92832494695906,59.344576624372294,48.61898116528025,0.0,0,0.04968274422100009,0.008273786068056994,2.7703239098195565,-1.4894527306665866,-0.0,0,-0.0,0.1137847229613563,1.128393998511938,1.128393998511938,7.416251677413236,961.2680283756063,13.477613840904382,-1.9873336275045643,0.4098104245639341,-0.0,0.0
5,18,bihar,28.721214282743496,18.03451617616802,0.01994899388243123,0.8815679508263015,4.063816168917186,49.15413011423032,55.06993474293018,61.58645249405511,0.0,0,0.019947670961226373,0.7951035738981304,2.1100751536231472,-0.7026229428365133,-0.0,0,-0.0,0.08272624242100668,1.0901870807242433,1.0901870807242433,5.91580462869986,941.5998613485216,-6.190553186180296,-0.9374894368955919,-0.18823459845796603,-0.0,-0.0
5,19,bihar,27.784922015851315,14.55786414672641,0.010314784112365036,0.8578094494373628,7.201153025596993,41.084250761053696,61.845578940018186,60.71178921383689,0.0,0,0.010314601214605534,0.7771763036534255,2.6721748288220395,-0.7205502130812181,-0.0,0,-0.0,0.10531559660013877,1.1177125656823037,1.1177125656823037,20.76132817896449,953.9169631183678,6.126548583665908,-0.9614092742110866,0.18628842655839284,-0.0,0.0
5,20,bihar,26.599386163394094,12.771325384248156,0.021080329827713323,1.3412541741232036,2.951634590667311,42.22496790979264,61.66536782273773,60.60875991569395,0.0,0,0.02107876885927316,1.1033557750712348,1.803039991771273,-0.3943707416634088,-0.0,0,-0.0,0.05,1.0526315789473684,1.0526315789473684,19.44039991294509,953.4689839350206,5.678569400318679,-0.526197455263217,0.1726668358606278,-0.0,0.0
5,21,bihar,22.966693519129755,15.479179106467459,0.297302822255817,0.4370210727969348,5.675175153741798,52.59221660661281,55.019076480294295,57.58275861382708,0.0,0,0.29308866309601384,0.4241853019055113,2.436921899126264,-1.0735412148291323,-0.0,0,-0.0,0.07040178855368696,1.0757335671334312,1.0757335671334312,2.4268598736814866,931.306246940543,-16.484167594158862,-1.4323949413199712,-0.5012299506491857,-0.0,-0.0
5,22,bihar,21.92143030603563,16.340495845312837,0.7065430591336038,23.779286183490257,5.291643245427976,60.38015232209331,54.75252895539754,57.04815048960976,0.0,0,0.6580186101763097,3.8624038831965586,2.368086859135477,2.364677366461915,0.0,0,0.0,0.058237110045074786,1.0618383997354814,1.0618383997354814,-5.627623366695772,942.4875778846912,-5.302836650010704,3.1551205028611657,-0.1612420243365759,0.0,-0.0
5,23,bihar,22.3852444401866,12.479635528518243,4.372007866367554,1.2507786002205261,6.874822035409299,52.139304612370864,50.15309958467667,55.57519779327937,0.0,0,2.181199274989215,1.0480793080007123,2.6262609859429698,-0.4496472087339314,-0.0,0,-0.0,0.05,1.0526315789473684,1.0526315789473684,-1.9862050276941972,964.6483786646455,16.85796412994364,-0.5999512438575921,0.5125958881837345,-0.0,0.0
5,24,bihar,22.383394142589488,8.767818207715655,5.57648270497102,0.7402327556848104,7.72299466412473,60.91558623151426,60.09355352422424,55.7760655624625,0.0,0,2.4196494883505344,0.6853150624648723,2.7415147601488794,-0.8124114542697713,-0.0,0,-0.0,0.05,1.0526315789473684,1.0526315789473684,-0.8220327072900204,975.2431215878211,27.452707053119184,-1.083977067011478,0.8347475796289137,-0.0,0.0
5,25,bihar,25.503759520353476,14.487650763198332,0.003545283911400316,0.6128752050960332,4.835969842802111,56.95435135111189,61.91275447567326,54.98116024025252,0.0,0,0.003545276484640948,0.5798338953946607,2.279751308315382,-0.917892621339983,-0.0,0,-0.0,0.06930294547580293,1.074463484265815,1.074463484265815,4.9584031245613716,943.164978143961,-4.6254363907409015,-1.2247175323320811,-0.14064448451030878,-0.0,-0.0
5,26,bihar,33.111211110228766,16.46982199830263,2.3091299521213373,1.4044446691780648,13.537625648401141,59.164152356857066,53.45996551627829,52.07142898202197,0.0,0,1.573912829438331,1.140562745176825,3.29998141915255,-0.35716377155781864,-0.0,0,-0.0,0.12324380359342588,1.140567929942835,1.140567929942835,-5.704186840578778,954.3353217540756,6.5449072193737265,-0.47655327297667727,0.19900935269140516,-0.0,0.0
5,27,bihar,30.823916906663634,10.412365951167084,3.457798681080953,0.19437194928857682,9.923805711277323,50.8561575693785,63.72948583921001,47.40045091885817,0.0,0,1.9540617936340516,0.1931683909009904,2.9906125934765915,-1.3045581258336532,-0.0,0,-0.0,0.05594921956458902,1.0592650530290164,1.0592650530290164,12.873328269831504,953.8920324208594,6.101617886157555,-1.7406341128686014,0.18553036509060059,-0.0,0.0
5,31,bihar,29.713335898224546,12.399034200573778,12.762119914737013,0.6393401787938335,11.132842431731206,46.6502419148188,54.219020468482306,51.83359340979282,0.0,0,3.2411600105647214,0.6022649010385747,3.1050577242167425,-0.895461615696069,-0.0,0,-0.0,0.05,1.0526315789473684,1.0526315789473684,7.568778553663506,986.7725648823408,38.982150347638935,-1.1947884913514086,1.185320470890494,-0.0,0.0
5,32,bihar,45.141590435537196,15.538999293739634,8.422855916528924,1.0493954960023066,42.746362048730845,47.325613822597276,52.75136310044844,46.12650157479908,0.0,0,2.8276015329631257,0.915873769629072,4.448568063488497,-0.5818527471055717,-0.0,0,-0.0,0.24971991834310542,1.3328355962637737,1.3328355962637737,5.4257492778511605,966.5840020218614,18.79358748715947,-0.7763492635723375,0.571451902251226,-0.0,0.0
5,33,bihar,28.184301813541346,13.314071571076802,12.218667433542427,1.1396498913396875,12.610762621996155,42.03348272855811,55.08295527016392,40.95495137552125,0.0,0,3.197782417522268,0.9767571928631933,3.2292661295529355,-0.5209693238714503,-0.0,0,-0.0,0.05,1.0526315789473684,1.0526315789473684,13.049472541605809,993.2069156911964,45.41650115649452,-0.6951142758083338,1.380968162529169,-0.0,0.0
5,34,bihar,29.77840328829095,18.890405775328254,8.812453754891783,1.258544475588004,14.771672251247036,41.848670334463876,48.534867660167755,41.92545786988476,0.0,0,2.872516854282738,1.0529196013998794,3.3870022518818796,-0.44480691533476424,-0.0,0,-0.0,0.09020782823573546,1.099152126205708,1.099152126205708,6.68619732570388,984.7266906969314,36.93627616222955,-0.5934929806035121,1.1231120875353915,-0.0,0.0
5,35,bihar,23.945951172307666,25.07189362232482,18.083698903920585,0.4626227991400659,4.385867931140413,40.707094899050084,43.54575525853768,39.19311259142228,0.0,0,3.5889217036860765,0.4475333596890282,2.184285003845474,-1.0501931570456153,-0.0,0,-0.0,0.05,1.0526315789473684,1.0526315789473684,2.838660359487598,977.3032533640071,29.512838829305224,-1.4012423042373987,0.897389489971687,-0.0,0.0
5,36,bihar,32.16182161821618,3.779691643070277,56.41117949641035,1.5180695593066726,9.212976745152067,41.3115658312758,44.5917341664152,26.825028968713788,0.0,0,4.725893089665016,1.204744789956931,2.916692629605069,-0.2929817267777126,-0.0,0,-0.0,0.05,1.0526315789473684,1.0526315789473684,3.2801683351394004,984.3810884530459,36.59067391834401,-0.3909170300484277,1.1126034467649364,-0.0,0.0
5,37,bihar,31.9449451288415,5.311982224933621,70.79765957004305,2.0717876014950383,3.7736486720694367,45.424016606607964,47.41510196436142,35.090003421886315,0.0,0,4.953022997277993,1.4752865304782292,2.0383001308880457,-0.022439986256414413,-0.0,0,-0.0,0.05,1.0526315789473684,1.0526315789473684,1.9910853577534553,988.3427600308027,40.55234549610077,-0.029941023551754032,1.2330650010451134,-0.0,0.0
5,38,bihar,41.903563066383384,5.566229819769038,43.55921822833109,1.5677518107651764,27.655904479035687,50.33696835657396,54.467769565601095,44.2703098862061,0.0,0,4.467400264290748,1.2317669949469772,4.013313131015979,-0.26595952178766646,-0.0,0,-0.0,0.05294283790563858,1.0559024734985991,1.0559024734985991,4.130801209027133,967.8651546254268,20.07474009072496,-0.354862084792121,0.6104075882202737,-0.0,0.0
5,39,bihar,49.733120573707076,4.785479775436926,28.924150449324525,0.5760467150212729,45.224067130869486,48.89067976889637,52.24699836054123,45.00910697408102,0.0,0,4.058122774819247,0.5481769147591514,4.504898798396234,-0.9495496019754922,-0.0,0,-0.0,0.11035719409093854,1.1240466323764318,1.1240466323764318,3.3563185916448575,958.3705391507837,10.580124616081775,-1.2669565244577676,0.321707196246903,-0.0,0.0
5,41,bihar,20.484066521141845,13.659891365182503,1.291791332793096,1.094021494304653,5.121807750872094,47.08680728775701,51.450275977149296,53.96563088202259,0.0,0,1.0734362004519806,0.9463193611733933,2.336051229105645,-0.5514071555612503,-0.0,0,-0.0,0.05,1.0526315789473684,1.0526315789473684,4.363468689392285,985.989789168377,38.19937463367512,-0.7357265928157973,1.1615188060361223,-0.0,0.0
5,42,bihar,17.499519869282505,6.6209263830051,3.5392492889492706,3.596876733370312,8.1511461660165,49.60876801508222,47.52925889729985,56.1963441040081,0.0,0,1.9764475529080148,1.991999504979951,2.795047396922122,0.4942729882453074,0.0,0,0.0,0.05,1.0526315789473684,1.0526315789473684,-2.079509117782372,982.0229832745478,34.232568739845874,0.6594941286035023,1.040901133894553,0.0,0.0
6,1,goa,68.82539816246593,2.490959741517801,0.0225630411369366,4.393309142401983,29.473649376357542,53.31769263294663,57.87241448175104,42.46990939711438,0.841323748220039,1,0.02256112713584524,2.1859378523731223,4.076931466765247,0.6882113356384787,0.5790085404668842,1,0.6882113356384787,0.398659121999679,2.5084086750203727,2.5084086750203727,4.554721848804412,966.761090464929,18.970675930227117,0.9182604469307858,0.5768365861348569,0.7725543210540169,0.48530631875742913
6,2,goa,63.77208216416596,1.5453801964003175,0.04475345007515015,5.209809046830417,44.07224711825406,51.03609214523054,58.561519935353324,41.473680620212235,0.9738812531746148,1,0.044738524290324745,2.3527764498368766,4.479106132229787,0.855049933102233,0.8327171003764733,1,0.855049933102233,0.4303443289474891,2.323720641203153,2.323720641203153,7.525427790122784,961.0257389201744,13.235324385472495,1.140868354035719,0.4024431898464239,1.1110703023355661,0.39193187805922475
7,1,gujarat,49.70452007536657,7.931141665355554,0.4575461863263147,0.8603013289544976,34.10919198392385,28.791221721026123,49.29258483030664,30.767175575239815,0.0,0,0.4429214553165053,0.7790664923003111,4.222928899512354,-0.7186600244343325,-0.0,0,-0.0,0.34365065552958296,1.523578881314891,1.523578881314891,20.501363109280515,916.2014226705917,-31.5889918641102,-0.9588872502603151,-0.9605185547079738,-0.0,-0.0
7,2,gujarat,56.46826208115596,7.311459030230037,0.18674511419891318,1.1442332725852644,39.89957527916307,26.252460494379005,50.519645933036905,34.59370166742444,0.0,0,0.18567638574766618,0.9797767411527163,4.379669860321007,-0.5179497755819273,-0.0,0,-0.0,0.4436838005722448,1.7975388835137862,1.7975388835137862,24.2671854386579,915.9504039770212,-31.84001055768067,-0.6910853800051368,-0.9681512171807172,-0.0,-0.0
7,3,gujarat,45.27873918826807,11.294661469535235,0.7842848539795777,0.6679851044581431,25.30681494815001,30.751995969902207,56.66492199738874,41.43809532632246,0.0,0,0.7203497019056017,0.6262417900165108,3.924611036936368,-0.8714847267181328,-0.0,0,-0.0,0.27893578251957907,1.386839030085629,1.386839030085629,25.91292602748653,905.4401906477111,-42.35022388699076,-1.1627968230240284,-1.2877326384609298,-0.0,-0.0
7,4,gujarat,47.32843344709004,6.0424707224089085,0.14598438237611613,0.9093885116894049,29.30302710353199,36.12896543502655,55.144494286874654,36.48904273886845,0.0,0,0.14547077000896524,0.8158290922198672,4.071129027111444,-0.6818974245147764,-0.0,0,-0.0,0.2939942156822794,1.4164189900602495,1.4164189900602495,19.015528851848103,924.8191950207852,-22.971219513916708,-0.9098359782391254,-0.6984801117523219,-0.0,-0.0
7,5,gujarat,49.981358610046875,9.120629352485132,0.16262317488018815,1.3082446533732823,17.983073458253266,37.235697074299864,56.76533506434562,39.47143710696125,0.0,0,0.16191477664772116,1.083467917047209,3.5833502958810644,-0.4142585996874346,-0.0,0,-0.0,0.26229886529750074,1.355562507577382,1.355562507577382,19.529637990045757,931.8658088235294,-15.92460571117249,-0.5527332480523541,-0.4842154927827292,-0.0,-0.0
7,6,gujarat,50.84746116577218,8.911756391503634,0.46161381526010514,1.54299918967117,27.548093645596673,27.284101027219887,53.96030991772211,36.64542087438266,0.0,0,0.4466174454989844,1.2183806186372195,4.00940978020277,-0.27934589809742416,-0.0,0,-0.0,0.32430286951105286,1.4799530068691888,1.4799530068691888,26.67620889050222,925.790878685909,-21.999535848792902,-0.3727231388847245,-0.6689343701954837,-0.0,-0.0
7,7,gujarat,43.30676978424674,11.899736001463754,6.948317910316537,1.1530999206279213,25.566274087985253,33.70426213162245,55.843917648677156,40.61592057453971,0.0,0,2.636785240991183,0.9855986956202781,3.9348035026291166,-0.5121278211143655,-0.0,0,-0.0,0.1500022212913852,1.1764736626950727,1.1764736626950727,22.139655517054706,929.3992057730902,-18.391208761611665,-0.683317314827259,-0.5592168732395048,-0.0,-0.0
7,8,gujarat,31.459073383711477,10.63466843739278,6.90869878450627,2.4898860876952593,8.347074648868157,33.9075938189704,63.98031647937219,47.15663750019956,0.0,0,2.6311255953933923,1.6434683695975794,2.818627313641395,0.14574185286293573,0.0,0,0.0,0.05,1.0526315789473684,1.0526315789473684,30.072722660401794,930.7333718446471,-17.0570426900548,0.19445913197910664,-0.5186492200423104,0.0,-0.0
7,9,gujarat,49.48588541388666,8.652672271541539,18.409038513735272,3.2008714400410843,8.904448732202743,27.79403066171829,60.62207841984121,52.50954199839269,0.019108535213834894,1,3.60672582980192,1.880123480930505,2.882836395588938,0.38239696419586133,0.007307045856000178,1,0.38239696419586133,0.05,20.0,12.159404129809367,32.82804775812292,932.9738686369316,-14.816545897770311,0.5102211908812894,-0.45052299588135564,0.009749579592799892,-0.008608834531441277
7,10,gujarat,54.501890864283254,8.974542261072022,0.3712629475697884,2.8858201231137985,18.653759092657456,26.561443727743356,56.16551827595298,40.99084069239788,0.5193189804453345,1,0.3632233479777552,1.7817075641407871,3.6199125609617258,0.2839810474061435,0.14747674800475666,1,0.2839810474061435,0.2844296526678983,3.515807830232123,3.515807830232123,29.60407454820962,897.2112341772151,-50.579180357486734,0.37890768432216176,-1.5379484544577617,0.1967739523050877,-0.7986858233464829
7,12,gujarat,61.697688289337435,11.534104208994437,0.886623632911909,1.662862571591603,63.439155885319956,23.718256073054977,53.3667348286606,39.55241693371742,0.3942370712040709,1,0.798891239628227,1.281836828111614,4.843290565402668,-0.2158896886230297,-0.08511171854590206,1,-0.2158896886230297,0.5937870568263808,1.6841054187753928,1.6841054187753928,29.64847875560562,896.8460252317981,-50.9443893029038,-0.28805535697666795,-1.549053271285328,-0.11356210027912471,-0.6106942248106129
7,13,gujarat,55.534821298051064,5.913864902088031,1.1922181919423918,2.007226207302425,19.483785768652766,26.87574272914811,58.03571592395607,42.09785362568233,0.0,0,1.010981793231011,1.446862470664875,3.6633877085232007,-0.05086404606976869,-0.0,0,-0.0,0.21313216117600625,1.2708614466878465,1.2708614466878465,31.159973194807957,898.4218958423024,-49.36851869239945,-0.06786642308558112,-1.5011361687794975,-0.0,-0.0
7,14,gujarat,35.32601195485405,3.666112399440411,47.18656391300936,2.922199364129418,8.873597307046003,26.68919608718136,53.5560614803122,40.07873678008366,0.0,0,4.547368631093838,1.7935523363221766,2.8793874155534875,0.29582581958753296,0.0,0,0.0,0.05,1.0526315789473684,1.0526315789473684,26.86686539313084,984.5108535183184,36.72043898361653,0.39471182068818866,1.1165491805662344,0.0,0.0
7,15,gujarat,54.02228760264241,6.21036312026437,26.595492634992766,2.1236199214205755,36.98110764789083,28.020740689256098,54.918646417027716,40.985924408106975,0.0,0,3.9742421916363893,1.4975915317471804,4.3037371102645094,-0.00013498498746322696,-0.0,0,-0.0,0.12416029152656252,1.1417614322864742,1.1417614322864742,26.89790572777162,934.4276601491887,-13.362754385513199,-0.00018010655811406405,-0.40631792190473304,-0.0,-0.0
7,16,gujarat,51.83116719324513,4.272885143372711,45.5297530309253,2.3686928190135417,18.013122960653753,37.85413355842705,58.96882102431562,48.61786502177201,0.0,0,4.511633784352158,1.5973293141264269,3.585017318340437,0.09960279739178324,0.0,0,0.0,0.05,1.0526315789473684,1.0526315789473684,21.114687465888572,964.6732135753452,16.882799040643363,0.13289712696127476,0.5133510370860551,0.0,0.0
7,17,gujarat,53.8943759380794,3.6629683039524417,36.054033373554255,2.0547885438645173,42.168368698313664,36.966739760800515,51.95519318145793,42.398238272228994,0.0,0,4.278358188809574,1.4678725614618235,4.4349581278681685,-0.029853955272820087,-0.0,0,-0.0,0.10453755296194601,1.116741414793806,1.116741414793806,14.988453420657414,943.7237353401439,-4.066679194557992,-0.039833267619805726,-0.12365449455371079,-0.0,-0.0
7,18,gujarat,54.54364779966803,3.0286998222362893,54.350610395680675,1.8945326747883402,20.979614219624672,31.777129350242163,47.96525488161621,38.66789413689754,0.0,0,4.688687645481952,1.3954491052360776,3.737265907687888,-0.10227741149856606,-0.0,0,-0.0,0.05053780568528491,1.0532278230643624,1.0532278230643624,16.188125531374048,966.1698098647149,18.37939533001304,-0.13646578707755033,0.55885766518709,-0.0,0.0
7,19,gujarat,37.13694817858159,0.728012158982865,93.95867889042341,1.2414098869430281,9.310088763350938,33.91761706548305,53.571136398042086,48.229623010506295,0.0,0,5.23603059694523,1.0422155472100676,2.9271176535014165,-0.45551096952457604,-0.0,0,-0.0,0.05,1.0526315789473684,1.0526315789473684,19.653519332559036,999.0505728210645,51.26015828636264,-0.6077750900011859,1.558654779586645,-0.0,0.0
8,1,haryana,55.42234693493828,22.990425095668463,0.0,4.838997190153824,30.090036691563448,68.39531771308015,61.66753000814741,56.33541825879017,0.3957499992174843,1,0.0,2.2803641612332064,4.097617294211391,0.7826376444985628,0.30972884719788,1,0.7826376444985628,0.6148025575168133,1.6265384516925216,1.6265384516925216,-6.727787704932737,888.3417280519825,-59.44868648271938,1.0442507352125723,-1.8076413031890695,0.4132622276432329,-0.7153740443225666
8,2,haryana,49.91555944906799,24.961673236968903,0.0,1.1553335677137004,28.278459142453887,71.03776591629074,66.02618797365386,60.88952520087595,0.05889960111703042,1,0.0,0.9870613111192371,4.03556001630207,-0.5106652056154065,-0.030077976915093767,1,-0.5106652056154065,0.5886765135979304,1.6987258314215776,1.6987258314215776,-5.011577942636876,888.5743863925253,-59.21602814217658,-0.6813657893405188,-1.8005669193670006,-0.04013217320694714,-0.10605267333523662
8,3,haryana,48.37283060957125,19.77091424004935,0.0,1.3038569399424553,20.176090400549583,73.20436219064,67.32850696892551,64.27514665757037,0.17621263945995716,1,0.0,1.080800487011576,3.698259013404744,-0.4169260297230677,-0.07346763615706231,1,-0.4169260297230677,0.4195199256949924,2.3836770049559926,2.3836770049559926,-5.875855221714488,866.7980619200132,-80.99235261468868,-0.5562923226706248,-2.4627141572139144,-0.09802573848910096,-0.4339613618780678
8,4,haryana,34.568845652961514,21.424305031969997,0.0,0.31485624326787637,12.12448715814623,71.62060674333186,66.79375598456467,61.59692834376358,0.09835737148927882,1,0.0,0.3098732986948655,3.190070641674508,-1.187853218039778,-0.11683412024147377,1,-1.187853218039778,0.2498862282965108,4.001821176049033,4.001821176049033,-4.826850758767193,854.2007506496006,-93.58966388510123,-1.5849181354640756,-2.8457574422517786,-0.15588838182993522,-0.27990122191593814
8,5,haryana,45.51076601072255,20.0230978429595,0.0,1.4660583872952944,22.83694796889129,72.1334845463016,67.35550374165588,63.301172060866506,0.9812716691212648,1,0.0,1.1757871250827858,3.822005947831636,-0.3219393916518578,-0.31591000420210313,1,-0.3219393916518578,0.4286085543806658,2.333131221435811,2.333131221435811,-4.777980804645722,875.1340842048807,-72.65633032982123,-0.4295544033557641,-2.2092428178461208,-0.4215095663592997,-2.1678673873620293
8,6,haryana,44.200906777556355,17.888880757191654,0.0,0.48954485705830386,22.26763975088212,70.52808507691309,65.83933310795504,60.45151242521023,0.648962524637787,1,0.0,0.4718409623320469,3.796785478976891,-1.0258855544025967,-0.665761279374545,1,-1.0258855544025967,0.38134524461203173,2.622295712687771,2.622295712687771,-4.688751968958044,881.4161501963722,-66.37426433832968,-1.3688093742478242,-2.0182256124637883,-0.8883059872597375,-1.309752788753144
8,8,haryana,50.9526674134665,18.404893050227635,0.0,0.6809222625610034,17.788340854779868,58.94700417644076,65.57885895615351,50.65884499178954,0.7498046790438596,1,0.0,0.6369674496187808,3.572479556859041,-0.8607590671158628,-0.6454011760529015,1,-0.8607590671158628,0.39966044146921265,2.502124043910495,2.502124043910495,6.631854779712754,875.7707839974373,-72.01963053726456,-1.1484858861504434,-2.189882846905604,-0.861140091251436,-1.6419844051677102
8,9,haryana,47.64757250006769,16.057174189705126,0.0,1.0527921104135425,39.66545720397498,54.327805853481934,57.45497231209511,47.904587942354155,0.0,0,0.0,0.9182149834261868,4.373786752797344,-0.5795115333084568,-0.0,0,-0.0,0.5138254649322019,2.0568744923272213,2.0568744923272213,3.127166458613175,883.7001747262832,-64.09023980841869,-0.7732254498302916,-1.9487758512993554,-0.0,-0.0
8,10,haryana,40.99983421895313,13.587065588217332,0.0,0.5930097793188317,16.772417523929185,57.01979890971152,59.29998802392256,50.70347154162336,0.008478449381996793,0,0.0,0.5628215988676305,3.5137704080477805,-0.9349049178670131,-0.00792654402311534,1,-0.9349049178670131,0.2540876783369905,3.9356493260319523,3.9356493260319523,2.2801891142110406,894.7849542934212,-53.00546024128073,-1.2474165467238405,-1.6117237384973457,-0.010576158049663319,-0.013664918134612382
8,11,haryana,52.65995081028267,19.303193802031444,0.0,1.1271035010897952,12.704937101015402,60.23754351806166,61.12707113874449,54.62076134364945,0.10758532986732873,1,0.0,0.9684563918126792,3.2366830594417113,-0.5292701249219645,-0.05694170097865183,1,-0.5292701249219645,0.3556507825368139,2.8117469413876197,2.8117469413876197,0.8895276206828271,893.7013630529788,-54.08905148172312,-0.7061897941670326,-1.644672225636198,-0.07597566195440118,-0.1769426039187041
8,12,haryana,46.50350727192467,15.45898112394023,0.0,0.4840140901879588,10.170721942191243,59.78811687469019,61.77019289365157,54.45772576418949,0.0,0,0.0,0.46686807817143694,3.0150684373385648,-1.0308584385632067,-0.0,0,-0.0,0.22634805536626984,1.2925709124578362,1.2925709124578362,1.9820760189613793,891.7635754758305,-56.02683905887136,-1.3754445495136027,-1.7035940465964987,-0.0,-0.0
8,13,haryana,43.70405661751416,18.966270603780934,0.0,0.3541724700545187,14.17587508488942,67.15156006703509,68.68177125481907,63.705812976516796,0.022439253469217053,1,0.0,0.34715720719224297,3.3459305044586136,-1.1505693095424006,-0.025817916370723983,1,-1.1505693095424006,0.305859786821924,3.269471970770105,3.269471970770105,1.5302111877839764,885.731156294927,-62.05925823977486,-1.5351712965103608,-1.8870203040079365,-0.03444809784106256,-0.04234332690319311
8,14,haryana,37.98229474698475,19.562684819084957,0.0,0.4228676998870984,14.129834368873976,69.416831909032,65.36951922499784,56.78330063018701,0.05707944715631376,1,0.0,0.41118282063330275,3.3426854872560083,-1.0865436961013408,-0.06201931348464232,1,-1.0865436961013408,0.27475054921703784,3.639665153899492,3.639665153899492,-4.047312684034154,858.1968778585286,-89.59353667617324,-1.449743775385819,-2.7242482042342884,-0.08275057321732965,-0.15549858141427372
8,15,haryana,38.80910793143789,23.206337951051538,0.0,0.6975013095380318,17.460265830511634,71.97709740818621,66.7916313627365,57.74529399917089,0.0,0,0.0,0.6506183576455741,3.553893995263411,-0.8471081590890696,-0.0,0,-0.0,0.3701602156134728,1.587705357441042,1.587705357441042,-5.185466045449715,867.4999064076029,-80.29050812709897,-1.1302718750515635,-2.4413733478664867,-0.0,-0.0
8,16,haryana,37.82339607940359,26.650072603637266,0.0,1.199009170443765,17.484306104017993,70.80730132023643,63.435412700772694,51.60860221438788,0.0,0,0.0,1.0153386659739252,3.5552676563709764,-0.48238785076071844,-0.0,0,-0.0,0.4162201559171853,1.7129745230774711,1.7129745230774711,-7.371888619463739,882.8460437538336,-64.94437078086833,-0.6436361339828419,-1.974747197606255,-0.0,-0.0
9,1,himachal pradesh,36.33844072761298,19.748223938812977,28.353157752882126,1.8124369157853162,6.452810422949202,56.19144320262202,58.153304731756975,45.353491632287444,0.0,0,4.0381964274983435,1.3564647430539547,2.5636135997397393,-0.14126177368068893,-0.0,0,-0.0,0.05,1.0526315789473684,1.0526315789473684,1.961861529134957,965.0762288735215,17.28581433881959,-0.18848149211887583,0.525605422202069,-0.0,0.0
9,2,himachal pradesh,59.784578799255925,21.165482185078936,0.13798131630768812,2.5032197447702806,4.319241068690847,55.04222372944692,66.51846448433467,56.93556806907575,0.0,0,0.13754719135752874,1.6484262661975173,2.169365900455902,0.15069974946287368,0.0,0,0.0,0.22581519359912688,1.291681251985459,1.291681251985459,11.476240754887755,939.1228240785763,-8.667590456125595,0.20107430977688584,-0.26355324961089555,0.0,-0.0
9,3,himachal pradesh,63.329039955529645,23.690497173149666,0.060468836856162805,2.448016516737944,5.308241929579565,47.147661191438736,62.229842778415026,56.20210027419955,0.0,0,0.06043204684119955,1.6277500067207487,2.371164420125098,0.13002348998610502,0.0,0,0.0,0.3249935698022348,1.4814673686990172,1.4814673686990172,15.08218158697629,938.129937346772,-9.660477187929928,0.17348657577017945,-0.2937437074996435,0.0,-0.0
9,4,himachal pradesh,60.004124049287675,22.464965408214788,0.014539917360396965,1.140971888102275,7.245901726020372,50.60345880796484,59.945748658282206,54.8843063394459,0.0,0,0.0145394050970873,0.9776288331981812,2.678311180599274,-0.5200976835364625,-0.0,0,-0.0,0.34659646631188923,1.5304477990125627,1.5304477990125627,9.342289850317364,922.8455257677433,-24.94488876695857,-0.6939512713617035,-0.7584929778342302,-0.0,-0.0
9,5,himachal pradesh,56.42157576332066,25.82408839928636,2.7025563074881425,1.8354739789342698,4.91829362835873,48.745688111121375,61.37940760028471,55.41766183508739,0.0,0,1.7199393240916694,1.367539798934754,2.2962872061458848,-0.13018671779988966,-0.0,0,-0.0,0.1760454239583283,1.2136591373811665,1.2136591373811665,12.633719489163333,923.1395206900761,-24.650893844625784,-0.17370436591322957,-0.7495535479497518,-0.0,-0.0
9,6,himachal pradesh,52.38880330563184,28.980694821554614,1.2129494623711312,1.6349746043739244,6.327636751454199,50.365444193843025,58.86613708217552,54.19479448570358,0.0,0,1.0242368532189559,1.2673753652490556,2.5442602389042897,-0.23035115148558805,-0.0,0,-0.0,0.2734015933670681,1.3762760706206545,1.3762760706206545,8.500692888332495,967.798927655129,20.008513120427097,-0.30735086791027677,0.6083938413407646,-0.0,0.0
9,7,himachal pradesh,44.93076129510104,28.92848640355518,3.608745106337954,2.9779612652540832,6.03672891757486,56.34208654033274,50.44542503011507,51.22967729077058,0.0,0,1.9951737035844233,1.8114540639970835,2.4978001377305348,0.3137275472624399,0.0,0,0.0,0.15995513676870024,1.1904126121948058,1.1904126121948058,-5.896661510217669,965.9373535666655,18.146939031963598,0.4185975772927972,0.5517894248204547,0.0,0.0
9,9,himachal pradesh,54.671009582056485,27.12680837830659,0.7076403780992673,2.1776059277474884,17.90950495947548,47.94200112339071,66.02774815622905,47.83270922916525,0.0,0,0.6589145737217612,1.5203544763213028,3.579257268456109,0.022627959586659196,0.0,0,0.0,0.5097518659188058,2.039783388210472,2.039783388210472,18.08574703283834,958.3720114693566,10.581596934654726,0.03019183092051309,0.32175196466856854,0.0,0.0
9,10,himachal pradesh,53.090763548086684,31.26785396632729,0.6406500151726015,2.939823405988221,10.611403517950757,56.29545618679263,64.34302715384746,53.23531851213576,0.0,0,0.6033681412087122,1.799243203625218,3.0572892607643554,0.3015166868905743,0.0,0,0.0,0.4492255923491197,1.8156253923727528,1.8156253923727528,8.047570967054831,950.863760045561,3.073345510859099,0.4023049800601808,0.0934504463107776,0.0,0.0
9,11,himachal pradesh,42.10958795875637,30.183436705777005,1.6099764284491498,1.1957095129242132,8.59189612715469,58.09212153335817,66.90752305955556,52.92512958660534,0.0,0,1.2542589988649127,1.013223530750655,2.8473361386024845,-0.48450298598398867,-0.0,0,-0.0,0.25562214325062765,1.343403744392539,1.343403744392539,8.815401526197391,973.1369395298965,25.346524995194613,-0.6464582976335428,0.770705429916373,-0.0,0.0
11,1,karnataka,65.33571308420755,14.708641702840286,1.1082703988831124,4.909204785141752,74.07962370344286,53.43897172678008,56.400453195523006,54.468539261775305,0.843976297597509,1,0.9558987700348491,2.2944746832668237,4.998333243848833,0.7967481665321801,0.6724365677074329,1,0.7967481665321801,0.6681853698379048,1.4965906844721701,1.4965906844721701,2.9614814687429245,949.9621884057564,2.1717738710544836,1.0630779959652525,0.06603658352730889,0.8972126310921335,0.055733311271366805
11,2,karnataka,42.34876529559632,19.51949385426914,2.9467593118311446,6.388878858999819,15.267267274446358,57.36529103693262,59.59241741438957,58.761289344699485,0.41774591293454366,1,1.801474453246448,2.553775248379327,3.4199291515317243,1.0560487316446832,0.44116004150427507,1,1.0560487316446832,0.18916729158276224,5.286326148844245,5.286326148844245,2.2271263774569547,956.6720148750169,8.881600340315003,1.409055227782734,0.27006059449670616,0.5886270625052895,0.11281670959567211
11,3,karnataka,43.83975247278858,11.356019607066179,2.3182235993577422,3.5759880800397332,19.92972999821967,51.89113893526817,58.98168132378531,65.36921245432939,0.0,0,1.5775206556500034,1.9863891451121225,3.6859885889025885,0.48866262837747887,0.0,0,0.0,0.16883694101294794,1.2031333553475194,1.2031333553475194,7.090542388517143,954.5250896057348,6.734675071032939,0.652008387969929,0.2047795761727324,0.0,0.0
11,4,karnataka,36.706678828332166,19.319377046196692,8.819306150176818,5.648216521655376,24.863657430431957,49.90504868288552,57.24865571394455,65.51200939294405,0.0,0,2.873289180193241,2.4322328871053776,3.906958530744158,0.9345063703707339,0.0,0,0.0,0.16432443689098006,1.196636642430506,1.196636642430506,7.34360703105903,957.3810994441013,9.590684909399442,1.2468847763458983,0.291621551186702,0.0,0.0
11,5,karnataka,35.918197034873444,20.706594531923127,8.298707276170212,4.023609853022821,15.827067729045593,38.267946595473326,47.112123202813585,60.9648379507605,0.0,0,2.8128574292513155,2.1004229292160526,3.455865331115734,0.6026964124814089,0.0,0,0.0,0.12924230744566298,1.1484251113148771,1.1484251113148771,8.844176607340259,962.2330558493921,14.442641314690263,0.8041603624202448,0.43915377297979247,0.0,0.0
11,6,karnataka,44.661149799008875,17.413379144054453,1.350243682526238,4.15942587704991,19.53329758639886,49.739458172800354,57.7622634922037,62.60847149995303,0.0,0,1.1087174798977286,2.1326708939666337,3.6659223379967427,0.63494437723199,0.0,0,0.0,0.2677346202345522,1.3656251239411459,1.3656251239411459,8.022805319403346,955.647755841142,7.857341306440162,0.8471878875292358,0.23891620688546955,0.0,0.0
11,7,karnataka,52.213985685399244,19.252459738342232,2.608320398551829,4.691213446767471,14.502847290282055,60.899256929018975,65.51457816285269,67.37928524016635,0.0,0,1.6867258368493552,2.250009411034268,3.368678655803711,0.7522828942996242,0.0,0,0.0,0.23711561173266152,1.3108146075333877,1.3108146075333877,4.615321233833711,977.536543422184,29.746128887482087,1.0037492714314062,0.9044830822734523,0.0,0.0
11,8,karnataka,46.25582966397195,19.84312362212633,14.60166580827841,4.89245856270493,22.786103557854986,58.391173364281414,62.60540525518429,68.30024959028647,0.0,0,3.37545330257135,2.2911266510270454,3.8197791942030253,0.7934001342924017,0.0,0,0.0,0.1696419773650953,1.2042997992923399,1.2042997992923399,4.214231890902873,959.5217633355494,11.731348800847513,1.058610813543758,0.35671218136491095,0.0,0.0
11,9,karnataka,65.17991555393236,6.515619850170584,3.940185520052972,25.423668804088223,24.735512184403607,64.48850832577958,67.64532512292831,68.55818747844413,0.0,0,2.080102381085927,3.9292143187678588,3.9017954815319684,2.431487802033215,0.0,0,0.0,0.2193788927018875,1.281031207907255,1.281031207907255,3.1568167971487355,965.7110590770633,17.9206445423614,3.2442637314748395,0.5449085450182084,0.0,0.0
11,10,karnataka,48.50009277364657,11.717996660148723,3.000128455818335,5.370988355580801,29.31964089462341,52.40408276984242,60.6745596775952,66.06341236797628,0.0,0,1.8184870797458437,2.3827148463100714,4.071695501884599,0.8849883295754277,0.0,0,0.0,0.23490317040218017,1.3070241063809651,1.3070241063809651,8.27047690775278,951.6151829769736,3.824768442271761,1.1808142891028335,0.11629877496779123,0.0,0.0
11,11,karnataka,30.657482140014846,23.648374680355932,4.141285872458387,5.704978461670346,19.154788087069434,40.852897646035,51.14325705655005,57.336804598200466,0.02934671041559786,1,2.128421775731007,2.442080618565545,3.6463805738422543,0.9443541018309012,0.02771368635621347,1,0.9443541018309012,0.18973461844365816,5.270519466625173,5.270519466625173,10.290359410515052,959.3189917636719,11.528577228969993,1.2600243191339844,0.3505465570235738,0.0369775688102359,0.010287388296155681
11,12,karnataka,48.22295442904432,17.416180581569286,1.0563272607735061,2.127316683218784,14.88758246882812,62.69556942841756,69.1737328926845,70.71448576496519,0.0,0,0.9206474736970343,1.4991653182493945,3.394800705714698,0.0014388015147508426,0.0,0,0.0,0.25188619372906496,1.3366950210217647,1.3366950210217647,6.478163464266935,967.4455085865258,19.65509405182388,0.0019197511775275833,0.5976475163411789,0.0,0.0
11,13,karnataka,58.404561320899575,12.080744387917004,8.252960866405298,2.9318593224722007,13.693584874758166,67.82412064545169,70.73595529360213,71.85117703297719,0.1254159076853333,1,2.8073696237736407,1.7966753673436524,3.3114052199102013,0.2989488506090088,0.03749294145061594,1,0.2989488506090088,0.12509199344426444,7.994116749331016,7.994116749331016,2.911834648150446,957.2329468785283,9.442532343826429,0.3988787905026259,0.28711671327441185,0.05002574556731474,0.03600900320693995
11,14,karnataka,42.3465947099742,25.72975011378558,6.902420463992559,5.456925290888974,19.79070670656041,64.07857333535911,66.89744850987546,69.85443571899523,0.008716286937351584,0,2.63022581173295,2.3983243330638504,3.678997328632325,0.9005978163292068,0.007849868982277625,1,0.9005978163292068,0.23574457707511048,4.241879123613479,4.241879123613479,2.81887517451635,971.4162334534703,23.62581891876846,1.2016415750550296,0.7183843517155878,0.010473852764030737,0.006261644140856363
11,15,karnataka,41.0795840848858,13.781901197659414,0.7258689324934595,4.993827653886802,13.917515115174528,65.3537367155879,70.75320603449342,70.3937024590895,0.0,0,0.6737304401318679,2.3112271256271852,3.3275834902036965,0.8135006088925416,0.0,0,0.0,0.18029861401590383,1.2199564586553011,1.2199564586553011,5.399469318905517,958.9948378299406,11.204423295238712,1.0854302944706766,0.34069008964183944,0.0,0.0
11,16,karnataka,40.03604402881753,18.891551327670175,3.225953217327674,8.333471928861687,25.53612649280352,60.36553706890226,66.35331015480935,71.67399074676442,0.43006619350316483,1,1.8875763143146203,2.81700794368488,3.933624515494272,1.3192814269502362,0.5673783414479117,1,1.3192814269502362,0.23906099935500363,4.18303279371391,4.18303279371391,5.987773085907087,965.6254791049714,17.835064570269537,1.7602789869988236,0.5423063362658924,0.757036483442191,0.23322762175051967
11,17,karnataka,28.592437638724316,17.226946599552274,7.804364455923602,5.609810908857427,16.95056944344031,42.33845974337018,49.66103874967511,57.530920033588174,0.0,0,2.7519098046031374,2.425515247071975,3.5243175803906657,0.9277887303373316,0.0,0,0.0,0.09218337304490723,1.10154404568916,1.10154404568916,7.322579006304927,964.796337988386,17.00592345368409,1.2379216238664796,0.5170948502400771,0.0,0.0
11,18,karnataka,52.02708540721582,17.69532111163069,3.8805799766765134,2.1051224711778005,22.723957054202756,61.51531365930695,66.06255600557334,69.26271347523033,0.0,0,2.0653344824450413,1.4896829720479021,3.817050715406531,-0.00804354468674151,-0.0,0,-0.0,0.26280720361867044,1.3564972486284679,1.3564972486284679,4.547242346266394,961.2787002938165,13.48828575911466,-0.010732268645506518,0.41013492290498255,-0.0,0.0
11,19,karnataka,46.2279996825423,17.717088808792017,7.269954840340893,6.209579412141902,14.19617064479042,60.27472697405831,62.03074689070917,69.20697305765874,0.0,0,2.6815942152113497,2.525661775986889,3.347357636306139,1.0279352592522453,0.0,0,0.0,0.1336034230557734,1.154205852852041,1.154205852852041,1.7560199166508568,970.162304875916,22.37189034121411,1.371544236046589,0.680256459879067,0.0,0.0
11,20,karnataka,56.486158687492825,7.538557356628915,0.8332650418763213,3.858313555147553,20.654860439578453,55.847523006858935,62.48748886619608,65.27301914980244,0.052873150568643563,1,0.758433673362236,2.0597630946553873,3.7216833273450867,0.5620365779207437,0.02971664460948865,1,0.5620365779207437,0.25156885011680596,3.9750549383824345,3.9750549383824345,6.639965859337146,949.1881546510781,1.3977401163762124,0.7499091231244404,0.04250073323689628,0.039650057979758,0.002247147667712171
12,1,kerala,69.79910555964118,7.649966215837865,2.732877402688547,11.378517843979012,14.103394468356745,71.84650315489931,75.78748375927854,77.00535741067922,0.0,0,1.7304099128798318,3.1267997289696585,3.3408172051727605,1.629073212235015,0.0,0,0.0,0.19414644579073578,1.2409202575041567,1.2409202575041567,3.9409806043792344,961.6673400033271,13.876925468625245,2.173625191108022,0.42195219310110277,0.0,0.0
12,2,kerala,79.38742129929605,4.051245999181961,0.810178143265147,3.5498582521878466,44.41644124709612,72.56855728546118,76.75081282268974,78.5841941566581,0.0,0,0.7405963350758321,1.9793281435097714,4.486883577869478,0.48160162677512774,0.0,0,0.0,0.5128483543190822,2.05274889013717,2.05274889013717,4.182255537228556,969.0750297737197,21.284615239017853,0.6425870980966103,0.6471959584795891,0.0,0.0
12,3,kerala,70.61333555513235,4.141324271567321,17.105224004951438,2.4296675191815864,2.9254844315368502,69.36899881909834,73.10385979725052,75.55654976288659,0.09988091189476374,1,3.5333844435292288,1.6207887866512,1.7946154231852993,0.12306226991655644,0.012291571739105209,1,0.12306226991655644,0.05,20.0,12.159404129809367,3.7348609781521844,966.3370292678054,18.546614733103524,0.16419842150530245,0.5639422636467859,0.016400288071630395,0.05632706754903825
12,4,kerala,79.05265805604019,7.046723571255995,0.20637869326064975,3.1268728360571796,33.32395653184557,74.17023715952159,75.35587861627523,75.46814563300215,0.009793259503396769,0,0.2049410614164553,1.857821486609633,4.199648784917148,0.36009496987498935,0.003526503485853613,1,0.36009496987498935,0.5470857203244414,1.827867119995317,1.827867119995317,1.1856414567536433,956.2995793693362,8.509164834634362,0.48046428597135693,0.25873604146325724,0.0047053114346317345,0.0025338691969313044
12,5,kerala,71.93303039404715,8.259164882296139,0.340887437708513,1.1913715815758597,7.550616374869604,67.69885016644002,68.23433255299776,64.74532077727466,0.0,0,0.3346084397910859,1.0104376136371696,2.719132870872217,-0.4872889030974741,-0.0,0,-0.0,0.21439819574130034,1.2729095001807031,1.2729095001807031,0.5354823865577316,957.9176277686685,10.127213233966586,-0.6501754661270955,0.3079356334179439,-0.0,0.0
12,6,kerala,69.63129162320259,15.890455811454371,1.4887280222144332,3.394352509532058,13.627328957890384,67.29558865495729,66.39744565068105,67.16876169550738,0.017833623637327954,1,1.1884943407093598,1.9362845267713358,3.3065679565228185,0.43855801003669215,0.007821078494129862,1,0.43855801003669215,0.3307678105439862,3.023268794975495,3.023268794975495,-0.8981430042762355,968.6947988223749,20.904384287672997,0.5851552473017024,0.6356343712845275,0.010435438449786125,0.011335664148437842
12,7,kerala,79.11384566824887,12.220898538748429,0.1479919526864138,3.2678965306467336,23.180120928897008,69.04222611430137,70.22774300802487,69.82247505203839,0.0,0,0.14745699792601719,1.8999220562509564,3.836907184841028,0.4021955395163128,0.0,0,0.0,0.5591494463435741,2.268342393371119,2.268342393371119,1.185516893723502,950.545403935259,2.754989400557065,0.5366378563456617,0.08377027189225869,0.0,0.0
12,8,kerala,82.03029494156684,8.580005366962512,0.17538466780915762,4.015670559927438,43.215761831809616,70.32942035812337,68.05270571384739,66.38640719781921,0.5013143286319097,1,0.17449775795296849,2.0985062260547784,4.459486301105449,0.6007797093201348,0.30117947663349726,1,0.6007797093201348,0.6528142093701464,1.5318294020665209,1.5318294020665209,-2.276714644275984,948.7287375240546,0.9383229893527414,0.8016029609210783,0.028531351853819213,0.4018550501835013,0.014303175499558172
12,9,kerala,75.77569462352027,14.555880623264253,4.6628870588628155,3.291850662384584,4.126649017778132,70.00914729242311,65.41523337165096,66.84950327475254,0.0,0,2.2440867927857395,1.9069079692559396,2.1249803957357596,0.409181452521296,0.0,0,0.0,0.11270945093913172,1.1270265428369843,1.1270265428369843,-4.593913920772152,959.1726949702006,11.382280435498728,0.5459589576789087,0.34609814710824877,0.0,0.0
12,10,kerala,85.07557140051995,7.431939794483422,0.9843179703665377,8.54119609841173,15.544358577038086,71.33443550116706,69.20024963614583,68.77445389781094,0.04413514462697569,1,0.8702411305831464,2.8414576637059907,3.4378780110373026,1.343731146971347,0.05930576851135233,1,1.343731146971347,0.3716913303514974,2.690404425237279,2.690404425237279,-2.1341858650212373,948.3186553075677,0.5282407728658427,1.7929015400886954,0.016062084724754615,0.07912996877374202,0.0007089024323377819
12,11,kerala,83.37141849184772,9.511961971140561,0.13996483140009303,8.00885976040898,26.971138062488976,75.13065033795851,74.9365403359145,74.64171953902657,0.0,0,0.13951182488911829,2.7775706000386515,3.988258007016065,1.279844083304008,0.0,0,0.0,0.5795079542991418,2.3781662702637876,2.3781662702637876,-0.19411000204401319,946.3286910985655,-1.4617234361363671,1.7076588819132952,-0.04444625799709816,0.0,-0.0
12,12,kerala,83.48163644503389,13.298724598849478,0.5824971472618764,3.308294991205416,11.546268214606691,72.17212333864691,71.17851276440449,70.63976250284753,0.0,0,0.5537585009066416,1.9116768577304206,3.141379453532536,0.413950340995777,0.0,0,0.0,0.41650455782653745,1.7138094451519608,1.7138094451519608,-0.9936105742424246,956.902817563812,9.112403029110169,0.5523219474106563,0.27707855398138725,0.0,0.0
12,13,kerala,79.42955665597538,12.698592686555632,0.1613247570367749,5.545716042826944,16.239388660580854,73.41536882110123,73.65703798108956,69.83731086079952,0.0,0,0.16063306327117022,2.4142043322785014,3.481533508590838,0.9164778155438578,0.0,0,0.0,0.48736269341739424,1.950696890685347,1.950696890685347,0.2416691599883336,959.4666702239772,11.676255689275308,1.2228297979467344,0.35503697893587044,0.0,0.0
12,14,kerala,77.80934281302495,11.655235606536236,0.5491320652266133,4.877145582060193,29.661751480494797,65.76891824570953,66.83965869949077,63.44698316001109,0.44899586907862427,1,0.5247198103839614,2.288055520935412,4.083289595621647,0.7903290042007685,0.3548544580991677,1,0.7903290042007685,0.5584752811800517,1.7905895456769576,1.7905895456769576,1.0707404537812408,963.8819832074676,16.091568672765675,1.0545130936363847,0.4892922936901192,0.4734720229320572,0.21969021863886853
13,1,madhya pradesh,32.40906268889858,19.890457822929612,5.566318674316341,2.0850040096230953,16.402096606168456,20.10885896212209,42.89221207959872,26.83931125890507,0.0,0,2.4178538602352164,1.481016727243152,3.491484325048914,-0.0167097894914916,-0.0,0,-0.0,0.13725140753102613,1.1590862143724239,1.1590862143724239,22.783353117476633,878.1269229400068,-69.66349159469507,-0.022295388018189637,-2.118240320878072,-0.0,-0.0
13,2,madhya pradesh,39.06415094339623,21.337653814602135,0.26997538966365875,0.9507962918944617,16.513945857260047,33.55622115273263,44.66432861734761,37.558700717291075,0.0,0,0.2667989073019323,0.8461498934497322,3.4982678732978774,-0.6515766232849114,-0.0,0,-0.0,0.3306261559357216,1.4939334855515691,1.4939334855515691,11.108107464614974,850.2811363051707,-97.50927822953122,-0.8693798115838567,-2.964940172783992,-0.0,-0.0
13,3,madhya pradesh,46.83472437544687,20.43947020055075,2.900729854666185,2.9669908090798747,48.483941073615505,39.08425455809271,45.015265999237805,39.211580395933666,0.842358534524498,1,1.7865780988838589,1.8079560275638247,4.574486146464556,0.31022951082918104,0.2613244761083208,1,0.31022951082918104,0.4532156745407623,2.2064550194855626,2.2064550194855626,5.931011441145095,888.552848298972,-59.2375662357299,0.41393024862172195,-1.8012218227770238,0.3486776776243548,-1.517274574987999
13,4,madhya pradesh,34.90766230063308,24.67494455196219,1.7107517467078122,2.1640321760190444,18.149612557624327,35.72431776656687,45.28337004407617,38.57754160392426,0.179340822344104,1,1.3062590047741582,1.5146752476887486,3.5925544680739896,0.016948730954104985,0.0030395993469981585,1,0.016948730954104985,0.2770159995224774,3.609899795404629,3.609899795404629,9.559052277509302,898.7786958302219,-49.01171870448002,0.022614200689367318,-1.4902870410140254,0.0040556493482857385,-0.2672693034642168
13,5,madhya pradesh,26.018886526381387,19.363499876873053,11.276663162623777,2.568267256377005,12.26582710858208,38.28807129931813,50.73832855801801,41.84513609690154,0.2468250147221633,1,3.11784277016981,1.6722907955103559,3.2016218419039544,0.17456427877571223,0.04308683067877899,1,0.17456427877571223,0.06586248136041922,15.183151004100507,12.159404129809367,12.450257258699878,913.9060199737396,-33.88439456096228,0.2329160598583048,-1.0303142889415218,0.05748950990355435,-0.25430733953644635
13,6,madhya pradesh,27.257907819252896,18.079823432039728,12.014344620423913,1.358288153189526,15.723676026488247,41.17854122728083,54.76306443766371,44.40427435745325,0.0,0,3.180975987049128,1.1134960192447738,3.4493244416656372,-0.3842304974898698,-0.0,0,-0.0,0.07523167007684642,1.0813519101406706,1.0813519101406706,13.584523210382876,931.7438217890707,-16.046592745631187,-0.5126676212360824,-0.48792472195140374,-0.0,-0.0
13,7,madhya pradesh,27.599701964969192,22.75270001243584,4.129336999603541,2.650474918747323,13.495438597237117,44.10217785835038,56.77143942978293,43.95173520165873,0.0,0,2.125613250636021,1.7017109513662292,3.2968687790367657,0.20398443463158555,0.0,0,0.0,0.1278265912200934,1.146560981948431,1.146560981948431,12.66926157143255,917.8289064582038,-29.961508076498035,0.27217052148370724,-0.9110320632677719,0.0,-0.0
13,8,madhya pradesh,27.870105243524605,23.697753860713807,3.7546758589246303,2.4622310131978313,15.590600271484773,42.90390798049898,55.29125785358775,40.25711979492979,0.0,0,2.033428715003382,1.6331120185850285,3.440842307111739,0.1353855018503849,0.0,0,0.0,0.15644966181873682,1.1854657093209755,1.1854657093209755,12.387349873088773,919.3110638873634,-28.479350647338492,0.18064095285752269,-0.8659644739686188,0.0,-0.0
13,9,madhya pradesh,26.682074875171708,20.404828874401296,14.902354112610746,1.801491321511373,10.567559906678586,41.34449714015779,50.936992100458134,34.12744717826112,0.0,0,3.395790198700323,1.35116476084267,3.053167295192708,-0.14656175589197362,-0.0,0,-0.0,0.056611709147258764,1.0600089164728626,1.0600089164728626,9.592494960300343,948.254474570264,0.46406003556217,-0.19555310483729235,0.014110557138809217,-0.0,0.0
13,10,madhya pradesh,42.447394485524384,21.085416595862444,8.464159307073462,4.954141339851608,23.802720824209704,36.92576947271939,47.25964419228928,39.1475443882691,0.019956988829012354,1,2.832459325404008,2.303404830867648,3.863388035396984,0.8056783141330044,0.016078913114929875,1,0.8056783141330044,0.21038608650748467,4.753166032034272,4.753166032034272,10.333874719569891,934.8620292039136,-12.928385330788274,1.074993233193194,-0.393110170975262,0.021453627946100444,-0.00784529529072444
13,11,madhya pradesh,36.872707028531664,20.080723729993043,12.371774530271399,4.429006858868818,14.768100208768267,42.212136784578355,51.520277787636296,34.57611332594338,0.0,0,3.2101941616062453,2.1938302252463946,3.3867609579857127,0.696103708511751,0.0,0,0.0,0.10469238254474438,1.1169345379215168,1.1169345379215168,9.30814100305794,929.5522830180695,-18.238131516632393,0.9287910114051879,-0.5545622918353663,0.0,-0.0
13,12,madhya pradesh,35.47547946476828,17.845493058474776,13.812898189143596,2.136390819293506,15.990962095942088,51.07492892368506,57.890267328300574,42.157950065721856,0.0,0,3.3200577186761384,1.5030188835295413,3.4661471102515087,0.0052923667948976405,0.0,0,0.0,0.08878188155066025,1.0974320854174238,1.0974320854174238,6.815338404615517,939.1724830659077,-8.617931468794154,0.007061451688957973,-0.2620432812350434,0.0,-0.0
13,13,madhya pradesh,34.972125168892084,14.785654156594235,12.418431793963551,2.7659880672123207,12.380682282231298,39.67986584300848,52.708523160403544,42.83408023133438,0.0,0,3.2139461444147694,1.741727414286743,3.2109115704854454,0.2440008975520993,0.0,0,0.0,0.06325100816907271,1.0675218321243614,1.0675218321243614,13.028657317395066,934.5305537780544,-13.259860756647527,0.32556332863921567,-0.40318926113227577,0.0,-0.0
13,14,madhya pradesh,27.724813576784452,7.703255658666679,46.311089133788165,1.4629980320077234,17.015209289064835,51.34149449722207,52.865998219138646,38.7343055910584,0.0,0,4.52864516422531,1.1740613967531426,3.528117178498765,-0.32366511998150105,-0.0,0,-0.0,0.05,1.0526315789473684,1.0526315789473684,1.5245037219165738,981.3364261861539,33.54601165145198,-0.43185699266982874,1.0200251646611742,-0.0,0.0
13,15,madhya pradesh,22.539270179710126,11.369821920820367,30.434953554375383,1.6939461196646217,5.061328028867787,48.61212186030757,52.70183442592328,37.34041885226525,0.0,0,4.109008702172916,1.2977469213994772,2.324395374391426,-0.1999795953351664,-0.0,0,-0.0,0.05,1.0526315789473684,1.0526315789473684,4.089712565615713,976.8766309213158,29.086216386613955,-0.2668269804349332,0.8844172883318692,-0.0,0.0
13,16,madhya pradesh,39.83589333388203,15.858393218141881,4.798393526782269,1.582815149802148,19.199489714559082,49.457992046837845,65.95591533888071,52.00778429914214,0.0,0,2.272113627780686,1.2398400565857184,3.648708397421918,-0.25788646014892525,-0.0,0,-0.0,0.14983218748491456,1.1762383676249282,1.1762383676249282,16.49792329204287,948.8009832420751,1.0105687073731815,-0.3440904325326986,0.030728109286134557,-0.0,0.0
13,17,madhya pradesh,35.787456990928995,13.723391995785523,23.269759478458425,1.9621774134679633,26.545651350772932,46.24767758520097,54.57751733565858,50.055390741105676,0.0,0,3.840763198397014,1.4265916097449862,3.9723677104379718,-0.07113490698965741,-0.0,0,-0.0,0.08848456898717837,1.0970741316895312,1.0970741316895312,8.329839750457609,961.0501650868038,13.259750552101877,-0.09491324554266838,0.4031859101702899,-0.0,0.0
13,18,madhya pradesh,40.345791946415474,24.55508912677881,2.108328766251701,2.3474236856752335,33.14435978673777,51.07917087144086,54.32994757225701,52.464201637337524,0.0,0,1.4910578756278963,1.589025353577294,4.194247235893663,0.09129883684265039,0.0,0,0.0,0.4071461687320516,1.6867564098578567,1.6867564098578567,3.2507767008161537,946.345946631172,-1.444467903529926,0.12181739297510295,-0.0439215733439394,0.0,-0.0
13,19,madhya pradesh,31.742704798836645,22.321667474551624,2.36490547746001,1.0675659687380614,14.50984003877848,47.558189582707655,61.16674004198387,53.80200388197965,0.0,0,1.5958552873105045,0.9283522263160634,3.3691595621376553,-0.5693742904185802,-0.0,0,-0.0,0.1749930198055134,1.2121109566421615,1.2121109566421615,13.608550459276216,927.5050159329635,-20.285398601738393,-0.7596996203289974,-0.6168130287422755,-0.0,-0.0
13,20,madhya pradesh,35.297594231805355,18.154258967099274,15.04081516182421,1.4795918367346939,21.047739084761467,47.69521095880286,60.845447624675586,51.53576376910617,0.0,0,3.405017958866109,1.1833892296051116,3.7405041756849298,-0.314337287129532,-0.0,0,-0.0,0.10924466909790091,1.1226427339898881,1.1226427339898881,13.150236665872725,932.4416848779298,-15.348729656772093,-0.41941113553264814,-0.46670497399684646,-0.0,-0.0
13,21,madhya pradesh,14.536471441651443,3.0644768910257825,85.66593389095058,1.9203816907708364,7.1667234309827,42.459877181799854,51.40726864851195,48.99073200794069,0.0,0,5.1436364874084495,1.4074513858321125,2.667428008333744,-0.09027513090253114,-0.0,0,-0.0,0.05,1.0526315789473684,1.0526315789473684,8.947391466712098,991.2096140166973,43.419199481995406,-0.12045149179704767,1.3202367113338132,-0.0,0.0
13,22,madhya pradesh,27.543344653988704,6.939751881656736,53.47854194639217,1.599075233599846,10.856420742248861,48.652277803487884,56.57670862769327,53.318877118074056,0.0,0,4.67251507141167,1.2484931008160995,3.0800182688827458,-0.2492334159185441,-0.0,0,-0.0,0.05,1.0526315789473684,1.0526315789473684,7.924430824205388,969.5896199236006,21.799205388898713,-0.3325449263039614,0.6628429721341176,-0.0,0.0
13,23,madhya pradesh,54.955975630680065,16.65474708796431,5.496605234991816,2.883193215652503,58.1883148184965,46.73675254622979,55.33112105381575,50.165250826981676,0.0,0,2.405451669784214,1.7808471094299971,4.756905566697216,0.2831205926953535,0.0,0,0.0,0.43111814798208725,1.7578342435302583,1.7578342435302583,8.594368507585962,939.5020864537682,-8.288328080933638,0.37775960452983937,-0.25202111366804586,0.0,-0.0
13,24,madhya pradesh,28.411796842574365,9.768091237549173,46.270513667717694,0.8610358805805379,12.541165520307995,50.63848601756335,55.58905693126491,54.68823783531924,0.0,0,4.527768834521403,0.7796232344067789,3.223749392607617,-0.7181032823278647,-0.0,0,-0.0,0.05,1.0526315789473684,1.0526315789473684,4.950570913701561,966.7121418826739,18.921727347972023,-0.9581444053970638,0.5753482188680279,-0.0,0.0
13,25,madhya pradesh,36.26107279511505,11.396544715163216,26.76825954729538,1.907223758609149,22.63942187471624,49.4608617848761,56.729022374711406,51.29077928562853,0.0,0,3.9807127374930493,1.4013578050702387,3.813327305067303,-0.09636871166440497,-0.0,0,-0.0,0.06478166268789834,1.0692690253209602,1.0692690253209602,7.268160589835304,950.5628845482146,2.7724700135127023,-0.12858198007012436,0.0843018005071568,-0.0,0.0
13,26,madhya pradesh,25.58820416945924,18.011620465322537,3.3032155329238115,1.355439350469535,13.631017471011827,46.38329178426705,61.13930048876875,47.332367941214585,0.0,0,1.910206126461528,1.1118058867537555,3.3068378646474055,-0.38592062998088816,-0.0,0,-0.0,0.0999073554097266,1.110996746846215,1.110996746846215,14.756008704501696,931.5610916000915,-16.229322934610423,-0.514922716053919,-0.4934809529883069,-0.0,-0.0
13,27,madhya pradesh,34.94622769448921,20.3074440326962,4.399168167784433,1.9222514603512308,16.45774679818794,44.86733367923807,53.63440838514851,45.35487683462355,0.0,0,2.1872373925412347,1.4083146311280332,3.49486519643846,-0.0894118856066104,-0.0,0,-0.0,0.15492752217813452,1.1833304553681039,1.1833304553681039,8.767074705910439,939.1003393490668,-8.690075185635123,-0.11929968860783155,-0.2642369371430712,-0.0,-0.0
13,28,madhya pradesh,52.97337213526811,13.802508215074006,3.048882002606034,2.3963053507608985,66.81050907931237,46.02002346954237,66.28922240642511,50.482964462651395,0.0,0,1.8337920005930919,1.6080159607689177,4.895063573619907,0.1102894440342741,0.0,0,0.0,0.4572391773898588,1.8424321696451704,1.8424321696451704,20.269198936882738,937.5265132974384,-10.26390123726344,0.1471560099728733,-0.3120918712598289,0.0,-0.0
13,29,madhya pradesh,31.9958923549785,20.300038746883015,10.179138963437682,1.2449921395608297,14.570135423921805,45.44111202899724,62.65760585765353,49.76610699924639,0.08674886898233683,1,3.015891702266078,1.044460801699938,3.373296661372397,-0.4532657150347057,-0.039320288127730904,1,-0.4532657150347057,0.09720922824057343,10.287089179693924,10.287089179693924,17.21649382865629,915.1911852942782,-32.59922924042371,-0.6047793119827536,-0.9912365892936578,-0.0524639212984197,-0.08598865301513393
13,30,madhya pradesh,32.40977065722262,16.554644188389446,14.404976376587205,2.032222521878994,12.704501398236772,43.85562927600947,50.62710197263742,48.279022533561836,0.3295762691696583,1,3.3619235375052936,1.45795365091529,3.236648870623271,-0.03977286581935369,-0.013108192730928014,1,-0.03977286581935369,0.06241595730174879,16.021543900472736,12.159404129809367,6.771472696627946,927.5917578879588,-20.198656646743075,-0.05306778260069669,-0.6141754878671801,-0.017489881802644124,-0.20241766590671997
13,31,madhya pradesh,36.45532250924883,10.786110210655767,37.5058506086749,1.4790833492033262,15.05610236470388,48.34863187468715,54.2207412797851,46.71581412907544,0.0,0,4.317821792557563,1.1831044615922848,3.406031588412442,-0.31462205514235886,-0.0,0,-0.0,0.05,1.0526315789473684,1.0526315789473684,5.872109405097952,980.3557012500918,32.5652867153899,-0.41979109324213193,0.9902045074460046,-0.0,0.0
13,32,madhya pradesh,42.27701621908269,16.284738689926144,17.363959119673044,1.6060734792320448,22.740648558132783,44.98186326575482,55.32928536298633,53.13102785520337,0.7150782719276778,1,3.548372062231845,1.252197878594285,3.8177842696792172,-0.24552863814035852,-0.1755721942701637,1,-0.24552863814035852,0.12133451911297388,8.241677696591072,8.241677696591072,10.347422097231515,931.7204846347686,-16.0699298999333,-0.3276017486458663,-0.488634328950503,-0.2342608923021715,-0.34941179155046614
13,33,madhya pradesh,48.316617370362295,12.827051859611572,17.904634104187153,2.9768990858317737,38.160245316725295,43.818036115371385,51.674018934720735,37.813506039583885,0.0,0,3.5789856842052603,1.811115884439779,4.3351130907656685,0.31338936770513537,0.0,0,0.0,0.1730954894325076,1.2093294778543593,1.2093294778543593,7.85598281934935,953.8625569448484,6.072142410146512,0.41814635410690587,0.1846341116824751,0.0,0.0
13,34,madhya pradesh,45.32779288500514,16.5870991068064,12.904967052664812,2.027427129096784,12.48612341756037,46.44108129094009,58.733781209472646,53.172981218114344,0.7168052402588309,1,3.2522572490022643,1.4558344052105787,3.219364796543456,-0.04189211152406491,-0.030028485065957088,1,-0.04189211152406491,0.09306860030248933,10.744762430613806,10.744762430613806,12.292699918532556,924.0797242144471,-23.7106903202548,-0.05589543074769922,-0.7209650151391749,-0.04006613766647538,-0.5167915008950479
13,35,madhya pradesh,29.89011533668974,5.22736266740393,60.83865176962401,1.873909699686744,6.428357352452599,57.92304258786435,56.45681746697364,41.80412039599758,0.0,0,4.8014400236785715,1.3857811624481433,2.5598618323168254,-0.11194535428650032,-0.0,0,-0.0,0.05,1.0526315789473684,1.0526315789473684,-1.4662251208907122,979.0217349341775,31.231320399475635,-0.14936544304894409,0.9496429281685462,-0.0,0.0
13,36,madhya pradesh,35.98850529977395,12.20163449839249,34.43484496893126,2.2711792842581358,19.157982583130178,58.13052417098174,65.62975648436723,52.97086912984752,0.0,0,4.232426936266903,1.5587260315285212,3.6465471059057486,0.06099951479387755,0.0,0,0.0,0.05240429500637741,1.0553023770899532,1.0553023770899532,7.499232313385498,965.4535249638958,17.66311042919392,0.0813898853688909,0.5370777698155128,0.0,0.0
13,37,madhya pradesh,35.81174044369129,10.770249922314557,36.951992893905164,2.4275876388552446,7.9175205404309015,54.719205881650815,57.58935640660493,45.260424091257676,0.0,0,4.302949800973266,1.6199968882446296,2.766189685944349,0.12227037150998599,0.0,0,0.0,0.05,1.0526315789473684,1.0526315789473684,2.870150524954113,972.0398391886704,24.249424653968504,0.16314181440355147,0.737346174937382,0.0,0.0
13,38,madhya pradesh,43.65334914742984,8.280802711824698,21.866283028399483,4.050201601453802,7.99834537693924,61.095804708628485,66.67674660226804,59.217136340776065,0.0,0,3.7786154992583194,2.10681685771187,2.7762670290915157,0.6090903409772266,0.0,0,0.0,0.05,1.0526315789473684,1.0526315789473684,5.5809418936395545,975.2485193310672,27.45810479636532,0.8126915959733306,0.8349117074543209,0.0,0.0
13,39,madhya pradesh,23.810326366181222,5.513797458021828,53.661812227808106,1.773728079597595,9.72467505029698,57.983398726505165,58.04621193009781,44.02654094173414,0.0,0,4.675935604010951,1.3376103676654085,2.970446798063729,-0.1601161490692351,-0.0,0,-0.0,0.05,1.0526315789473684,1.0526315789473684,0.06281320359264697,985.3167516909713,37.52633715626939,-0.2136383389685795,1.1410539242240334,-0.0,0.0
13,40,madhya pradesh,59.158378605558596,13.231638190268965,6.914514975891861,1.8228703122579455,82.58832542652563,49.502596545899266,55.98987760039724,45.82184944623722,0.0,0,2.6319584342065405,1.3614939210224473,5.107052162843594,-0.13623259571219637,-0.0,0,-0.0,0.46209501329004277,1.859064378853227,1.859064378853227,6.487281054497977,964.5656890879822,16.77527455328027,-0.18177120565613097,0.5100815669604493,-0.0,0.0
13,41,madhya pradesh,33.786741032729076,11.375139276695982,47.69675972295042,2.7795183583773664,7.845886670719408,61.78099783444827,69.24018965429298,54.13106540916648,0.0,0,4.558120518733833,1.7463177437649786,2.7571732794395056,0.24859122703033498,0.0,0,0.0,0.05,1.0526315789473684,1.0526315789473684,7.459191819844705,985.8791929140152,38.08877837931334,0.3316880722753165,1.1581559334616296,0.0,0.0
13,42,madhya pradesh,35.89802708564388,10.279377562153156,25.164397955208194,3.4849837853080787,13.14926688477594,47.778423034036564,60.21971414998326,53.723055428026946,0.0,0,3.918971953728866,1.961586997862087,3.270955957113625,0.4638604811274434,0.0,0,0.0,0.05,1.0526315789473684,1.0526315789473684,12.441291115946697,985.8132510578788,38.02283652317692,0.6189156014386933,1.1561508559769353,0.0,0.0
13,43,madhya pradesh,47.86661905425396,12.761739644091652,12.433973236373102,2.836217464080594,29.33211076226861,47.84686290364298,57.287516825081084,52.38895154262124,0.0,0,3.2151928134936,1.7653407798678882,4.072120472117632,0.26761426313324455,0.0,0,0.0,0.15725644180199005,1.186600585993493,1.186600585993493,9.440653921438106,978.6297841514295,30.839369616727595,0.35706995822991566,0.9377249789987426,0.0,0.0
13,44,madhya pradesh,39.01250293625299,14.420955557795951,18.2707094754867,0.9747510521683236,16.358626647308295,50.482662327066826,60.49605993810878,55.152480961248315,0.0,0,3.599194452341346,0.8634067183847143,3.488835469930746,-0.6343197983499294,-0.0,0,-0.0,0.07408288202526778,1.0800102736920019,1.0800102736920019,10.013397611041952,978.6927318511042,30.902317316402332,-0.8463545300216142,0.9396390139186878,-0.0,0.0
13,45,madhya pradesh,19.884833184667553,5.850402013988378,67.35695725029652,2.628484604932896,5.956552022309554,43.50519500876693,42.78154145282364,38.37783882915117,0.0,0,4.903208476437668,1.6939200124922418,2.484611769227993,0.19619349575759815,0.0,0,0.0,0.05,1.0526315789473684,1.0526315789473684,-0.7236535559432937,999.7942864145872,52.00387187988531,0.26177529745590045,1.5812686923395454,0.0,0.0
14,1,maharashtra,71.2775105025836,6.517440096813474,1.045498081733922,1.9178377021101058,86.39912527751916,41.80654197314974,47.76695936821923,43.13256440302074,0.6936355758812229,1,0.9131824675989785,1.4062758010386456,5.152158221009413,-0.09145071569599805,-0.0634334698465436,1,-0.09145071569599805,0.6328290557900268,1.5802055718690022,1.5802055718690022,5.960417395069491,933.1257025438352,-14.664711990866635,-0.12202004052903342,-0.4459062203463162,-0.08463744108140626,-0.30929641793893653
14,2,maharashtra,57.812938763519874,5.177947719296508,18.121207225736246,1.616629639524898,54.25133631770318,31.139745873361058,32.572027930903076,36.112401201951165,0.0,0,3.5909905523528995,1.2577642141599181,4.686859735785,-0.2399623025747255,-0.0,0,-0.0,0.19508331884097113,1.2423646116515605,1.2423646116515605,1.432282057542018,951.8059539268447,4.015539392142841,-0.32017474836328164,0.12209949940492099,-0.0,0.0
14,3,maharashtra,53.226736284644595,2.794747525229941,12.820635066768377,2.234281830088476,15.295295525685878,49.051280328518715,54.234457228245745,53.77704320611243,0.0,0,3.2457206806619805,1.5437555180020859,3.4217593931961234,0.04602900126744225,0.0,0,0.0,0.06094402482298451,1.0648992460875364,1.0648992460875364,5.18317689972703,961.1792981893927,13.388883654690858,0.0614151628822082,0.4071124280407334,0.0,0.0
14,4,maharashtra,53.02919516572251,1.7735744211515507,0.9615577663259841,3.6425711689141065,7.743496515996496,55.65601992497361,56.16093257568612,62.033648237508686,0.0,0,0.8539279329377885,2.0041675713029155,2.7441440018968195,0.5064410545682718,0.0,0,0.0,0.07820459644931396,1.0848394298214938,1.0848394298214938,0.5049126507125052,961.0549971600029,13.264582625301045,0.6757296269764589,0.40333283780842005,0.0,0.0
14,5,maharashtra,65.88652073178939,5.099428950480201,0.46782318614868434,5.769812362756571,6.710673050115844,52.76342768961344,54.90963783887754,59.18531907078985,0.0,0,0.45224846591842366,2.453213131401301,2.6023522340638725,0.9554866146666572,0.0,0,0.0,0.14117358199863864,1.16437964533878,1.16437964533878,2.146210149264107,962.8541561531252,15.063741618423364,1.2748781084900405,0.45803941417520533,0.0,0.0
14,6,maharashtra,50.59101323379426,8.484163483368958,24.1751208406814,2.486974577804871,29.23986174205837,36.07625071732968,43.39655111030219,56.199299823255664,0.0,0,3.878898708749014,1.6423827320792441,4.068972366962834,0.1446562153446005,0.0,0,0.0,0.10862059380046754,1.121856745898562,1.121856745898562,7.320300392972513,954.108538829889,6.31812429518709,0.1930105972904612,0.19211362118122416,0.0,0.0
14,7,maharashtra,41.94990367608347,5.298663296151184,40.87568989417186,1.428520663800149,17.057240265566122,39.202447759252905,46.24631029510117,58.397287448371515,0.0,0,4.403832281156542,1.1544482822051698,3.5305800935925724,-0.3432782345294738,-0.0,0,-0.0,0.05,1.0526315789473684,1.0526315789473684,7.0438625358482625,959.908983017563,12.118568482861065,-0.4580262031984779,0.3684862731409992,-0.0,0.0
14,8,maharashtra,53.167929567823656,9.25598735613938,9.836480599717532,1.1925707733670725,22.986327790455242,44.63881267580819,51.03674622000931,61.7847338864113,0.0,0,2.9818190177491335,1.0112083566964674,3.828519592536915,-0.4865181600381763,-0.0,0,-0.0,0.13594956180233747,1.157339844750171,1.157339844750171,6.397933544201123,925.1043076622525,-22.686106872449386,-0.6491470859923176,-0.6898107631548979,-0.0,-0.0
14,9,maharashtra,49.90208824065688,12.406969004739196,7.119645056901482,2.1454915683934437,13.248847072356865,45.16404701362908,55.98983313547517,63.20146173457945,0.0,0,2.660900963892894,1.506870289056552,3.278478924844505,0.009143772321908328,0.0,0,0.0,0.1082299822433048,1.121365352151628,1.121365352151628,10.825786121846093,949.2236782877177,1.433263753015808,0.012200270504349187,0.04358089154868471,0.0,0.0
14,10,maharashtra,59.56093882511661,11.406404879357227,3.9102530270046336,3.101141450240159,43.12437777133508,48.52602174496688,53.21246198074687,55.43859550736945,0.0,0,2.0727127031146826,1.849954049447426,4.45737002963784,0.3522275327127824,0.0,0,0.0,0.3536210204062421,1.5470800127635478,1.5470800127635478,4.68644023577999,942.5796491593766,-5.210765375325309,0.4699669924938153,-0.1584424361739852,0.0,-0.0
14,11,maharashtra,55.865817183193734,9.505452456828257,0.7482340501564022,4.661994675153778,11.106882186791724,54.67499052024919,58.78792527108836,69.1807205662434,0.0,0,0.6917338218806907,2.2438996504201834,3.102732523183778,0.7461731336855397,0.0,0,0.0,0.18245814346035336,1.2231789626437373,1.2231789626437373,4.112934750839173,941.3987271856334,-6.391687349068434,0.9955971948502723,-0.19435043451474152,0.0,-0.0
14,12,maharashtra,52.686052153259034,12.55756989854663,0.4880768757286756,2.3407098488964597,19.266771306293585,54.09379253065592,56.95721627665525,70.35257912293169,0.0,0,0.47052211030400093,1.5863908843545853,3.652201895339563,0.08866436761994168,0.0,0,0.0,0.30330601041524874,1.435350404839903,1.435350404839903,2.8634237459993344,923.6940954221949,-24.09631911250699,0.11830229701460764,-0.7326907331292032,0.0,-0.0
14,13,maharashtra,46.25303731874739,15.410220246810875,1.496476230533847,6.9806810370476775,24.082304954694393,44.1462054248324,50.2227490918878,70.21715249117953,0.0,0,1.1928069908658554,2.641384945797155,3.875055304804165,1.1436584290625116,0.0,0,0.0,0.2850103007311877,1.3986215480064326,1.3986215480064326,6.076543667055397,934.595817410686,-13.1945971240159,1.5259503089015751,-0.401204806219628,0.0,-0.0
14,14,maharashtra,56.694116324449325,12.748130987464968,0.49482324347618933,2.0579258559260345,22.488710976918732,53.98493551295677,63.82256065842809,70.28087160891434,0.0,0,0.4765768060163132,1.4692445953984197,3.8066545864433077,-0.02848192133622396,-0.0,0,-0.0,0.36382969264060167,1.571906120785137,1.571906120785137,9.837625145471321,930.673482902468,-17.1169316322339,-0.03800260248748249,-0.5204702480900657,-0.0,-0.0
14,15,maharashtra,45.41790305174997,13.788458558871506,3.7719212261025157,0.939872148212211,26.389264691733004,43.18277313541406,55.283022751780564,61.91282937168017,0.0,0,2.037857543699197,0.8382114154903063,3.966463266932725,-0.6595151012443373,-0.0,0,-0.0,0.2135693561580859,1.2715679479562816,1.2715679479562816,12.100249616366504,932.7257243135366,-15.064690221165279,-0.8799718927390004,-0.45806825810091767,-0.0,-0.0
14,16,maharashtra,36.325778258240646,12.932334133426169,2.0741337926232664,1.0011049429556558,13.476592703886253,49.482180406769544,54.382605178343226,66.53925609139144,0.0,0,1.4763059234186526,0.8821546838895948,3.295475165174751,-0.6155718328450488,-0.0,0,-0.0,0.11624698953736261,1.13153787105801,1.13153787105801,4.900424771573682,951.4967664510967,3.7063519163948513,-0.8213396627968785,0.11269811335826213,-0.0,0.0
14,17,maharashtra,37.563856998112925,11.021215993122455,5.265382953045179,1.6572310859495625,18.016140498385713,45.7797485167618,56.524704805677025,63.35238335068819,0.0,0,2.3631988512789794,1.278930969292662,3.5851845656851755,-0.2187955474419816,-0.0,0,-0.0,0.09969686168276133,1.1107369922858485,1.1107369922858485,10.744956288915226,955.1316355086894,7.341220973987561,-0.29193256021298636,0.22322266535317362,-0.0,0.0
14,18,maharashtra,39.48867004157904,13.406769875175076,1.1259159901474804,1.936070437362427,14.365842842653858,51.718885938207215,52.163827165272856,68.15310566338817,0.0,0,0.9676680436438848,1.4146742259514082,3.3592097221019737,-0.0830522907832354,-0.0,0,-0.0,0.1618069281300742,1.193042550171763,1.193042550171763,0.444941227065641,939.3517995874342,-8.438614947267638,-0.11081426547920308,-0.2565908487284018,-0.0,-0.0
14,19,maharashtra,38.03835779149613,18.149103963569797,11.84239096385387,0.8905506458191705,17.57108515628822,50.693118088020306,57.963522173412684,63.70621520036265,0.0,0,3.166610611316878,0.8018267658114112,3.560210595864638,-0.6958997509232324,-0.0,0,-0.0,0.11073414142031458,1.1245230999840437,1.1245230999840437,7.270404085392379,960.0785314145651,12.288116879863196,-0.928518876703695,0.373641688734574,-0.0,0.0
14,20,maharashtra,43.9017587185729,16.344479118595785,1.7599721701413509,1.2859636731919883,12.387969540721148,51.00416255363699,57.2882066357118,68.98408295836353,0.0,0,1.3308347475484266,1.0698638406427832,3.2114980874595536,-0.42786267609186046,-0.0,0,-0.0,0.16934320092820412,1.2038666283324642,1.2038666283324642,6.284044082074814,947.0855527427509,-0.7048617919509752,-0.5708847730742709,-0.021432555764555227,-0.0,-0.0
14,21,maharashtra,44.347955227147615,19.060013443545756,2.2382251179590624,0.9281861193984873,16.345657776470933,57.04713711954263,61.38489778548038,67.87487540732496,0.0,0,1.5453652475126567,0.8296712368971797,3.488043849571187,-0.6680552798374639,-0.0,0,-0.0,0.2211667922886076,1.2839719597197299,1.2839719597197299,4.337760665937751,947.2083436344715,-0.5820709002304056,-0.8913668056177861,-0.017698883909685253,-0.0,-0.0
14,22,maharashtra,49.838811344330885,11.487415303724383,5.056939541398262,2.235421367525469,16.92934153069052,54.164393374251716,62.07574692974593,64.71276734082933,0.0,0,2.3235444004915626,1.5442209431948049,3.5230666311427283,0.04649442646016122,0.0,0,0.0,0.13683751246187734,1.1585304209085359,1.1585304209085359,7.911353555494216,945.3948922825783,-2.3955222521235555,0.062036166232992115,-0.07284004444582236,0.0,-0.0
14,23,maharashtra,53.92031959954314,11.947679394256621,7.031433821786042,2.29355907048331,23.74370616785389,54.95653388241143,59.92220304889808,58.52767113386255,0.0,0,2.64855642153636,1.5677073481403385,3.8609078260788623,0.06998083140569489,0.0,0,0.0,0.17989540869650075,1.2193566657279282,1.2193566657279282,4.965669166486656,934.031246832602,-13.75916770209983,0.09337339592577973,-0.41837156222199146,0.0,-0.0
14,24,maharashtra,58.62234478470331,17.47677446538885,14.383627333291818,3.785878861649282,27.629329603732995,44.44777342588153,52.502466073727014,57.126883928321995,0.0,0,3.3604439441125495,2.0414282109264628,4.012352386054017,0.5437016941918191,0.0,0,0.0,0.24246203481503265,1.32006585274684,1.32006585274684,8.054692647845485,950.4091395309691,2.6187249962672468,0.725445418945946,0.07962691431916363,0.0,0.0
14,25,maharashtra,47.678109943268254,10.919801419641585,21.464087227462322,2.3958101181190106,14.474489972770305,53.422689249189816,55.88411206669368,60.27261791853202,0.0,0,3.7600705606012887,1.607825219742787,3.366726093780895,0.11009870300814328,0.0,0,0.0,0.06572347640445164,1.070346920579269,1.070346920579269,2.461422817503866,960.6263601198236,12.835945585121749,0.14690150974767657,0.3902993788079418,0.0,0.0
14,26,maharashtra,59.43971885695226,14.05106257793784,15.58906720057113,1.1962107609435948,22.881285268190492,46.10836008779089,59.91592761775777,58.51796156408389,0.0,0,3.4407441709333684,1.0135450602931562,3.823943684525504,-0.48418145644148747,-0.0,0,-0.0,0.17733472921356358,1.2155612197462018,1.2155612197462018,13.807567529966875,951.796381687005,4.005967152303128,-0.646029290080035,0.12180843870834317,-0.0,0.0
14,27,maharashtra,61.96075067102426,18.83784044422825,13.924418772677393,2.349781968162703,52.34831870511104,47.63450879601813,54.5337472255909,54.49401352740993,0.0,0,3.328078133600307,1.5899492163556568,4.651158217793342,0.09222269962101315,0.0,0,0.0,0.4064270064590275,1.684712766385274,1.684712766385274,6.899238429572769,951.122670458798,3.3322559240961027,0.12305007631498875,0.10132307032458154,0.0,0.0
14,28,maharashtra,54.27496964598608,16.866535808721554,14.700025478867484,5.5763038508037965,11.202635758001051,65.20844605655182,70.04606748555483,70.37977305011682,0.0,0,3.3821513263896654,2.4196179185010083,3.1112823875304274,0.9218914017663646,0.0,0,0.0,0.10264116950604933,1.1143814113352521,1.1143814113352521,4.837621429003008,970.9677794039073,23.177364869205462,1.230052989206096,0.7047483218798721,0.0,0.0
14,29,maharashtra,49.59587899281826,16.903725407648107,19.704863560486096,1.1688380962541174,23.525869726421195,63.6093387578991,67.28063437919384,67.9872023574973,0.0,0,3.674655908645691,0.9958698836919592,3.851699228396491,-0.5018566330426845,-0.0,0,-0.0,0.14501316340702264,1.1696086503330076,1.1696086503330076,3.671295621294739,964.7125171200688,16.92210258536693,-0.669612766150417,0.5145461301151452,-0.0,0.0
14,30,maharashtra,35.177316679584756,12.197557845516576,38.69518811705061,1.273046532045654,7.321507985921399,61.97029367733161,65.89068288879498,65.99127452048715,0.0,0,4.3490293582506725,1.0619095519259694,2.6885949933452604,-0.43581696480867427,-0.0,0,-0.0,0.05,1.0526315789473684,1.0526315789473684,3.920389211463373,979.8293467617849,32.03893222708302,-0.581497950064943,0.9741997785028507,-0.0,0.0
15,4,manipur,39.02188300898414,0.33373700960374014,85.51694032162672,3.44689378757515,11.202016503787986,74.13554496513107,55.413411460308005,63.94531689736448,0.0,0,5.141895852550085,1.9510278157638172,3.1112273273981677,0.4533012990291736,0.0,0,0.0,0.05,1.0526315789473684,1.0526315789473684,-18.72213350482307,977.2572980312287,29.46688349652686,0.604826790675666,0.895992137691143,0.0,0.0
15,5,manipur,42.986072840337734,3.756999299219616,0.9674851509399303,24.431723909075824,29.443662019744316,65.96579299210413,67.28317897433371,65.20780207419273,0.0,0,0.8581942258049018,3.889448189931235,4.0759141054551655,2.3917216731965913,0.0,0,0.0,0.18074357563037663,1.2206190519280329,1.2206190519280329,1.317385982229581,976.6697674418605,28.87935290715859,3.1912049378350216,0.8781272423828537,0.0,0.0
15,6,manipur,45.39560664479762,1.290568834947697,5.2966980688487775,23.31009396786905,30.617404147743304,72.96501456459607,57.10452715100113,64.12530010720997,0.0,0,2.369025059602259,3.8424934473224237,4.1149823720890595,2.34476693058778,0.0,0,0.0,0.10183517107822956,1.1133813836826374,1.1133813836826374,-15.860487413594946,961.8821470974193,14.091732562717425,3.1285545851007326,0.42848377854852754,0.0,0.0
15,7,manipur,59.292580360795824,3.200512891892006,4.766182878015243,20.46568633494301,34.873274367637194,70.98652472841177,67.68821916329057,65.1768004190006,0.0,0,2.2655207931006505,3.7124931737488254,4.245073443169198,2.2147666570141817,0.0,0,0.0,0.1892687542143604,1.23345437245477,1.23345437245477,-3.298305565121197,977.1497294046903,29.359314869988452,2.9550989863171564,0.8927213254367012,0.0,0.0
16,1,meghalaya,26.70440371383344,0.33881699799975507,95.50285068920003,0.7807157510827445,7.369156313925061,57.50057214063878,74.39866314783222,49.24181737255816,0.0,0,5.2523306865158155,0.7175388675298878,2.695022608161631,-0.7801876492047558,-0.0,0,-0.0,0.05,1.0526315789473684,1.0526315789473684,16.898091007193443,1005.6667785109794,57.8763639762775,-1.0409817774710053,1.7598320869937836,-0.0,0.0
16,2,meghalaya,47.9478907666359,0.36439182343231846,78.3926472224143,1.280365536964597,29.28603856179478,64.47218639479574,57.99647547581053,55.00008065881702,0.0,0,5.054917996394815,1.0664226656089506,4.0705494427628786,-0.431303851125693,-0.0,0,-0.0,0.05,1.0526315789473684,1.0526315789473684,-6.4757109189852144,985.6133228631118,37.82290832840988,-0.5754762332274267,1.150071689490423,-0.0,0.0
16,3,meghalaya,38.04784767234292,0.014080860476841527,98.1095309256576,0.23761999809904003,4.844724446644895,61.27230085688657,66.91382881117515,52.50228667961782,0.0,0,5.279257669336219,0.23543884229369516,2.2815225756420157,-1.2622876744409486,-0.0,0,-0.0,0.05,1.0526315789473684,1.0526315789473684,5.641527954288584,956.5561674405212,8.76575290581934,-1.684233874195083,0.2665380506046099,-0.0,0.0
16,4,meghalaya,37.01347543276056,0.12765641884018053,96.83189609509078,0.8262617239839214,4.875839566074115,71.29086741318719,64.9045098239069,63.39980717829962,0.0,0,5.266150287255135,0.7530441235539744,2.287793161753266,-0.7446823931806692,-0.0,0,-0.0,0.05,1.0526315789473684,1.0526315789473684,-6.38635758928028,999.5941741443838,51.80375960968195,-0.9936081429829556,1.5751839287173974,-0.0,0.0
16,5,meghalaya,30.537804624036657,1.1724640699854196,80.6171630910227,0.9376798348058631,8.789627161008124,73.04488810224673,74.75527151050653,66.1705843878226,0.0,0,5.082897213465237,0.8366130592210346,2.869939810098795,-0.6611134575136091,-0.0,0,-0.0,0.05,1.0526315789473684,1.0526315789473684,1.7103834082598013,986.1049355269008,38.314520992198936,-0.882104533203015,1.1650200324869366,-0.0,0.0
17,1,mizoram,71.88697187882082,0.06834355699998955,94.66564952504363,0.0954068420335287,44.82543132726532,74.62459242587384,75.35388933268405,65.54505251413046,0.0,0,5.24352628122449,0.09526269212876796,4.496047219507325,-1.4024638246058756,-0.0,0,-0.0,0.0970553750289061,1.107487626976032,1.107487626976032,0.7292969068102053,970.9075411601094,23.117126625407536,-1.8712668503085415,0.7029166727053802,-0.0,0.0
17,2,mizoram,63.56056186330387,0.1445047794282637,94.41367858905892,0.0,33.23250908764529,73.91802219742792,69.22858379782456,63.0857056140257,0.0,0,5.240861188293367,0.0,4.196902057279357,-1.4977265167346436,-0.0,0,-0.0,0.06011446873330787,1.0639593511481031,1.0639593511481031,-4.689438399603361,955.8058925476604,8.01547801295851,-1.9983731005548233,0.24372463006797246,-0.0,0.0
17,3,mizoram,47.21855100324402,0.20325203252032523,95.55048259842205,0.0,10.747326685089511,73.91802219742793,69.22858379782456,63.0857056140257,0.0,0,5.252829283423122,0.0,3.0699616382545996,-1.4977265167346436,-0.0,0,-0.0,0.05,1.0526315789473684,1.0526315789473684,-4.689438399603375,975.1302467315443,27.339832196842394,-1.9983731005548233,0.8313154221773481,-0.0,0.0
18,1,nagaland,56.61371429456036,0.0,74.46856270044198,1.495795776322331,25.073726524262025,81.52173350014957,50.613840519490985,73.89895742184052,0.0,0,5.00356931771902,1.1924288687098756,3.915365140615165,-0.305297648024768,-0.0,0,-0.0,0.05,1.0526315789473684,1.0526315789473684,-30.90789298065858,993.7039137833239,45.913499248621974,-0.407349806963085,1.3960802588947785,-0.0,0.0
18,2,nagaland,51.27256353028701,0.0,94.07572731900231,0.800108489286683,6.560554446141195,85.30722547858294,43.156517926905366,74.78843912886713,0.0,0,5.237275494893999,0.732752969703907,2.5799807679146385,-0.7649735470307366,-0.0,0,-0.0,0.05,1.0526315789473684,1.0526315789473684,-42.15070755167757,968.6667377171481,20.876323182446185,-1.0206820417088727,0.6347811242941863,-0.0,0.0
18,3,nagaland,52.66789997713526,0.0,97.06915545947744,0.08537279453614115,9.394292128292003,85.47346843743775,43.07277234942395,75.27363128863634,0.0,0,5.2685973793248815,0.08526942640653849,2.9360702770440272,-1.412457090328105,-0.0,0,-0.0,0.05,1.0526315789473684,1.0526315789473684,-42.400696088013795,1030.0778074555801,82.28739292087823,-1.8846005752462152,2.5020921230743265,-0.0,0.0
18,4,nagaland,60.272115431172224,0.0,92.64513629981117,0.8573061535530578,14.09601510676415,75.84785575794562,45.477579496899395,70.10774981348729,0.0,0,5.221952762159194,0.7767942512733276,3.3402951465914583,-0.7209322654613161,-0.0,0,-0.0,0.05,1.0526315789473684,1.0526315789473684,-30.37027626104623,1000.6558237145855,52.86540917988361,-0.9619190356333889,1.6074652409910892,-0.0,0.0
18,5,nagaland,67.72955156780785,0.0,92.63957467766174,0.4478427089022392,13.386667003422279,75.0885717070788,34.37765346529814,68.29341488078659,0.0,0,5.221892732401265,0.4340815952414372,3.2887985492020686,-1.0636449214932064,-0.0,0,-0.0,0.05,1.0526315789473684,1.0526315789473684,-40.71091824178066,1010.0566295645381,62.26621502983619,-1.4191906038279496,1.89331318722915,-0.0,0.0
18,6,nagaland,40.207208058186566,0.0,95.10145724026002,0.08776328986960882,7.151812319133041,83.46495063173131,41.376575545442726,73.92957789106107,0.0,0,5.248119113847599,0.08765101400457263,2.665365262268819,-1.410075502730071,-0.0,0,-0.0,0.05,1.0526315789473684,1.0526315789473684,-42.088375086288586,974.7781176352604,26.98770310055852,-1.8814228919112748,0.8206083210426174,-0.0,0.0
18,7,nagaland,29.76305786945805,0.0,92.14757613611313,0.0579575750550597,5.784273776043928,77.4786428048749,36.3624623543249,69.90670892340576,0.0,0,5.2165680018991685,0.057925176644105895,2.455679707282039,-1.4398013400905378,-0.0,0,-0.0,0.05,1.0526315789473684,1.0526315789473684,-41.11618045055,995.0149551345962,47.22454059989434,-1.921085215512339,1.4359447645207795,-0.0,0.0
19,1,odisha,41.49469839153522,17.48021768517811,27.44704879971347,3.816638196976264,14.461129818405357,52.718537991236744,53.95518117053004,52.02773458490578,0.0,0,4.005737521070793,2.0492538677703775,3.365804851679606,0.5515273510357339,0.0,0,0.0,0.07398746881040305,1.0798989930680047,1.0798989930680047,1.2366431792932957,970.4728644205111,22.682449885809206,0.7358869661552105,0.6896995660791151,0.0,0.0
19,2,odisha,44.095251351023265,8.780586702867671,50.7361273441517,0.972806703025042,28.37088488449172,52.85923957490939,56.392686803741384,48.28681204337863,0.0,0,4.619882513407635,0.8620137141061304,4.038821069989551,-0.6357128026285133,-0.0,0,-0.0,0.06577293875230156,1.070403589748791,1.070403589748791,3.533447228831996,966.7168697156321,18.926455180930247,-0.8482131752737188,0.5754919768992899,-0.0,0.0
19,3,odisha,36.72177182751147,11.497913348581557,44.52224065048439,1.7153909569408332,10.427494102290826,56.09919481198491,56.26218236548779,50.1314598211218,0.0,0,4.489262131511304,1.3085978050680154,3.039884490472397,-0.18912871166662826,-0.0,0,-0.0,0.05,1.0526315789473684,1.0526315789473684,0.1629875535028802,980.8440537094984,33.05363917479656,-0.25234896071760043,1.0050537182253552,-0.0,0.0
19,4,odisha,30.724087064491822,6.991743518449735,57.87103757866474,1.969688208902242,5.2885523564932235,58.049157265315706,59.79218665254232,52.79084946382264,0.0,0,4.7514388649806705,1.4299968646743029,2.3675127482924734,-0.06772965206034076,-0.0,0,-0.0,0.05,1.0526315789473684,1.0526315789473684,1.7430293872266134,962.1526571965625,14.362242661860591,-0.09036971254432476,0.436709111303072,-0.0,0.0
19,5,odisha,48.409908121678086,19.80913899416514,7.0658056703518906,1.2719570847716621,7.830363543413007,63.75173996063046,57.477490790394135,57.48435118422578,0.0,0,2.653384478426687,1.0612363941800165,2.7552087383991934,-0.43649012255462716,-0.0,0,-0.0,0.10107589539779327,1.1124409667961028,1.1124409667961028,-6.274249170236324,960.7159433052874,12.925528770585515,-0.5823961249432746,0.393023312265456,-0.0,0.0
19,6,odisha,53.22760257653039,20.356039535789673,3.3010753662315073,1.1378123888951648,10.555675342676729,60.473697320946314,55.56266266481015,49.43291888830863,0.020221985300184608,1,1.9095858316452046,0.9755447117152466,3.0520470454380146,-0.522181805019397,-0.010559552785126112,1,-0.522181805019397,0.19271362388516855,5.189046730789857,5.189046730789857,-4.911034656136167,944.0928246657519,-3.69758986894999,-0.6967320542771754,-0.11243168797867972,-0.014089305359760466,-0.002273591941579804
19,7,odisha,44.22743228375334,16.425158484832608,12.180174988211872,2.337079544100711,8.295855818096086,47.68339207365966,49.344137283480975,48.688501137130906,0.0,0,3.1946376942081,1.584963711331039,2.81251623657269,0.08723719459639545,0.0,0,0.0,0.0653578290656657,1.0699281833178247,1.0699281833178247,1.6607452098213145,959.1963206211685,11.405906086466644,0.11639806139600467,0.3468165263531249,0.0,0.0
19,8,odisha,31.708351929887606,18.755760101551676,37.27700074772639,3.6769957378182236,5.029242477814552,49.660555137817525,49.05351748982215,48.754181991188325,0.0,0,4.311703577714073,2.0132411833196127,2.31815719669087,0.515514666584969,0.0,0,0.0,0.05,1.0526315789473684,1.0526315789473684,-0.6070376479953765,994.9452726080078,47.154858073305945,0.6878362846181832,1.433825945407621,0.0,0.0
19,9,odisha,33.254343929044275,17.272141442781987,18.533491897971857,3.78500636329467,8.168637008049304,54.726087656014734,52.230009117242396,53.85548155673764,0.0,0,3.613453677996108,2.0412053676424247,2.7971749944426443,0.543478850907781,0.0,0,0.0,0.05,1.0526315789473684,1.0526315789473684,-2.4960785387723377,975.2003511454706,27.409936610768682,0.72514808560806,0.8334470695130021,0.0,0.0
19,10,odisha,25.12355880215802,15.742027997659362,30.79118787496865,2.7978974380199495,5.614514542192614,53.28213092147609,53.722500987252154,54.26585738661599,0.0,0,4.120639303442699,1.7525214974151846,2.4263403650590676,0.25479498068054096,0.0,0,0.0,0.05,1.0526315789473684,1.0526315789473684,0.4403700657760652,1001.4220329631904,53.63161842848854,0.33996556104146947,1.6307631734873156,0.0,0.0
19,11,odisha,18.37749959464458,15.019125784033957,54.33720310420681,4.172883943058237,9.422657353646716,49.753624929399756,46.19608492022243,50.685007740629175,0.0,0,4.688440975284572,2.1358120097209423,2.939068251886605,0.6380854929862987,0.0,0,0.0,0.05,1.0526315789473684,1.0526315789473684,-3.5575400091773233,1007.2575002498894,59.46708571518752,0.8513789872787579,1.8082007640371416,0.0,0.0
19,12,odisha,36.57326896810849,16.578467014303193,9.392120548974606,3.4719970762129884,12.746415315640089,47.31585754697754,48.362904608835066,40.22657647877932,0.004585032643544909,0,2.9358403899484795,1.957998889037412,3.239932456620279,0.4602723723027684,0.002110363851930049,1,0.4602723723027684,0.08225219447216985,12.157730336767507,12.157730336767507,1.0470470618575263,955.6739550137571,7.8835404790552275,0.6141280917852442,0.2397128385577629,0.002815797348153289,0.0010990911898641537
19,13,odisha,54.030696906508545,15.454776520478447,3.5459854397045354,1.6969642753795902,16.97878049582594,53.80521401009163,53.958889981258885,47.45176895928396,0.4157712436854052,1,1.9782775063907327,1.2992802316274046,3.525977628384517,-0.19844628510723905,-0.08250825876378529,1,-0.19844628510723905,0.21173538761371719,4.722876092041666,4.722876092041666,0.15367597116725307,947.662486553813,-0.12792798088889867,-0.26478112901943174,-0.0038898740370920492,-0.11008837931683486,-0.0016172977661813293
20,1,punjab,51.668211201253236,24.695115703476684,0.0,1.370211297660017,18.603292932558865,61.91479354981433,57.695420651076546,52.25086655996564,0.047054303625751775,1,0.0,1.1205448855804536,3.617207374612854,-0.37718163115419,-0.01774801899438557,1,-0.37718163115419,0.5126104319745496,1.9507991597987,1.9507991597987,-4.219372898737781,878.1584986121132,-69.63191592258863,-0.5032625230975117,-2.1172802073338954,-0.023680667565292232,-0.09962714573668378
20,2,punjab,48.30293544574696,28.006675823298306,0.0,5.115160718805366,28.706159964225254,61.794313831716494,52.927395742003604,50.03776477740388,0.6546922530743498,1,0.0,2.334776692503371,4.050562157225251,0.8370501757687272,0.5480102655103085,1,0.8370501757687272,0.6313248731205042,1.5839705396956931,1.5839705396956931,-8.86691808971289,861.2891698614303,-86.50124467327157,1.116851799297665,-2.630221656690784,0.7311942208323298,-1.7219857425038383
20,3,punjab,39.22081928478179,21.797318973490142,0.0,1.590226316843581,19.748142978958427,63.78432385339576,61.113415386641535,59.39668305031069,0.1765109777333968,1,0.0,1.243791882238634,3.6768470690493316,-0.2539346344960096,-0.04482225061526341,1,-0.2539346344960096,0.3821184862709539,2.616989326423,2.616989326423,-2.670908466754227,885.7216082011853,-62.06880633351659,-0.3388176260525899,-1.8873106305001675,-0.059805030447851064,-0.3331310446762181
20,5,punjab,58.1480441704037,39.08146243290489,0.0,2.4727491125533367,30.594976186446825,56.74326158704357,55.03083893977285,50.10723071190352,0.0,0,0.0,1.6370625936794547,4.1142499712102705,0.1393360769448111,0.0,0,0.0,0.8356434639693089,6.084333633152655,6.084333633152655,-1.7124226472707207,887.7026859759872,-60.08772855871473,0.18591209075366896,-1.8270724953547814,0.0,-0.0
20,6,punjab,53.19888594550041,29.457184522622082,0.0,1.2316801884323476,21.839581719237852,57.13192662688462,57.529309645122375,48.563926702881915,0.018274996211556347,1,0.0,1.0360973739219157,3.777394912505211,-0.46162914281272793,-0.008436270836046606,1,-0.46162914281272793,0.6355759631730992,1.5733760524981495,1.5733760524981495,0.397383018237754,878.9356823062643,-68.85473222843757,-0.6159383913696038,-2.093648577623777,-0.01125627176883162,-0.03826141982440486
20,7,punjab,59.84338445720632,33.324169706699806,0.0,1.462550996843969,12.976932402675413,58.404311487658624,55.27237250608253,52.93479447457137,0.018148079542801464,1,0.0,1.1738091085352957,3.257801790046942,-0.3239174081993479,-0.005878478889299857,1,-0.3239174081993479,0.6348412144869375,1.575197036960139,1.575197036960139,-3.1319389815760914,887.3733929428406,-60.41702159186127,-0.4321936135298448,-1.8370852260438122,-0.007843484076230419,-0.03333956880914851
20,8,punjab,57.17991312828813,24.572003368272057,0.0,0.8013555456468466,21.47011313855459,57.24530716831323,54.99261382624358,52.53372981666793,0.24576767687342316,1,0.0,0.733726409431352,3.7603509610133536,-0.7640001073032916,-0.18776653150297598,1,-0.7640001073032916,0.5876430501355971,1.7017133100940316,1.7017133100940316,-2.252693342069655,884.7340459578826,-63.056368576819295,-1.0193832092821231,-1.917339188002156,-0.2505314431890419,-0.47121999801366543
20,9,punjab,48.84835374387868,23.604951266768694,0.0,2.428474253056668,25.235122943168648,58.86561813840593,59.03142184399051,56.48133762735185,0.5494502103723462,1,0.0,1.6203345306800208,3.9217763221859823,0.12260801394537713,0.06736699905562302,1,0.12260801394537713,0.5416914785374349,1.8460692841246025,1.8460692841246025,0.16580370558457957,869.987985961922,-77.80242857277983,0.16359232092323472,-2.365718936741442,0.0898858351465717,-1.2998447674744285
20,10,punjab,38.5303370523706,26.831801277103363,0.0,1.6409344434564705,20.31734615114729,67.31421229824251,62.27635825891649,57.54598508774757,0.23348415825206528,1,0.0,1.2704809262963397,3.7052272706482423,-0.22724559043830395,-0.05305824539998097,1,-0.22724559043830395,0.45914085546835925,2.1779808703364516,2.1779808703364516,-5.037854039326021,872.9203399042859,-74.87007463041596,-0.30320720777627985,-2.276555585700422,-0.07079407968360377,-0.5315396646413005
20,11,punjab,35.92617260794006,29.269668575472625,0.0,1.156539270307182,18.738970090957284,65.1907266349272,57.44904572413315,52.431652715169506,0.057700641013036645,1,0.0,0.9878501461985608,3.624463687450513,-0.5098763705360828,-0.02942019341733257,1,-0.5098763705360828,0.4610393704960457,2.169012158167904,2.169012158167904,-7.741680910794052,864.6405839289205,-83.1498306057814,-0.6803132695475653,-2.5283160495039017,-0.039254511742569304,-0.14588545673992362
20,12,punjab,41.48021002082183,34.08089314312521,0.0,1.2916348843122298,21.17280498429697,69.15516971800713,71.77797384847432,67.52145587812093,0.7658821309466741,1,0.0,1.0733404290388964,3.7464219666946628,-0.42438608769574726,-0.325029721188541,1,-0.42438608769574726,0.6047152109901534,1.65367098731089,1.65367098731089,2.6228041304671876,862.9639555138684,-84.82645902083345,-0.5662460618977868,-2.5792968693077083,-0.4336777405264393,-1.9754373826094729
21,1,rajasthan,33.97271504372169,29.342374782809845,0.3424303163694955,0.5087629134149756,17.99678864206863,40.48342528327738,56.9054365554899,46.57639038927973,0.0,0,0.33606845540777197,0.4890358450406523,3.5841115019305354,-1.0086906716939914,-0.0,0,-0.0,0.4199729420202563,1.7240575008397676,1.7240575008397676,16.422011272212522,894.2819509549453,-53.50846357975661,-1.3458667404037044,-1.627018434882863,-0.0,-0.0
21,2,rajasthan,33.35080998067936,18.643261720362634,0.263801046947504,0.6539532802740441,32.86614264246908,40.38352132271442,57.906620317199256,45.01561336618576,0.0,0,0.2608333778969194,0.6145359219411695,4.185821571318981,-0.8831905947934742,-0.0,0,-0.0,0.38533003815483,1.6268893260996724,1.6268893260996724,17.523098994484833,913.7855028654197,-34.00491166928214,-1.1784156236655545,-1.0339788224346749,-0.0,-0.0
21,3,rajasthan,27.296785727939994,20.132956543207637,0.506670831143635,1.8694325955378095,22.92862090796398,48.3867212782071,62.00193664018755,49.93049384485956,0.0,0,0.487170423401889,1.3836713737630721,3.8260083300180003,-0.11405514297157149,-0.0,0,-0.0,0.2710143910887809,1.3717691923898965,1.3717691923898965,13.615215361980454,903.9879798593827,-43.802434675319205,-0.15218047296862078,-1.3318896477614182,-0.0,-0.0
21,4,rajasthan,37.7565767896154,15.374353601222431,1.9291958334728874,1.0730425508696266,16.524616394752094,45.518664721227836,62.42191839621064,48.358644308181674,0.0,0,1.4115149709183747,0.9320910958860883,3.498912637444812,-0.5656354208485553,-0.0,0,-0.0,0.16625563309186747,1.199408403451542,1.199408403451542,16.903253674982807,899.7654245003658,-48.02499003433604,-0.7547109549807265,-1.4602838297620568,-0.0,-0.0
21,5,rajasthan,33.91194733037822,17.779088906112566,8.057546438617424,0.9150676354339233,11.504933422741642,34.248387332737536,53.94976008302628,43.37968009875933,0.0,0,2.78358487869081,0.8200247469481442,3.1378065268781232,-0.6777017697864994,-0.0,0,-0.0,0.08187080031228465,1.0891713283273547,1.0891713283273547,19.70137275028874,914.4977338729246,-33.29268066177724,-0.9042378376877487,-1.012322192780594,-0.0,-0.0
21,6,rajasthan,33.70969929473766,21.636743877392856,2.313657676509339,1.1274812170729982,15.73985943191506,31.92659614755718,49.54298054997594,37.043894648795096,0.02087246743017449,1,1.5757106585881033,0.9687070472108196,3.4503510783792044,-0.5290194695238241,-0.011041941647564203,1,-0.5290194695238241,0.19545543467729684,5.116255793301588,5.116255793301588,17.616384402418756,879.0492994949601,-68.74111503974177,-0.7058553519310464,-2.090193848256486,-0.014732942843595118,-0.043627503020484584
21,7,rajasthan,27.24932920068474,20.168410322370605,4.593724440578055,0.8106727945870038,13.605984957550513,22.52298700389536,41.73679121028766,29.41939617071212,0.0,0,2.229480195091406,0.7409806307673872,3.305004674242752,-0.7567458859672564,-0.0,0,-0.0,0.11117812051502846,1.1250848151706736,1.1250848151706736,19.213804206392304,874.7734037553432,-73.01701077935866,-1.0097041119159302,-2.22020993783499,-0.0,-0.0
21,8,rajasthan,28.663303337218544,21.862371906634735,22.567009642008763,0.9846903616279844,11.882874999426647,26.59217089225444,46.267832525537194,28.70949977397107,0.0,0,3.8101268077429062,0.8705064989950344,3.1700112890815184,-0.6272200177396092,-0.0,0,-0.0,0.06393985970239598,1.0683074270015038,1.0683074270015038,19.675661633282754,882.2922044398555,-65.4982100948464,-0.8368814984414314,-1.991587650751804,-0.0,-0.0
21,9,rajasthan,38.254091909224485,16.228580697169814,11.257729138340698,1.815491272954247,32.544550604112054,37.72765408124575,59.58502672968593,44.317754714927304,0.5374015281180622,1,3.116168893799523,1.3579393207247767,4.175993074343578,-0.1397871960098669,-0.07512185274704156,1,-0.1397871960098669,0.1672091007227404,5.9805357225032925,5.9805357225032925,21.857372648440176,925.5224034919482,-22.268011042753642,-0.18651400585277558,-0.6770978280983964,-0.10023291176070279,-0.3638734075054992
21,10,rajasthan,33.1273190175993,14.00510278830157,2.6527011027101643,3.2673298136066133,16.49040595491705,44.85579789247628,62.661781542224226,51.721850838787134,0.0,0,1.70249650970987,1.8997562140203124,3.496844012326344,0.40202969728566873,0.0,0,0.0,0.12319969065462086,1.14051054651954,1.14051054651954,17.805983649747944,904.4543262690796,-43.336088265622266,0.5364165778619384,-1.3177095694175986,0.0,-0.0
21,11,rajasthan,42.71297292726352,18.51003223799821,2.298188161947578,1.448435533780194,34.01415784456026,36.84181607023167,52.704014915415996,46.80291994642161,0.7879506163108041,1,1.5695558769382,1.1658158070037266,4.220140038672765,-0.3319107097309171,-0.2615292482926325,1,-0.3319107097309171,0.3403477668595972,2.9381711806927395,2.9381711806927395,15.862198845184324,913.205780679854,-34.58463385484788,-0.44285884418900234,-1.0516062895664893,-0.34895089921741473,-0.8286138239802331
21,12,rajasthan,27.023065917576854,20.20530863006472,11.869700247757965,2.387289297523994,15.696606311156907,32.943013768808996,49.14810259343992,39.80053937389972,0.03982105785500696,1,3.1689058682109903,1.604538119695069,3.447604848681785,0.10681160296042536,0.004253351021073131,1,0.10681160296042536,0.08649589325021771,11.561242533297763,11.561242533297763,16.205088824630927,931.2376421466782,-16.55277238802364,0.14251562738477802,-0.5033159994136576,0.00567512304333186,-0.020042575532001908
21,13,rajasthan,24.021746386970744,14.553998786707186,4.8464952382611015,0.5844817416483458,12.802271005494651,42.79289848226762,60.19074785404247,50.621105698537086,0.0,0,2.28188047616549,0.5554726351365318,3.2442916174531495,-0.9422538815981119,-0.0,0,-0.0,0.06516675669348336,1.0697094986299243,1.0697094986299243,17.397849371774853,851.0256547587168,-96.76475977598511,-1.2572220561229792,-2.942301786854177,-0.0,-0.0
21,14,rajasthan,32.67506639244424,15.273860996348706,2.824215468615262,1.1468377886826122,29.244995200797963,37.1674551963868,53.29644068939666,38.25919925348002,0.0,0,1.7613423588044492,0.9814895525101928,4.069147812712323,-0.5162369642244509,-0.0,0,-0.0,0.1983933141198294,1.247494585080702,1.247494585080702,16.128985493009864,912.9295571389916,-34.86085739571024,-0.6888000254328159,-1.0600053495107502,-0.0,-0.0
21,15,rajasthan,25.27934875350264,19.734755059888755,0.22360955049631437,1.2089657606777267,12.70443535791049,41.8214139426523,57.41309354130657,48.12365821437303,0.055470534206867456,1,0.2217868135971197,1.0217002442061738,3.2366436884551835,-0.47602627252846985,-0.026405431633658098,1,-0.47602627252846985,0.1859856711829354,5.376758293473052,5.376758293473052,15.591679598654274,918.1084298991237,-29.681984635578146,-0.6351480644492149,-0.9025326640899078,-0.03523200243545583,-0.050063969016214446
21,16,rajasthan,28.9020284816258,18.146541516867238,5.399843383350197,1.0654790427600982,17.515298378936944,28.575474034985465,51.91154747625995,44.544204738995916,0.015933353142065686,1,2.3879828036749013,0.9269247890613462,3.557035779537417,-0.5708017276732974,-0.009094785501119855,1,-0.5708017276732974,0.11798648139008644,8.475547267943384,8.475547267943384,23.336073441274483,896.1413537741978,-51.649060760504085,-0.7616042085035968,-1.570480039601008,-0.012134908808571234,-0.025023013073528163
21,17,rajasthan,18.32928982415264,15.699592118849907,5.8689178398881845,0.6113390838288251,8.143827226728687,40.88768614297656,58.96036754893582,50.45947858633214,0.0,0,2.469997790137985,0.5785237320212675,2.794155781219972,-0.9192027847133761,-0.0,0,-0.0,0.05,1.0526315789473684,1.0526315789473684,18.07268140595926,901.2918813800148,-46.49853315468704,-1.2264656453643785,-1.4138692381799078,-0.0,-0.0
21,18,rajasthan,18.762816579917256,17.788165729154542,8.430519805034821,1.027853785168035,5.826287040627082,30.850089612336497,52.550669072689196,45.655823748925,0.0,0,2.828504674072456,0.9009326812389628,2.4628117746910747,-0.5967938354956809,-0.0,0,-0.0,0.05,1.0526315789473684,1.0526315789473684,21.7005794603527,908.7362750862028,-39.054139448499086,-0.7962847249520977,-1.187509425429163,-0.0,-0.0
21,19,rajasthan,25.590149672262243,19.24425369517254,23.394222580344294,1.7085083716910212,16.085678158002167,31.23436149337343,53.93137866848355,47.20175010811254,0.0,0,3.8460927579921735,1.3051263387058927,3.4720412911328937,-0.19260017802875096,-0.0,0,-0.0,0.06250491042120464,1.0666722536640563,1.0666722536640563,22.697017175110123,917.941831811005,-29.848582723696836,-0.2569808377125218,-0.9075983703810505,-0.0,-0.0
21,20,rajasthan,25.83690701563214,17.11814744326884,9.023003801326698,2.8561737240324243,15.959671790339508,36.328635424243835,56.52014361397172,46.19735384050759,0.0,0,2.895981129185644,1.771955934332132,3.4641922700256247,0.2742294175974884,0.0,0,0.0,0.077475956866572,1.0839825882514873,1.0839825882514873,20.191508189727884,952.8104278681308,5.020013333428892,0.36589636718352186,0.15264228666689988,0.0,0.0
21,21,rajasthan,27.983481125711723,8.31564451055809,36.7933628237418,1.2297453430521958,14.346722615608412,35.75212266729159,57.08108877691313,49.555902476461576,0.0,0,4.29864927227891,1.0348772409157792,3.3578811043012133,-0.4628492758188645,-0.0,0,-0.0,0.05,1.0526315789473684,1.0526315789473684,21.32896610962154,954.1094670577503,6.319052523048413,-0.6175663794911458,0.1921418455730513,-0.0,0.0
21,22,rajasthan,28.09343817166266,14.627439883033844,20.27846839016568,1.7048651288202887,12.937359771996848,32.84490932858909,63.41961417065988,56.98882506609523,0.0,0,3.7033142321854458,1.3032845258368235,3.2547567267278184,-0.1944419908978201,-0.0,0,-0.0,0.05,1.0526315789473684,1.0526315789473684,30.574704842070787,950.8695557221789,3.0791411874770347,-0.2594383152644503,0.09362667399643981,-0.0,0.0
21,23,rajasthan,24.510004585220496,4.607975082013701,65.84022164567108,1.6384212600641854,6.051576298183407,39.64095305311111,56.906995407057806,49.44955176569037,0.0,0,4.880435769358049,1.2691723568806406,2.5002236792283883,-0.22855415985400307,-0.0,0,-0.0,0.05,1.0526315789473684,1.0526315789473684,17.266042353946695,974.459680089511,26.669265554809158,-0.3049531940370046,0.8109256704368714,-0.0,0.0
21,24,rajasthan,20.512201453790237,5.002855659397715,73.47265489788855,1.0930465724339946,6.399013499480789,41.333856076750244,56.92139655602922,50.071531663629955,0.0,0,4.9901067835989075,0.9456614431589068,2.555341248843609,-0.5520650735757369,-0.0,0,-0.0,0.05,1.0526315789473684,1.0526315789473684,15.587540479278978,975.9028334832316,28.112418948529694,-0.7366044337619447,0.8548072738106486,-0.0,0.0
21,25,rajasthan,26.04498810772634,18.793817056324716,20.253346973961634,1.227921606581176,14.13726488092147,36.53983993022833,59.540183766008525,45.13116955007607,0.0,0,3.702076148385237,1.0337261158824544,3.343209911982736,-0.4640004008521892,-0.0,0,-0.0,0.05779269216061663,1.0613375545697514,1.0613375545697514,23.000343835780193,915.4115246331746,-32.37888990152726,-0.619102292273799,-0.9845367862656738,-0.0,-0.0
21,26,rajasthan,38.258948751811,19.719616539459395,14.15537674401638,1.7945912752133,29.631826022057805,34.99173710054943,58.23105758686729,51.976419358306615,0.0,0,3.344487048405468,1.3478110117396918,4.082280769607724,-0.14991550499495188,-0.0,0,-0.0,0.17525468525718846,1.2124955208891848,1.2124955208891848,23.239320486317858,920.700633942785,-27.089780591916906,-0.20002791510373102,-0.8237121657265362,-0.0,-0.0
21,27,rajasthan,26.565068324954467,17.228108270783547,11.895240294637977,1.08743735075316,12.904466279542431,37.72941764384973,54.67962483388998,54.7617792173668,0.0,0,3.171047686356013,0.9418698927149664,3.252218559557449,-0.5558566240196773,-0.0,0,-0.0,0.06027395547261043,1.06413992229291,1.06413992229291,16.950207190040253,944.2904539918525,-3.499960542849408,-0.7416633896740604,-0.10642242261526959,-0.0,-0.0
22,1,sikkim,42.30596680125617,3.560212779593668,55.44126129590463,3.319502074688797,2.179068127924117,73.86086304763123,62.49823521106875,83.28962585311028,0.0,0,4.708552610222698,1.9149145060127148,1.5209645131749756,0.4171879892780712,0.0,0,0.0,0.05,1.0526315789473684,1.0526315789473684,-11.362627836562474,960.1087941976429,12.31837966294097,0.5566418477156201,0.3745618815912612,0.0,0.0
22,2,sikkim,53.952323313832295,6.994597987133795,21.088023670230648,4.534364020844556,15.491000381054851,73.86086304763123,62.49823521106875,83.28962585311028,0.0,0,3.7424141586204014,2.2167753151721175,3.434446583192042,0.7190487984374738,0.0,0,0.0,0.06357690436845553,1.0678933536187272,1.0678933536187272,-11.362627836562474,947.91070406411,0.12028952940806903,0.9594059801495116,0.003657613558247542,0.0,0.0
22,3,sikkim,44.063454831640996,5.6860384967542155,16.68261267656348,6.101345715724746,2.2170097630731562,73.86086304763124,62.49823521106875,83.2896258531103,0.0,0,3.5084112728586083,2.5083055391535893,1.5366767199820732,1.0105790224189457,0.0,0,0.0,0.05,1.0526315789473684,1.0526315789473684,-11.362627836562488,961.5672840167006,13.776869481998688,1.3483863120684894,0.4189098158046747,0.0,0.0
22,4,sikkim,36.82929065514817,5.019305019305019,19.65852018622467,8.513513513513514,1.5026334287548009,73.86086304763123,62.498235211068746,83.28962585311028,0.0,0,3.6723042971456046,2.838233428049428,1.1962230935665124,1.3405069113147845,0.0,0,0.0,0.05,1.0526315789473684,1.0526315789473684,-11.362627836562481,996.938667792674,49.1482532579721,1.7885995358616675,1.494438612946174,0.0,0.0
23,2,tamil nadu,56.911534423201445,25.959052122594255,1.239795922754716,2.620831054809015,38.92122921025408,53.84413217425982,45.05517357130414,45.121118124394826,0.8638323427050748,1,1.0412026756298207,1.6911950728636405,4.354852011063323,0.19346855612899683,0.16712439608067958,1,0.19346855612899683,0.6345474304683073,1.5759263247854967,1.5759263247854967,-8.788958602955681,969.6461736555726,21.855759120870744,0.2581394894538461,0.6645625872814067,0.22298923991960784,0.5740706566454433
23,3,tamil nadu,51.95200156487903,20.727972741498903,1.6473854360514295,3.0331119417551533,27.232529923024867,68.13730005331153,61.731683476341836,60.59354063772368,0.0,0,1.2738331621856818,1.828865690901848,3.997896326097082,0.3311391741672043,0.0,0,0.0,0.4058022653584044,1.6829414548393955,1.6829414548393955,-6.405616576969699,961.6274184632395,13.83700392853757,0.44182940663854314,0.4207383088419379,0.0,0.0
23,4,tamil nadu,38.76818129777752,14.308523825644043,1.9637737204212864,7.636164641702934,8.120149148622302,63.26801739633186,52.939479674142866,56.941082162400136,0.0199150634207144,1,1.427316210954131,2.7303026900568397,2.7912658273840423,1.232576173322196,0.024546832662573,1,1.232576173322196,0.08939150567472663,11.186745233252367,11.186745233252367,-10.32853772218899,904.9241482218354,-42.866266312866514,1.6445906790260019,-1.3034238111074785,0.03275212767391859,-0.025957767862274703
23,5,tamil nadu,44.9727044848578,21.446595806199134,3.054201411003026,2.8909848176639596,10.338062454345339,69.27005260611206,61.14128454062927,60.81038826651074,0.0,0,1.8354485100898634,1.7833972446815456,3.031310652958973,0.28567072794690196,0.0,0,0.0,0.1633184562631976,1.1951978712638762,1.1951978712638762,-8.128768065482788,964.2162019161118,16.42578738140992,0.38116217611586006,0.4994547981589011,0.0,0.0
23,6,tamil nadu,44.83958271026783,27.125492960546964,1.1890908412598882,4.918067072344032,13.713993817276982,69.77896170722134,61.039690089315734,60.40293254037101,0.07574381513117114,1,1.0089704824115742,2.2962420648043684,3.3128905626197427,0.7985155480697248,0.06048261405235903,1,0.7985155480697248,0.332091486660865,3.0112184147051306,3.0112184147051306,-8.739271617905608,970.4374595548975,22.647045020195606,1.0654361619478827,0.6886230192081324,0.08070019968464494,0.05215893466196969
23,7,tamil nadu,46.85007784144368,16.70162217154273,3.493651289837598,4.688253981336446,25.56302231146741,61.96126727641155,51.13573557284761,52.89225617378677,0.0,0,1.963974882798858,2.2493922339725785,3.9346764016585354,0.7516657172379348,0.0,0,0.0,0.2467839626377392,1.3276403453940904,1.3276403453940904,-10.82553170356394,848.5978456084611,-99.19256892624082,1.0029257899582675,-3.0161235709156005,0.0,-0.0
23,8,tamil nadu,48.136612099576645,17.158529011581876,0.8272338092707594,4.837064384660702,21.892001036089443,65.35720419285344,53.75104718591869,54.7375939494155,0.01040215022234386,1,0.7537933209870114,2.279972928637028,3.77978973132321,0.7822464119023844,0.008137044687498074,1,0.7822464119023844,0.3298833833643544,3.03137426869272,3.03137426869272,-11.606157006934758,929.2414838679111,-18.54893066679074,1.0437287248939142,-0.5640126836616953,0.010857022987721902,-0.005866944662756261
23,9,tamil nadu,63.283320238688624,30.215963075917962,3.5268243092926923,6.4069964555401455,43.81651164296959,64.10495551220244,55.4421481569825,56.34756591369471,0.0,0,1.9730636860120927,2.5565730682530674,4.473288095644906,1.0588465515184238,0.0,0,0.0,0.6757099819837185,3.0836595160008695,3.0836595160008695,-8.66280735521994,967.9345004954934,20.14408596079147,1.4127882777844598,0.6125161707029876,0.0,0.0
23,10,tamil nadu,59.14486311892632,16.397311119054013,0.745587557084849,3.911582026969466,46.65853754474295,63.228041658677945,51.26758559826122,51.94316629309314,0.4967015306495276,1,0.6896134874820968,2.07304192910595,4.536117920004344,0.5753154123713062,0.285760045931092,1,0.5753154123713062,0.5713904592060576,1.7501167264666826,1.7501167264666826,-11.960456060416725,965.8602525010191,18.06983796631721,0.7676266872299214,0.5494450320503501,0.38128135051452816,0.27291018842718767
23,11,tamil nadu,49.614818769987565,19.409475878600603,0.5402534550432555,0.8057147126265035,18.896942293819265,66.33619170253303,52.21969657096114,55.2204547868029,0.0,0,0.516922828432981,0.7371244795569046,3.6328466670176005,-0.760602037177739,-0.0,0,-0.0,0.36460830761498647,1.57383234937553,1.57383234937553,-14.116495131571888,934.0656434308081,-13.724771103893772,-1.0148492627592904,-0.41732567348524796,-0.0,-0.0
23,12,tamil nadu,53.361061700904585,19.14046741920846,0.6853073228751042,3.658198650248906,23.432076799361525,68.91583214034333,57.21334997614896,58.589899825838586,0.0,0,0.6405883196470197,2.008296501368311,3.8477080787597195,0.5105699846336673,0.0,0,0.0,0.4205778279568923,1.725857325193283,1.725857325193283,-11.702482164194365,954.8439612085317,7.053546673829828,0.681238738743237,0.21447542504228323,0.0,0.0
23,13,tamil nadu,57.26645977221013,24.17487355612113,0.2165307979309966,2.103984544095502,20.14780235142913,62.70363605899476,53.41198563815765,51.618584988369975,0.23070776723365588,1,0.21487350275077585,1.4891946023594993,3.696857694158818,-0.008531914375144334,-0.0019683789157182814,1,-0.008531914375144334,0.5441058483255022,1.8378776906690528,1.8378776906690528,-9.291650420837108,968.1566844429303,20.366269908228446,-0.011383886172155045,0.6192720622803298,-0.00262635096121998,0.1428708747988764
23,14,tamil nadu,49.70033485338485,16.820128576466225,0.05794380129420381,3.2095240294526697,12.550371171866287,72.52613439770695,65.22409965654576,61.00884218613224,0.0,0,0.05791142595324805,1.8827005194853716,3.2244808382057717,0.384974002750728,0.0,0,0.0,0.2869426015664499,1.402411646238869,1.402411646238869,-7.302034741161194,976.2969056097323,28.506491075030453,0.5136596587655103,0.8667897261480166,0.0,0.0
23,15,tamil nadu,54.8494235709847,16.023984640925995,0.11111214164479359,2.507891214181853,23.62913772155186,66.24712100803298,57.62879584314275,56.25198439613827,0.1821391890067634,1,0.11088477253189259,1.6501578889790138,3.8560752387596344,0.1524313722443702,0.027763726519777654,1,0.1524313722443702,0.43831002136540786,2.281490158232831,2.281490158232831,-8.61832516489023,957.8378076218959,10.047393087193996,0.20338476388728982,0.30550856222984135,0.03704433595076303,0.05564508175916561
23,16,tamil nadu,57.55230474962041,14.586781748521943,0.36935499025067536,0.14726163605511147,39.15258591991054,63.21189496309951,51.008450570258276,53.22967959341527,0.439958049515578,1,0.361434127740228,0.14673451168980503,4.360776699438722,-1.3509920050448385,-0.5943798074506671,1,-1.3509920050448385,0.524377908695608,1.9070216029647469,1.9070216029647469,-12.203444392841234,918.0939595076883,-29.6964550270136,-1.802589492661403,-0.9029726616538514,-0.7930637572685861,-0.3972700909871184
23,17,tamil nadu,54.1921373104917,18.459691368319085,0.19028304123161305,6.241932304485084,32.625362850846344,66.76111250009396,60.49090808507647,58.78187956226726,0.0,0,0.18915307398347664,2.530792641659896,4.1784719562543735,1.0330661249252522,0.0,0,0.0,0.5345928424549129,2.1486562546110464,2.1486562546110464,-6.2702044150174885,946.0026917900403,-1.7877227446615507,1.3783902014674667,-0.05435883722746507,0.0,-0.0
23,18,tamil nadu,52.46136498723821,18.06046991363938,0.13723296388238174,0.0,18.65153316317611,65.13894776837328,57.46167444150016,56.87614042306664,0.0,0,0.13680582518413625,0.0,3.619793396235758,-1.4977265167346436,-0.0,0,-0.0,0.39915665805199585,1.664327338234095,1.664327338234095,-7.677273326873127,960.4924001618217,12.701985627119825,-1.9983731005548233,0.38622609195528546,-0.0,0.0
23,19,tamil nadu,63.251208857629535,17.176149788449916,0.21800648387274024,37.885718968600344,35.879512610583,63.016492505585745,54.194378698463396,51.2589491131167,0.0,0,0.21631554477386308,4.327895544185835,4.273507776215768,2.8301690274511913,0.0,0,0.0,0.6046481076061386,2.5293922180187014,2.5293922180187014,-8.82211380712235,963.5758584177886,15.785443883086714,3.776212540332494,0.4799840339707962,0.0,0.0
23,20,tamil nadu,56.748854439466754,17.893047974444325,0.35873711744033976,84.16626628483768,27.726601946093904,65.39506436674914,59.00286773039258,56.68854460499065,0.0,0,0.351456861015694,5.1259766727096086,4.015864530590101,3.628250155974965,0.0,0,0.0,0.49466167684625983,1.9788722805726489,1.9788722805726489,-6.392196636356559,954.6148089273593,6.824394392657382,4.841069068865808,0.20750764908834832,0.0,0.0
23,21,tamil nadu,71.7829673402489,4.802827383277022,0.32636631134833716,7.158766785245009,14.892126654873405,58.86714847254774,56.86622576640724,55.16989824438271,0.09291597876606057,1,0.3208337794405763,2.66632784085273,3.39510520650453,1.1686013241180864,0.10858173581774638,1,1.1686013241180864,0.28857645017677985,3.4652862331191865,3.4652862331191865,-2.0009227061405,970.0977403685421,22.307325833840196,1.5592308911521289,0.6782932630928257,0.1448774643736769,0.06302428243069493
24,1,tripura,54.20103086807625,18.564668074855025,25.183926248646493,1.4468055429029718,21.101648476922946,78.71136507955102,81.17468723035537,66.68371556277125,0.0,0,3.9197470701091053,1.1648893774425642,3.7430593176454,-0.3328371392920795,-0.0,0,-0.0,0.1477765312750869,1.1734011520431238,1.1734011520431238,2.463322150804359,964.4235148536122,16.63310031891035,-0.44409495231281526,0.5057585106659919,-0.0,0.0
24,2,tripura,49.097271019459946,13.455465848307114,28.390432076635165,2.0710853483249236,7.546929000616638,75.25937272821685,79.15259232391013,62.10186597247181,0.0,0,4.039509393344031,1.4749812275115524,2.7186486279774478,-0.02274528922309127,-0.0,0,-0.0,0.05,1.0526315789473684,1.0526315789473684,3.8932195956932816,967.992621823075,20.202207288373074,-0.03034838045524051,0.6142834513369041,-0.0,0.0
24,3,tripura,42.07808212382541,15.285099227951449,43.01814327153289,1.7509068026595904,5.144422947883459,78.54989398936104,81.0808922231686,66.47198709291465,0.0,0,4.454904210637397,1.3263475791585153,2.3403756832506315,-0.17137893757612832,-0.0,0,-0.0,0.05,1.0526315789473684,1.0526315789473684,2.5309982338075656,970.5329421482895,22.74252761358764,-0.22866595137840978,0.6915263344832516,-0.0,0.0
25,1,uttar pradesh,38.379451751915866,22.775114826727407,0.9594967231101044,0.35526722273710226,6.074865774751887,22.13154955052831,38.49100744909882,34.4301021621441,0.0,0,0.8524415140165087,0.34818897110908564,2.5040135901218563,-1.149537545625558,-0.0,0,-0.0,0.15235082731617586,1.179733352223778,1.179733352223778,16.359457898570508,956.9822175732218,9.191803038519879,-1.5337946438074117,0.27949285015804565,-0.0,0.0
25,2,uttar pradesh,49.63575675159307,17.540093729981233,2.1097112801897078,0.7337526205450734,7.827914451724564,41.432888778192144,49.24968008976546,41.88852066481586,0.0,0,1.491650190114961,0.6800985666669496,2.7548984418129825,-0.8176279500676941,-0.0,0,-0.0,0.14485847070221808,1.1693970714077841,1.1693970714077841,7.8167913115733185,968.1829887856156,20.392574250913754,-1.0909372862272353,0.6200718918325778,-0.0,0.0
25,3,uttar pradesh,39.201900188398575,14.200391965567704,0.10600651896999584,1.2738685017539286,4.8747485577080525,23.43824973015495,39.25435208887563,34.9703613174186,0.0,0,0.10580897699076273,1.0624172024197496,2.2875739426999835,-0.43530931431489406,-0.0,0,-0.0,0.1056982685441426,1.1181908351805083,1.1181908351805083,15.816102358720677,969.6248725425305,21.83445800782863,-0.5808206067182647,0.6639148896783652,-0.0,0.0
25,4,uttar pradesh,58.252693231497474,13.403989112976758,8.198618935657926,2.3360566525606625,43.00920286978968,31.66742258947286,46.54488507175139,40.866642013794504,0.0,0,2.8008115961640456,1.5845612460301126,4.454696416556553,0.08683472929546898,0.0,0,0.0,0.3168691361915937,1.4638483678296579,1.4638483678296579,14.877462482278528,943.8015561925935,-3.988858342108415,0.1158610636048247,-0.12128821540676735,0.0,-0.0
25,5,uttar pradesh,54.435889734592365,13.517402037990726,0.22006197484378093,1.0654900046164115,10.19742577303728,42.922068603359186,51.84769758508397,45.163634572627274,0.0,0,0.21832343443452396,0.9269322907493958,3.017678005322525,-0.5707942259852479,-0.0,0,-0.0,0.2411667573164345,1.317812588789025,1.317812588789025,8.925628981724785,983.7443653514803,35.95395081677839,-0.7615941992185641,1.093242767073229,-0.0,0.0
25,6,uttar pradesh,48.217414031816,20.45258681585714,3.2340496171343,1.0978632983118877,6.3178138509790625,38.759663234660245,40.76136952905533,33.50552852474845,0.0,0,1.8899708082960966,0.9489088641119455,2.5427257261120775,-0.5488176526226981,-0.0,0,-0.0,0.12206664844976725,1.139038627743467,1.139038627743467,2.0017062943950847,964.3616213754365,16.57120684073459,-0.7322714940655312,0.5038765311948212,-0.0,0.0
25,7,uttar pradesh,47.770843767219645,22.02166582797146,0.3273899526306542,1.180064418546738,5.5683783619027585,40.49604375645312,41.82676992424501,35.36927828879231,0.0,0,0.32180675858206204,1.0031478551650868,2.4182179913502035,-0.4945786615695569,-0.0,0,-0.0,0.20161741543479525,1.2525323314067467,1.2525323314067467,1.3307261677918945,961.068316706655,13.277902171953087,-0.6599019796643684,0.40373784192360745,-0.0,0.0
25,8,uttar pradesh,45.725482964911755,15.797825440502178,5.844794159620926,0.9606253025764868,26.588489352501732,56.58600870995003,51.64194669583512,53.812949805868534,0.0,0,2.4659376615216186,0.8532556321286394,3.9739790170624794,-0.6444708846060042,-0.0,0,-0.0,0.20400059728937106,1.2562823497036364,1.2562823497036364,-4.9440620141149125,943.6550839952946,-4.135330539407278,-0.8598988303253697,-0.12574195878229585,-0.0,-0.0
25,9,uttar pradesh,31.839654254333126,20.67006149061263,0.07638964995614216,1.6267253450690138,19.79176385127689,46.62991063425536,58.88145162750096,56.17580128165854,0.0,0,0.07631555061564628,1.2630632109536997,3.6790506753701373,-0.23466330578094396,-0.0,0,-0.0,0.31581639396143746,1.4615959680618789,1.4615959680618789,12.251540993245598,931.7595416625377,-16.030872872164196,-0.31310445045889096,-0.48744673170063346,-0.0,-0.0
25,10,uttar pradesh,24.242279340641577,16.136931125439126,0.009976156742656178,2.6295256255658987,22.02975710364256,46.53469415576391,62.060691465719074,52.305358640469755,0.0,0,0.009975991272722707,1.6942901178029504,3.7860560524607316,0.19656360106830673,0.0,0,0.0,0.23460750033051447,1.3065192047633385,1.3065192047633385,15.525997309955166,913.1639115477448,-34.62650298695712,0.2622691182496359,-1.0528793937678973,0.0,-0.0
25,11,uttar pradesh,19.810923208939773,12.991057430693923,0.003395153983547483,2.6670875088771404,21.221576403280384,48.75049634459266,51.23184477557506,60.34204885370416,0.0,0,0.003395147460884722,1.707559193386822,3.748720255138333,0.2098326766521783,0.0,0,0.0,0.17371614704192412,1.2102378576321255,1.2102378576321255,2.4813484309824005,933.6550273008858,-14.135387233816118,0.27997366138201585,-0.429811175186266,0.0,-0.0
25,12,uttar pradesh,33.40988787927739,22.50080011987723,0.010350671212877794,1.4145031333930171,20.727847073380197,56.65309358754407,64.39033392235055,56.40512939919841,0.0,0,0.010350486399521928,1.1463830072769423,3.7252066163668562,-0.3513435094577013,-0.0,0,-0.0,0.36271743592492134,1.5691626546402568,1.5691626546402568,7.737240334806479,902.6086193346604,-45.181795200041506,-0.46878746587565107,-1.3738315173635558,-0.0,-0.0
25,13,uttar pradesh,38.904994984384004,21.579421034284046,0.18017088666130718,2.5352635869284823,25.908057711598527,44.93459391474388,57.31438217537862,49.84346215074261,0.0,0,0.17921008562993945,1.6602486769860882,3.9480734535167796,0.16252216025144461,0.0,0,0.0,0.4276649834054796,1.7472284081972664,1.7472284081972664,12.37978826063474,908.1779800893028,-39.61243444539912,0.21684860998430824,-1.2044853614080624,0.0,-0.0
25,14,uttar pradesh,35.040982669391454,14.03947099480993,0.0018293478761798854,0.6656860056346456,19.707353591484807,48.41668853713256,57.391339862330916,53.75727621855292,0.0190858354256162,1,0.0018293468558584817,0.6243289733002825,3.67478210459661,-0.8733975434343612,-0.016669521775125696,1,-0.8733975434343612,0.25454386439732773,3.9285959705516995,3.9285959705516995,8.974651325198359,902.3448157973459,-45.44559873735602,-1.1653490389521648,-1.3818529253742393,-0.022241659970841023,-0.026373817516099036
25,15,uttar pradesh,41.01595400346645,16.638272670532196,0.0022912417718317637,1.6379857088495202,29.8986169020555,44.013715552351684,55.96684393606262,58.08206244065569,0.024870842442455944,1,0.0022912397670805796,1.2689454244968716,4.091238949987374,-0.228781092237772,-0.005689978498858608,1,-0.228781092237772,0.415315173753598,2.4078099313397328,2.4078099313397328,11.953128383710933,899.6123817901913,-48.178032744510574,-0.3052559833421959,-1.4649373610750471,-0.0075919734663207105,-0.03643422629536469
25,16,uttar pradesh,44.08755690322209,17.88616803744767,0.005510491569132815,1.4311663353685298,37.28786918906645,43.6386039109953,46.89338596034147,42.28177883840752,0.360598710741686,1,0.005510463681359342,1.1559645690808567,4.311994989312233,-0.341761947653787,-0.12323891770452315,1,-0.341761947653787,0.507249718802287,1.971415582765014,1.971415582765014,3.2547820493461685,885.4088463734021,-62.38156816129981,-0.4560030655486864,-1.8968207009728968,-0.16443411753111284,-0.6839910992789676
25,17,uttar pradesh,35.50238801288064,21.196381996442632,0.004386181912859549,1.5307077651217302,16.645595448757287,35.82571355827784,50.32127922605925,32.403645544156674,0.0,0,0.004386167848987427,1.2116769965588476,3.506193885671335,-0.286049520175796,-0.0,0,-0.0,0.3271620480386486,1.4862419652235093,1.4862419652235093,14.495565667781406,900.7950896094479,-46.99532492525395,-0.3816675876128611,-1.4289750609775607,-0.0,-0.0
25,18,uttar pradesh,35.79816273268482,23.00704312098792,0.003853176382638012,3.328777821163608,20.228902949105912,40.01906713484467,40.586389063085235,33.29948932335196,0.0,0,0.003853166848037154,1.9175866340236334,3.7008699777319887,0.41986011728898975,0.0,0,0.0,0.39309939564922514,1.6477162698984933,1.6477162698984933,0.5673219282405668,890.1373145839932,-57.65309995070868,0.5602071907062087,-1.7530433537515147,0.0,-0.0
25,19,uttar pradesh,35.566744995044495,20.23217856798879,0.008802880716823756,0.9536178975943088,18.989211810773277,35.99249175387843,45.59576668492473,40.077772858698665,0.12347082741096124,1,0.008802767030543506,0.8481933027265097,3.637710787001123,-0.6495332140081339,-0.08019840336448525,1,-0.6495332140081339,0.3391608168826497,2.9484538019201727,2.9484538019201727,9.6032749310463,890.1435219475384,-57.64689258716351,-0.8666533497855845,-1.7528546080046858,-0.10700640617650733,-0.2164264087814547
25,20,uttar pradesh,38.50472242850927,23.20349426631058,0.009669137385719702,1.3051364863071273,32.74740541784305,37.138752615860575,44.52628345372016,45.479251933482104,0.4868489131291228,1,0.009668986727208338,1.0815789474335205,4.18220395772888,-0.4161475693011232,-0.20260099181557814,1,-0.4161475693011232,0.5230943947666506,1.9117008517097458,1.9117008517097458,7.387530837859586,889.3233650305937,-58.46704950410822,-0.5552536454824475,-1.7777929137248034,-0.2703246338141128,-0.865516547815577
25,21,uttar pradesh,36.65135083304306,19.279425251817614,0.007827512925180719,1.1046674609292872,21.2907046979428,42.99101977383671,52.812503031563196,43.32470136865461,0.0,0,0.007827432995485675,0.9534829601228498,3.7519688214785454,-0.5442435566117938,-0.0,0,-0.0,0.35215003027418884,1.5435672558929485,1.5435672558929485,9.821483257726484,884.948857633581,-62.84155690112084,-0.7261684102745898,-1.9108074632429781,-0.0,-0.0
25,23,uttar pradesh,39.97012331915191,19.29347041874439,0.0008353927029206848,3.444811253050093,10.665610527770731,47.70226996937283,57.525648604880445,38.27753023708825,0.0,0,0.0008353926057532706,1.9504474027225427,3.062362267919492,0.45272088598789906,0.0,0,0.0,0.2460585425321097,1.3263629292365702,1.3263629292365702,9.823378635507616,893.7130287027701,-54.07738583193179,0.6040523623698743,-1.6443175111481418,0.0,-0.0
25,24,uttar pradesh,19.461859658844325,17.335786855756254,0.0011033495239659776,1.3957715695397201,14.029048332430222,45.96144928530043,52.26091109120093,45.556841045500974,0.0,0,0.0011033493001001281,1.1355218609250246,3.3355450616085314,-0.362204655809619,-0.0,0,-0.0,0.1612706684445402,1.192279752689055,1.192279752689055,6.299461805900499,892.7361630681316,-55.054251466570236,-0.4832791787940963,-1.6740208195526385,-0.0,-0.0
25,25,uttar pradesh,25.95328608883884,12.662526423332121,0.015063768778557661,1.1977416626665751,26.567831409968758,40.70472623322124,50.504104055387664,58.37551348567091,0.0,0,0.015063199132194643,1.0145265785936326,3.973202314056575,-0.48319993814101103,-0.0,0,-0.0,0.23617218173802837,1.3091955753528577,1.3091955753528577,9.799377822166427,935.4045735974224,-12.385840937279454,-0.6447196786473345,-0.37661315964423314,-0.0,-0.0
25,26,uttar pradesh,25.197197730813503,16.012042680907147,0.1031873512882442,1.3088666949731396,14.779873478590572,59.75092962865962,50.01726938696211,53.38811285904339,0.0,0,0.10300510637891118,1.0838456189152232,3.3875560306667354,-0.4138808978194204,-0.0,0,-0.0,0.170760080449723,1.2059236132075402,1.2059236132075402,-9.733660241697507,963.4429262738399,15.652511739138049,-0.552229291392286,0.4759419996023341,-0.0,0.0
25,27,uttar pradesh,25.782947023616344,18.016096447862655,0.01972431247940143,2.2242710614267605,16.841543829988503,47.60270434669213,43.13141542951401,45.109980582737904,0.0,0,0.019723033750885025,1.5396582667945458,3.5178761049173226,0.04193175005990213,0.0,0,0.0,0.22163187412522026,1.2847391443170109,1.2847391443170109,-4.471288917178121,941.0269445856635,-6.763469949038381,0.055948319297696426,-0.20565513480796074,0.0,-0.0
25,28,uttar pradesh,24.060851150632676,26.938494829881332,1.2136582821789155,3.528485911858809,8.863415075254299,30.281983475470398,44.30454932021185,44.767723721430585,0.0,0,1.0246876722888776,1.9735168519371367,2.878246511720313,0.47579033520249303,0.0,0,0.0,0.15958248511724296,1.1898847683338747,1.1898847683338747,14.02256584474145,969.7828260268436,21.99241149214174,0.6348332601105184,0.6687177416692163,0.0,0.0
25,29,uttar pradesh,25.531421065790017,32.145386564373915,0.010410875073230618,3.7031292010506505,10.41154674259018,33.067324072311344,47.709384129968456,44.61673406668405,0.0,0,0.010410687016330232,2.0200767713726773,3.038360963437423,0.5223502546380336,0.0,0,0.0,0.3222302551712678,1.4754273226709067,1.4754273226709067,14.642060057657112,955.1079267049702,7.317512170268287,0.6969568117231584,0.22250175770343741,0.0,0.0
25,30,uttar pradesh,29.259155715046003,31.54547261421392,0.0012376769240961863,2.2207957337020257,9.505031156696452,28.367727557688973,46.9715297165134,40.928227840194275,0.0,0,0.0012376766081083745,1.5382322809289155,2.9477241702358095,0.040505764194271876,0.0,0,0.0,0.3254440705096281,1.4824567634525154,1.4824567634525154,18.60380215882443,923.1241246877753,-24.66628984692659,0.05404566766950751,-0.7500216903311822,0.0,-0.0
25,31,uttar pradesh,31.359159278984656,30.53880731522539,0.10793506808089633,3.9045892209578588,11.076092177911532,35.08798498319339,46.42104250046671,44.00729452308722,0.0628808654346094,1,0.10772658566457459,2.0713084604667555,3.099967732107078,0.5735819437321119,0.03606732901954063,1,0.5735819437321119,0.3426676143363463,2.9182798670271985,2.9182798670271985,11.333057517273325,939.7220659547067,-8.068348579995131,0.7653137702450677,-0.24533225214262003,0.04812359220203368,-0.015426704333749753
25,32,uttar pradesh,47.76087745733406,21.876711351993862,0.04068334997707037,2.3037634771344138,53.066724675429036,43.091091166470555,43.53822409283173,44.74004451300965,0.7110284660100386,1,0.04067213558848532,1.5717781084205529,4.664786022585218,0.07405159168590925,0.05265278964203378,1,0.07405159168590925,0.6678653845629089,1.497307725649623,1.497307725649623,0.44713292636117785,947.6323769535805,-0.15803758112133437,0.09880489343343098,-0.0048054091014114765,0.07025309181225776,-0.00341678266192728
25,33,uttar pradesh,30.338641559146033,29.859265286441854,0.06371593027410766,2.4124833179345035,7.2853569598891,28.999892198432313,49.88183510715231,53.81719650108796,0.0,0,0.06367289737322303,1.6142285776915222,2.6836908726035706,0.11650206095687854,0.0,0,0.0,0.25701131265290245,1.3459155126178066,1.3459155126178066,20.88194290872,952.3675382212092,4.577123686507321,0.15544532474660913,0.1391754522270343,0.0,0.0
25,34,uttar pradesh,37.64439701384388,17.591933073560426,0.031588451360768044,2.946510961911732,15.00344638630581,49.9729494107853,48.556464984445135,45.74055931525826,0.0,0,0.03158320039946307,1.8013946415185498,3.402535869471901,0.30366812478390615,0.0,0,0.0,0.2649720572578997,1.3604924953864925,1.3604924953864925,-1.416484426340162,923.0805465815102,-24.709867953191633,0.40517558131181797,-0.7513467588812225,0.0,-0.0
25,35,uttar pradesh,43.1239895418315,25.032534693867948,0.003529984868131532,2.4643409520536173,12.85978194106808,42.25520662156309,51.46047752885937,48.0242472657159,0.0,0,0.0035299775371040844,1.6339056675299144,3.2487602513718548,0.13617915079527076,0.0,0,0.0,0.38307335946166493,1.6209382676802415,1.6209382676802415,9.205270907296281,891.0570576001446,-56.733356934557264,0.181699895651833,-1.7250769584839207,0.0,-0.0
25,36,uttar pradesh,40.88897995308946,25.169833174750643,0.03166975879525805,2.346794058371277,4.614990227750941,39.687475801098984,51.50537784939881,43.306849205394926,0.36034944722684,1,0.031664467194429634,1.588778562709002,2.233993603379087,0.09105204597435845,0.032810554435732886,1,0.09105204597435845,0.1919832628596299,5.208787396905312,5.208787396905312,11.817902048299828,928.6443308337955,-19.146083700906388,0.12148810706933398,-0.5821701662346012,0.04377817222706965,-0.20978469759459606
25,38,uttar pradesh,40.8628340537832,27.347735769987462,0.0,2.383396742959518,17.931123844389386,33.754499163013016,45.532623668329116,49.07427887158657,0.0,0,0.0,1.6030331553358397,3.5804617844927678,0.10530663860119605,0.0,0,0.0,0.47856960547445054,1.917801513872052,1.917801513872052,11.7781245053161,910.078031793119,-37.71238274158293,0.14050759704067053,-1.1467109656859418,0.0,-0.0
25,39,uttar pradesh,41.73189023136354,28.802446390776232,0.013079685360125007,4.201921481682579,32.31710473120897,41.91490343784794,50.83650400873964,48.61622217854731,0.0,0,0.013079312447395701,2.142556866520832,4.168983115935364,0.6448303497861883,0.0,0,0.0,0.6290623831622526,2.6958710969381467,2.6958710969381467,8.921600570891698,921.3417632595715,-26.448651275130374,0.8603784543012022,-0.80421750735346,0.0,-0.0
25,40,uttar pradesh,25.226350089024162,25.12183478870224,0.04640692088085389,2.6716212320210144,11.303608969167986,45.66640114168272,52.402552298443425,48.64063964421288,0.0,0,0.046390279994213836,1.7091496846430703,3.120220132117211,0.21142316790842663,0.0,0,0.0,0.23590022543110298,1.3087296100358061,1.3087296100358061,6.736151156760705,928.4177820267686,-19.372632507933304,0.282095807787011,-0.5890587790030111,0.0,-0.0
25,41,uttar pradesh,31.794330820986964,24.88845823124724,0.004295969085388182,4.091397663049132,14.044886739843612,46.797028908541485,61.85241474698904,55.84507857644165,0.0,0,0.004295955871562137,2.116644641515829,3.336670544716138,0.6189181247811852,0.0,0,0.0,0.31478038305156647,1.4593861227345093,1.4593861227345093,15.055385838447556,906.429482040296,-41.360932494405915,0.8258045231816422,-1.2576515031503015,0.0,-0.0
25,42,uttar pradesh,28.368666356270932,23.24659974362816,0.0023091724087192203,5.920853891853791,10.464149024320955,28.879858440500012,46.40772460252191,43.95592134088348,0.0,0,0.002309170356532909,2.478684103112115,3.0433775752251444,0.9809575863774715,0.0,0,0.0,0.23050659374687346,1.2995562949256094,1.2995562949256094,17.527866162021898,928.0394895402131,-19.75092499448874,1.30886328812274,-0.6005614237852887,0.0,-0.0
25,43,uttar pradesh,35.851795533057675,24.717926792860936,0.016322309806917606,5.011007281740229,8.064590012536586,28.38220148859652,49.31685462328484,43.27072822355727,0.0,0,0.016321585134822444,2.314594765223249,2.784452008759057,0.8168682484886052,0.0,0,0.0,0.24841064609484048,1.3305137902820623,1.3305137902820623,20.93465313468832,929.6417640654848,-18.148650469217046,1.0899236384196167,-0.5518414640638794,0.0,-0.0
25,44,uttar pradesh,32.16596553127968,21.491020943592527,0.004071108698602253,1.3291285539741768,4.46048762835301,42.93615387669682,44.06491854571984,46.799407951153135,0.0,0,0.004071097452977049,1.0960868726452273,2.200740215476895,-0.4016396440894163,-0.0,0,-0.0,0.12189981260401579,1.1388222145419546,1.1388222145419546,1.1287646690230204,943.5189298051172,-4.271484729584699,-0.5358961411824333,-0.12988196510251135,-0.0,-0.0
25,45,uttar pradesh,33.814065473990375,24.461906812267376,0.0447847962525448,3.474981886842163,17.562142460761994,38.369786830820814,43.59035697136239,43.919772065211816,0.37937630407202694,1,0.04476983910168958,1.9588246606524382,3.559702345319699,0.4610981439177946,0.17492970965400448,1,0.4610981439177946,0.36805030083031964,2.7170199229398944,2.7170199229398944,5.220570140541575,941.0440804368092,-6.7463340978927135,0.6152298949276949,-0.20513408927896976,0.23340364369229036,-0.07782301262983675
25,46,uttar pradesh,19.538228156878,16.458023029564277,0.34152879311162754,2.1199895687922807,6.30142532411919,42.28682720376862,49.910324781505864,55.27192083310888,0.0,0,0.33521543375167207,1.4960438331246524,2.540160356561023,-0.0016826836099912423,-0.0,0,-0.0,0.07397038579164236,1.0798790715293463,1.0798790715293463,7.623497577737247,939.1280097993879,-8.662404735313999,-0.002245155991684127,-0.26339556869849096,-0.0,-0.0
25,47,uttar pradesh,21.861869678078406,15.571405582026685,0.42615954045185167,2.160696019951959,5.989658767308271,36.555537194465224,55.62635712564668,48.63193560852036,0.0,0,0.4142129329299884,1.5132749119853925,2.4900783374023665,0.015548395250748914,0.0,0,0.0,0.07094911312958098,1.0763673057442296,1.0763673057442296,19.070819931181454,937.139904894318,-10.650509640383916,0.020745773329588463,-0.3238473760318929,0.0,-0.0
25,48,uttar pradesh,24.66270981075763,27.018087305046024,0.009863251588024775,2.8735632183908044,7.5470794870779025,44.77838497102384,50.76535435419911,53.62591666624047,0.017180329683054205,1,0.00986309167270489,1.7776867674336847,2.7186683951001496,0.27996025069904107,0.004809809405160032,1,0.27996025069904107,0.19642974609600375,5.090878646817863,5.090878646817863,5.986969383175271,949.1517500467472,1.3613355120453434,0.3735428517626161,0.04139378756142096,0.00641758934402999,0.0007111589171355205
25,50,uttar pradesh,31.05620726445911,22.37597754702942,0.007209525664148165,1.619537689739164,3.6483726259012395,16.273204242731023,49.05657208520714,51.77483372194699,0.0,0,0.007209463210376916,1.2592930328435246,2.0057022913393383,-0.23843348389111907,-0.0,0,-0.0,0.11288649736317415,1.1272514701079785,1.1272514701079785,32.78336784247611,931.8989144248288,-15.89150010987305,-0.3181348898852428,-0.4832088590652093,-0.0,-0.0
25,51,uttar pradesh,21.420763107586282,16.688360164765193,0.004157188569487992,4.096362040378425,2.747960196383246,51.20803309748504,55.48476636016464,54.67677357954726,0.0,0,0.004157176595342092,2.117822641149928,1.7355802692943632,0.6200961244152845,0.0,0,0.0,0.05,1.0526315789473684,1.0526315789473684,4.276733262679599,938.3751375554965,-9.415276979205373,0.8273762939655231,-0.28628796623663133,0.0,-0.0
25,52,uttar pradesh,22.83440846873438,19.403141773514086,0.16052465494059218,7.3069943371887085,3.9812619826793236,52.23215902170571,58.859624824582035,58.97802871953902,0.0,0,0.15984312424826652,2.6866289848706297,2.0901578633752758,1.188902468135986,0.0,0,0.0,0.07010148696492487,1.0753861695467415,1.0753861695467415,6.627465802876323,943.1352402417332,-4.655174292968695,1.5863181194695588,-0.1415487174466039,0.0,-0.0
25,53,uttar pradesh,28.254255397619595,21.172442653372876,0.0062807602056875935,3.585246669790481,5.181225493167482,46.32602699236419,52.18887595941693,53.74918758476299,0.0,0,0.006280718912569478,1.9888795968110913,2.3473740167227195,0.49115308007644765,0.0,0,0.0,0.11935340987379196,1.1355292931488976,1.1355292931488976,5.8628489670527415,933.7559647883684,-14.034449746333507,0.6553313255208384,-0.42674199431434323,0.0,-0.0
25,54,uttar pradesh,34.42861420181722,22.037232852424754,0.01601434049945173,3.2398965268648485,15.363460297808023,43.029715373473195,44.966935746197365,48.09464226055602,0.0,0,0.016013656074539646,1.8916966202516967,3.42619664479054,0.3939701035170531,0.0,0,0.0,0.3113731022923813,1.4521651758432852,1.4521651758432852,1.9372203727241697,939.6004025610788,-8.190011973623086,0.5256628953914462,-0.24903164044570672,0.0,-0.0
25,55,uttar pradesh,29.276891296083086,15.551740260863456,0.00630627221834837,4.765322127193632,5.918008551305128,42.69171300198886,52.58375259576579,54.38783437194091,0.0,0,0.0063062304200002545,2.265344030770069,2.478210140720639,0.7676175140354253,0.0,0,0.0,0.09958320373875425,1.1105967860131536,1.1105967860131536,9.892039593776929,945.3344632860437,-2.4559512486581525,1.024209810284703,-0.07467749379094724,0.0,-0.0
25,56,uttar pradesh,34.37309359225665,22.06176311504777,0.003596669484057763,2.0592367028659395,13.225576193368019,48.21283681065359,53.048481135412494,53.59821382045177,0.0,0,0.003596661729664686,1.4698173641614074,3.2767259299475904,-0.02790915257323623,-0.0,0,-0.0,0.2822899899298062,1.3933204023477357,1.3933204023477357,4.835644324758903,948.6269428430138,0.8365283083119266,-0.03723837372074594,0.025436106512312436,-0.0,0.0
25,57,uttar pradesh,30.73179132562784,25.614139472100916,0.0066603467376511625,3.269794848277712,5.662595080414172,45.07588495104146,51.17770418632042,53.41510608590204,0.0,0,0.006660297496227839,1.9004773822272814,2.4347364957836297,0.4027508654926377,0.0,0,0.0,0.17419271759477642,1.210936281752599,1.210936281752599,6.10181923527896,953.0803204689679,5.289905934266017,0.53737881170749,0.16084884330528953,0.0,0.0
25,58,uttar pradesh,33.00359829857843,21.791195286646182,0.003238904726994589,3.730095891616082,5.473811275250221,46.65233630957914,49.58610976100259,55.309676691523975,0.0,0,0.0032388990640642478,2.027083328640146,2.4013635144744896,0.5293568119055023,0.0,0,0.0,0.14668771388667418,1.1719039046710655,1.1719039046710655,2.9337734514234484,941.3308237378211,-6.459590796880775,0.7063054580977535,-0.19641515762565856,0.0,-0.0
25,59,uttar pradesh,34.99953365486835,14.685230297139205,0.007647176092363742,5.002818489289741,8.007742655285194,35.730827391970685,44.902890635803175,44.389709624185045,0.0,0,0.007647101560738145,2.3129909427518833,2.777432181622339,0.8152644260172397,0.0,0,0.0,0.1422766115937856,1.1658770339213416,1.1658770339213416,9.17206324383249,932.7095000337358,-15.08091450096606,1.0877837045605103,-0.4585615857086002,0.0,-0.0
25,60,uttar pradesh,33.99702973205932,20.57007792298076,0.01671758495450458,4.114885002530507,5.8898451844044795,44.63252246173671,51.558639534851956,52.14781415359412,0.0,0,0.01671680635387097,2.122206102992492,2.473506844999619,0.6244795862578485,0.0,0,0.0,0.14874458032523752,1.1747355457449753,1.1747355457449753,6.926117073115243,933.9051595051475,-13.8852550295544,0.833225020108522,-0.4222054679716476,0.0,-0.0
25,61,uttar pradesh,37.37305629974164,18.14340723702338,0.003203887328170872,4.881503131524009,21.99464516741138,40.62231231320595,53.89213850986565,48.15589879372219,0.0,0,0.003203881846935549,2.288930400296859,3.7844625831416216,0.7912038835622153,0.0,0,0.0,0.3490353518347856,1.5361817309412487,1.5361817309412487,13.2698261966597,934.3647003926646,-13.425714142037236,1.0556804198221812,-0.4082323234342716,0.0,-0.0
25,62,uttar pradesh,30.850278703234913,25.94990522822769,0.0035603531146150085,3.879304100937233,11.024844626793529,42.25023707219392,59.39914234621201,47.58875128000615,0.018845720380760277,1,0.003560345592750743,2.0650160499155583,3.0953490062668485,0.5672895331809147,0.010690979917259548,1,0.5672895331809147,0.28068651644324893,3.562693401420252,3.562693401420252,17.14890527401809,940.2372622774022,-7.553152257299644,0.7569179891444066,-0.22966680674331424,0.014264664774582828,-0.004328236420626609
25,63,uttar pradesh,26.940646914861855,42.4978210133381,0.01292973942389174,3.2633801067924995,10.998371224911423,38.05383307113533,48.02846266306994,44.54985022155283,0.0,0,0.012929379189313849,1.898599653743075,3.092954721854068,0.4008731370084313,0.0,0,0.0,0.4996144084539508,1.9984588223459518,1.9984588223459518,9.974629591934608,965.7863904178292,17.995975883127358,0.5348734129907973,0.5471991262076302,0.0,0.0
26,1,west bengal,37.12819733366495,51.756976157741654,0.6114285319497317,1.2338626047106602,6.837129717268999,88.25115716486555,82.03610947247284,79.35685284414859,0.0,0,0.5786000472166991,1.0374722419738083,2.620820805069917,-0.46025427476083536,-0.0,0,-0.0,0.5375854790979121,2.16256184613143,2.16256184613143,-6.215047692392702,966.7532293303691,18.962814795667214,-0.6141039447593479,0.5765975545874645,-0.0,0.0
26,2,west bengal,37.09930701529151,37.32793249165503,20.484755642015443,1.6569566589612141,14.274440513130731,84.38027441298895,77.38491277141735,72.39755874762788,0.0,0,3.7134234008784484,1.278789179408969,3.3528424256810148,-0.21893733732567466,-0.0,0,-0.0,0.20300944692486644,1.2547200166194798,1.2547200166194798,-6.995361641571606,972.8175558504496,25.027141315747713,-0.2921217463469949,0.760994010460528,-0.0,0.0
26,3,west bengal,48.96743566329902,16.145313669544027,13.781858715812293,2.1449804186814427,26.81782480293003,68.21704207778386,48.846936922628416,44.67264555938098,0.0,0,3.317813938740671,1.5066543281623253,3.982561380988965,0.00892781142768162,0.0,0,0.0,0.16847599755997242,1.2026111057114355,1.2026111057114355,-19.370105155155443,976.0897932753156,28.299378740613747,0.011912120139798433,0.8604921133285917,0.0,0.0
26,4,west bengal,31.50547711015256,29.01706167532012,9.831237672465583,1.8824110112548122,11.486632308635262,77.11364452953126,69.60765763466739,67.70377076766081,0.0,0,2.981288602594508,1.389776539271569,3.1362205308245685,-0.10794997746307455,-0.0,0,-0.0,0.12368609356297165,1.1411435932425884,1.1411435932425884,-7.505986894863867,974.1167327073274,26.32631817262552,-0.14403452750374726,0.8004977553804822,-0.0,0.0
26,5,west bengal,28.289718633517268,18.252605206156097,6.569371893873773,5.6795600741508006,6.0390705193464145,81.44288872812803,76.75757585149373,73.73155723298474,0.0,0,2.5813085593352048,2.437682540962369,2.4981827430413746,0.9399560242277252,0.0,0,0.0,0.05,1.0526315789473684,1.0526315789473684,-4.685312876634299,960.4872112464475,12.696796711745606,1.2541560916050352,0.3860683139066162,0.0,0.0
26,6,west bengal,30.261749155986443,13.395591573176285,1.2977018232971158,8.839869766153056,8.618146813528435,77.22186291018282,77.25230362398149,69.55841489133836,0.0,0,1.0770490573537637,2.875603330909965,2.8503663719481342,1.3778768141753215,0.0,0,0.0,0.07651155704956172,1.0828505842532432,1.0828505842532432,0.03044071379866864,976.8442471991095,29.05383266440765,1.838461114602798,0.8834326046109238,0.0,0.0
26,7,west bengal,43.79165426000435,29.010328659948076,2.3500187040980536,16.556647054998567,19.637589603792428,82.5541222233045,81.9430239472487,74.34754140365376,0.0,0,1.5900419148623313,3.500845592212881,3.6712403990578535,2.0031190754782373,0.0,0,0.0,0.3640337491334295,1.5724104834767498,1.5724104834767498,-0.6110982760557988,982.9101094037727,35.11969486907083,2.6727037499284494,1.0678757556600216,0.0,0.0
26,8,west bengal,56.69816631169886,21.487428866250355,2.332240804264722,1.8285426183964837,45.436680440122544,80.78104110221398,81.2705967396149,76.14092807871391,0.09633440335617918,1,1.5830585531797499,1.3642188504881771,4.5095879717891005,-0.13350766624646648,-0.01286138137132925,1,-0.13350766624646648,0.528548345514185,1.8919745156465775,1.8919745156465775,0.489555637400926,969.0102691566141,21.21985462191219,-0.1781354112141016,0.6452267986339087,-0.017160568555918108,0.062157538675815166
26,9,west bengal,44.63208417103672,34.44975791903105,1.2335718272694982,2.0800092831655594,11.501689404955005,78.08342119135169,77.20806676282702,71.52728080769747,0.22498373917815542,1,1.0372891441589023,1.4788546560734708,3.1375255791515513,-0.018871860661172857,-0.004245861776799806,1,-0.018871860661172857,0.3959281468489818,2.5257108087883133,2.5257108087883133,-0.8753544285246733,973.199095548996,25.408681014294075,-0.025180176942402575,0.7725953924035788,-0.005665130361669304,0.1738214002547714
26,10,west bengal,70.18238704819449,6.445765155339345,0.1953034886207819,0.9799019779561862,90.4270152931291,73.35406511843678,75.099785667948,67.21789747011755,0.24705657649391047,1,0.19408273677876542,0.867090496512181,5.197720817041307,-0.6306360202224627,-0.15580277616990612,1,-0.6306360202224627,0.6803363127462858,1.4698612748793913,1.4698612748793913,1.7457205495112191,954.5055893530829,6.715174818381001,-0.8414393715890912,0.20418663688001126,-0.20788313047198828,0.05044565147338082
26,11,west bengal,57.466771627533355,15.789898446071529,0.2705352038961359,1.381799810957922,43.30517872483272,82.08826195517567,75.31493689285897,70.29366915539399,0.0,0,0.26733933350174094,1.1273576747264886,4.461552692069262,-0.370368842008155,-0.0,0,-0.0,0.5627790797729767,2.2871732658189328,2.2871732658189328,-6.773325062316701,962.1407771583156,14.350362623613705,-0.4941724159136778,0.4363478779590051,-0.0,0.0
26,12,west bengal,56.879613705820354,24.115373929735053,4.050325700364849,2.8130870165290185,27.574020200999716,84.83759612944782,81.81557806286536,75.98982826373515,0.0,0,2.1068466041864653,1.757621441778287,4.010349856940421,0.2598949250436433,0.0,0,0.0,0.4085750571353005,1.6908316297183468,1.6908316297183468,-3.0220180665824614,960.0057060994561,12.215291564754239,0.34677026905436475,0.3714273076389214,0.0,0.0
26,13,west bengal,57.06078788936277,16.37678220569989,8.300138125438405,4.180868312962676,8.534684140387101,85.54975198476839,79.9547348696234,77.8877599547434,0.0,0,2.8130285947155396,2.137671038866249,2.8407001335797837,0.6399445221316054,0.0,0,0.0,0.10225951991264523,1.1139076628277862,1.1139076628277862,-5.595017115144998,952.532503522467,4.742088987765101,0.8538594360092965,0.14419151077751668,0.0,0.0
26,14,west bengal,43.37418205995227,31.369362207292877,10.33509027420042,2.964347999618231,7.155770008894624,79.4899540958777,76.03292037616971,74.80388439773274,0.0,0,3.031024449087041,1.8071116059687053,2.6659131648385768,0.3093850892340617,0.0,0,0.0,0.1333183549036414,1.153826212494461,1.153826212494461,-3.4570337197079937,962.0857658868495,14.295351352147577,0.4128035613511426,0.4346751640215487,0.0,0.0
26,15,west bengal,35.23757674197823,19.342915441532117,19.246179492428723,1.4554383672135833,7.987284846875991,69.69366472171635,66.85041946162322,62.24037068080762,0.0,0,3.6511339893201353,1.1697879524230932,2.774893924750716,-0.32793856431155044,-0.0,0,-0.0,0.05,1.0526315789473684,1.0526315789473684,-2.843245260093127,969.0028881072889,21.212473572586987,-0.4375589256332032,0.6450023649178671,-0.0,0.0
26,16,west bengal,51.872695626662605,27.412233649330858,6.187498060588622,0.8595824994666167,30.264707458772882,77.08321249650133,76.09344774030275,74.37992583431998,0.0,0,2.5221448971741394,0.7785214707717156,4.103402272101502,-0.719205045962928,-0.0,0,-0.0,0.4056739550378379,1.6825781210104382,1.6825781210104382,-0.9897647561985821,959.2201498076251,11.429735272923267,-0.9596144566960688,0.3475410944505698,-0.0,0.0
26,17,west bengal,39.36681128472229,30.678997411604737,6.88888510526418,1.9427796610169492,7.708127846215189,76.92974192781939,69.72830466659555,68.09313200983011,0.0,0,2.628283248505158,1.4177489529409493,2.7396038809850594,-0.07997756379369436,-0.0,0,-0.0,0.14047164760437086,1.1634287539356394,1.1634287539356394,-7.201437261223845,976.4409316708885,28.650517136186636,-0.10671174633515741,0.8711690904752205,-0.0,0.0
28,1,chandigarh,66.20717584480114,16.506935196218155,0.0,1.4226971699495983,76.66409663325624,57.84273555371448,54.646118224621866,49.91723199496864,0.789479425867679,1,0.0,1.1511040733693425,5.032623211297562,-0.3466224433653011,-0.27365128758089,1,-0.3466224433653011,0.776043995895062,1.2885867364344916,1.2885867364344916,-3.196617329092618,899.0303583113562,-48.760056223345714,-0.4624882841628487,-1.4826348030542573,-0.3651249850514138,-1.1705096730867144
29,1,dadra nagar haveli,32.37649573575395,1.9714465218050652,78.98784635715678,0.39296087476507774,7.1181495844075195,62.808178066425135,70.43826854568199,66.38400792157414,0.0,0,5.062481245214484,0.3834917515791373,2.660692935485214,-1.1142347651555062,-0.0,0,-0.0,0.05,1.0526315789473684,1.0526315789473684,7.630090479256857,1012.8569399062366,65.06652537153468,-1.4866911665851792,1.9784615216145212,-0.0,0.0
30,1,daman diu,64.52070014975604,3.8904365469155087,18.67602776122768,2.5789813023855577,37.82708813062591,63.9837462426148,69.56361403822144,66.624026582114,0.0,0,3.62110393017272,1.6761711870411424,4.326347314585838,0.1784446703064988,0.0,0,0.0,0.1549209024693079,1.183321186054636,1.183321186054636,5.579867795606646,966.0418963616318,18.251481826929876,0.23809355385877892,0.5549682313730067,0.0,0.0
30,2,daman diu,53.255666708876795,3.73559579587185,0.31910852222362923,4.984709480122325,45.0500189945549,26.29868984680261,54.54097981116621,39.64625211597953,0.0,0,0.3139268052733876,2.309435206280693,4.501043746286566,0.8117086895460495,0.0,0,0.0,0.37733113418911635,1.605990045283104,1.605990045283104,28.2422899643636,946.6666666666666,-1.1237478680352524,1.0830393884004543,-0.03416951964483946,0.0,-0.0
31,1,nct of delhi,62.44049769845883,19.05215821763353,0.0,0.5551529437880226,74.96947130153735,49.472518567832054,58.58535151682833,41.534837937059876,0.9721464647403262,1,0.0,0.5299906224859489,5.010272639597572,-0.9677358942486948,-0.9407810283961868,1,-0.9677358942486948,0.783649721965306,1.2760803353469095,1.2760803353469095,9.112832948996278,914.8865706242756,-32.9038439104263,-1.2912219673617442,-1.0004989311826422,-1.2552568707657685,-0.9726314989256806
33,1,puducherry,63.40915740920343,16.651598289109014,0.0,4.137033243675278,57.64772215446019,75.19057776343992,62.915934081702616,62.429863601718715,0.8613316817631169,1,0.0,2.127423094321259,4.747573133715843,0.6296965775866155,0.5423776121731585,1,0.6296965775866155,0.7048559854904323,1.4187295285634969,1.4187295285634969,-12.274643681737302,961.123007375684,13.332592840982102,0.8401859004967288,0.4054008073831492,0.7236787346685062,0.34918455921145336
33,3,puducherry,82.02230394355249,0.36774598618710197,0.0,0.9140767824497258,87.16775794540617,73.93720709659861,77.18609074172036,78.88015232302556,0.0,0,0.0,0.8192935732198225,5.161014595596366,-0.6784329435148211,-0.0,0,-0.0,0.6866151140682187,3.190964353710675,3.190964353710675,3.248883645121751,974.2410303587856,26.450615824083684,-0.9052134216105706,0.8042772429008749,-0.0,0.0
33,4,puducherry,64.2459476769966,19.904419372321033,0.0,2.2755688922230557,83.58378085431345,69.3710835885917,67.39614269496133,68.58467840605303,0.3737344024040726,1,0.0,1.5604934750714954,5.119032455573019,0.06276695833685175,0.02345817166474461,1,0.06276695833685175,0.8094383934769639,1.235424472150961,1.235424472150961,-1.9749408936303752,950.8196721311475,3.029257596445632,0.08374813408356911,0.09210987615220205,0.03129955884417884,0.03442462951925637
