pc91_state_id,pc91_district_id,pc91_td_area,pc91_td_res_house,pc91_td_p_7andup,pc91_td_p_lit_7andup,pc91_td_tot_work_p,pc91_td_mainwork_p,pc91_td_margwork_p,pc91_td_non_work_p,pc91_td_workers_non_per1000,pc91_td_p_sc,pc91_td_p_st,pc91_td_avg_rain,pc91_td_max_temp,pc91_td_min_temp,pc91_td_sh_dist,pc91_td_dh_dist,pc91_td_sd_dist,pc91_td_rail_dist,pc91_td_tap,pc91_td_well,pc91_td_tank,pc91_td_tube_well,pc91_td_stor_cap_tank,pc91_td_stor_cap_res,pc91_td_stor_cap_rivergal,pc91_td_stor_cap_wellpump,pc91_td_stor_cap_pressuretank,pc91_td_el_dom,pc91_td_el_ind,pc91_td_el_com,pc91_td_el_road_l,pc91_td_el_others,pc91_td_p_road,pc91_td_k_road,pc91_td_tot_road,pc91_td_dist_f_ser,pc91_td_sewage_sewer,pc91_td_sewage_opendrain,pc91_td_sewage_boxdrain,pc91_td_sewage_sylkdrain,pc91_td_sewage_cess,pc91_td_sewage_pit,pc91_td_sewage_other,pc91_td_water_bor,pc91_td_service,pc91_td_lat_oth,pc91_td_nsoil_head,pc91_td_nsoil_basket,pc91_td_nsoil_wb,pc91_td_nsoil_septic,pc91_td_nsoil_sewerage,pc91_td_nsoil_pit,pc91_td_nsoil_other,pc91_td_hospitals,pc91_td_disp,pc91_td_health_ctr,pc91_td_f_w_ctr,pc91_td_nur_homes,pc91_td_med_oth,pc91_td_tot_beds,pc91_td_primary,pc91_td_middle,pc91_td_secondary,pc91_td_s_sec,pc91_td_vt_inst,pc91_td_polytech,pc91_td_arts,pc91_td_science,pc91_td_commerce,pc91_td_medical,pc91_td_engg,pc91_td_law,pc91_td_adult_cnt,pc91_td_n_hostels,pc91_td_n_seats,pc91_td_stadium,pc91_td_cinema,pc91_td_auditorium,pc91_td_p_lib,pc91_td_r_rooms,pc91_td_banks,pc91_td_a_c_soc,pc91_td_n_a_c_soc,pc91_td_inc_8889,pc91_td_exp_8889,pc91_td_joint_muni
02,01,118.19999999999999,60589,247581,153468,98089,93101,4988,192149,21766,26096,2842,578.1709643634019,48.3,15.0,725.0,0.0,0.0,0.0,3.0,3.0,3.0,3.0,4500000.0,3600000.0,17765000.0,10000.0,0.0,35546.0,695.0,7191.0,4489.0,493.0,183.04,72.53,255.57000000000002,0.0,3.0,3,0,0.0,0,0,0.0,11182.0,3400.0,912.0,0.0,3.0,3.0,0.0,0.0,3.0,0.0,9.0,48.0,3.0,0.0,17.0,3.0,576.0,102.0,32.0,17.0,11.0,59.0,1.0,10.0,7.0,9.0,0.0,0.0,0.0,26.0,1.0,50.0,2.0,36.0,7.0,22.0,5.0,43.0,13.0,46.0,42468400.0,28596500.0,
02,02,117.84,76500,311787,191773,115248,111674,3574,248252,18185,40682,4426,777.9351268647201,45.0,15.0,739.0,0.0,0.0,0.0,3.0,3.0,3.0,0.0,225000.0,2340000.0,56317000.0,23000.0,0.0,36655.0,722.0,8206.0,5506.0,1425.0,190.7,69.62,260.32,0.0,3.0,3,0,0.0,0,0,0.0,5406.0,11980.0,2450.0,0.0,3.0,3.0,3.0,3.0,0.0,0.0,8.0,44.0,2.0,0.0,30.0,15.0,478.0,114.0,45.0,33.0,6.0,81.0,3.0,6.0,5.0,4.0,0.0,0.0,0.0,35.0,1.0,50.0,4.0,34.0,11.0,12.0,7.0,47.0,7.0,97.0,55952400.0,58909900.0,
02,03,424.92,280863,1125204,791875,387094,381046,6048,921489,53143,118041,8004,1585.60941288329,44.4,8.5,573.0,0.0,0.0,0.0,3.0,3.0,0.0,3.0,1559000.0,104693000.0,9665000.0,340000.0,0.0,136112.0,956.0,14385.0,23731.0,4802.0,771.45,186.14,957.5899999999999,0.0,3.0,3,0,0.0,0,0,0.0,54122.0,3336.0,2570.0,0.0,3.0,3.0,3.0,0.0,0.0,0.0,21.0,46.0,7.0,0.0,9.0,4.0,3081.0,242.0,59.0,51.0,20.0,117.0,8.0,12.0,9.0,12.0,1.0,1.0,1.0,57.0,2.0,10.0,6.0,79.0,33.0,20.0,11.0,137.0,14.0,51.0,354883500.0,366192500.0,
02,04,273.51,207725,923535,605114,332920,328487,4433,747884,37327,132083,7946,921.3957654446707,44.8,15.6,430.0,0.0,0.0,0.0,3.0,3.0,0.0,0.0,5950000.0,8850000.0,41100000.0,250000.0,0.0,98613.0,2798.0,19012.0,21029.0,1771.0,948.5,218.0,1166.5,0.0,3.0,3,0,0.0,0,0,0.0,63500.0,13162.0,10394.0,0.0,3.0,3.0,0.0,0.0,0.0,0.0,16.0,65.0,2.0,1.0,245.0,40.0,4707.0,259.0,60.0,76.0,17.0,201.0,11.0,18.0,8.0,6.0,2.0,1.0,0.0,17.0,1.0,50.0,2.0,92.0,26.0,23.0,31.0,120.0,70.0,158.0,204540500.0,197311300.0,
02,05,138.85000000000002,157890,628475,424896,243123,238680,4443,485430,19744,73823,7174,752.4915937117574,45.0,14.0,329.0,0.0,0.0,0.0,3.0,0.0,3.0,3.0,9645000.0,691083000.0,286404000.0,182000.0,0.0,52944.0,1191.0,13508.0,14194.0,655.0,575.1800000000001,62.57,637.75,0.0,3.0,3,0,0.0,0,0,0.0,22350.0,12028.0,845.0,0.0,3.0,3.0,0.0,0.0,0.0,0.0,37.0,183.0,2.0,0.0,144.0,6.0,3109.0,282.0,63.0,70.0,26.0,145.0,4.0,19.0,17.0,16.0,0.0,2.0,0.0,1489.0,1.0,50.0,2.0,76.0,33.0,23.0,33.0,83.0,11.0,72.0,151397100.0,145723800.0,
02,06,308.84,268584,1135987,775286,426508,421873,4635,898446,36113,115922,21000,1366.9254315304947,45.0,16.2,195.0,0.0,0.0,0.0,3.0,3.0,3.0,3.0,8514500.0,50590000.0,3954000.0,137500.0,0.0,96903.0,4901.0,26782.0,35828.0,1227.0,1061.42,370.42,1431.8400000000001,0.0,3.0,3,0,3.0,0,0,0.0,29379.0,18713.0,2551.0,0.0,3.0,3.0,3.0,3.0,0.0,0.0,91.0,93.0,7.0,3.0,362.0,29.0,5460.0,327.0,97.0,106.0,33.0,209.0,6.0,24.0,22.0,24.0,2.0,2.0,0.0,57.0,1.0,50.0,6.0,108.0,33.0,34.0,64.0,163.0,152.0,129.0,287653800.0,287823900.0,
02,07,220.33999999999997,250964,1019102,624253,405566,400474,5092,781134,28392,105441,37392,591.7786088289132,48.9,16.7,161.0,0.0,0.0,0.0,3.0,3.0,3.0,3.0,156000.0,48402000.0,1932332000.0,9072000.0,0.0,91437.0,5152.0,21724.0,33230.0,8994.0,1133.4099999999999,482.36,1615.77,0.0,3.0,3,0,0.0,0,0,0.0,54165.0,5176.0,19530.0,0.0,3.0,3.0,3.0,3.0,0.0,0.0,20.0,99.0,6.0,2.0,201.0,37.0,5574.0,396.0,65.0,84.0,27.0,276.0,6.0,25.0,20.0,23.0,1.0,1.0,1.0,91.0,1.0,50.0,1.0,96.0,26.0,29.0,47.0,113.0,11.0,228.0,162970900.0,183997200.0,
02,08,285.44000000000005,97614,391746,241603,156462,152564,3898,297440,22166,46846,17530,752.4915937117574,45.0,15.0,181.0,0.0,0.0,0.0,3.0,3.0,0.0,0.0,940000.0,125000.0,1580000.0,0.0,0.0,48288.0,961.0,9452.0,9900.0,465.0,350.18,189.85000000000002,540.03,0.0,0.0,3,0,0.0,0,0,0.0,14014.0,1599.0,439.0,0.0,3.0,3.0,0.0,0.0,0.0,0.0,23.0,31.0,3.0,1.0,114.0,7.0,2365.0,164.0,24.0,44.0,15.0,78.0,5.0,10.0,7.0,6.0,0.0,0.0,0.0,13.0,0.0,0.0,0.0,39.0,10.0,11.0,22.0,53.0,8.0,37.0,53666200.0,45727100.0,
02,09,228.19,120898,487647,333450,187993,184232,3761,381069,18392,67971,36603,1187.4903728275765,41.6,11.8,410.0,0.0,0.0,0.0,3.0,3.0,3.0,3.0,400000.0,40512000.0,11761000.0,1546000.0,0.0,62236.0,1383.0,12540.0,17257.0,2553.0,261.68,104.41000000000001,366.09000000000003,0.0,3.0,3,0,0.0,0,0,0.0,25498.0,12844.0,433.0,0.0,3.0,3.0,3.0,0.0,0.0,0.0,60.0,22.0,1.0,2.0,4.0,14.0,2295.0,246.0,28.0,49.0,12.0,99.0,6.0,13.0,11.0,11.0,0.0,0.0,0.0,40.0,1.0,30.0,4.0,43.0,16.0,14.0,30.0,64.0,9.0,18.0,113304900.0,119147900.0,
02,10,205.01000000000002,131550,559518,399518,201153,198133,3020,444679,28629,58680,11019,1002.6460320601623,44.4,9.2,518.0,0.0,0.0,0.0,3.0,0.0,0.0,0.0,190000.0,13105000.0,15208000.0,0.0,0.0,78675.0,2367.0,16053.0,19509.0,4292.0,376.75,162.27,539.02,0.0,3.0,3,0,0.0,0,0,0.0,27548.0,12907.0,7475.0,0.0,0.0,3.0,3.0,3.0,0.0,0.0,21.0,92.0,1.0,2.0,74.0,10.0,2216.0,160.0,34.0,47.0,18.0,99.0,4.0,13.0,10.0,12.0,1.0,1.0,0.0,1250.0,1.0,50.0,3.0,72.0,31.0,19.0,20.0,87.0,37.0,60.0,102351500.0,93247700.0,
02,11,234.91000000000003,108884,463742,301335,174086,168902,5184,370887,30639,46027,6653,591.7786088289132,43.0,22.0,350.0,0.0,0.0,0.0,3.0,3.0,0.0,3.0,6357000.0,225000.0,10366000.0,50000.0,0.0,84950.0,1580.0,11820.0,10403.0,877.0,351.43,112.72999999999999,464.15999999999997,0.0,0.0,3,0,3.0,0,3,0.0,20554.0,10362.0,806.0,3.0,3.0,3.0,3.0,0.0,0.0,0.0,24.0,23.0,0.0,1.0,62.0,46.0,1598.0,211.0,48.0,61.0,14.0,91.0,6.0,13.0,12.0,11.0,0.0,1.0,1.0,85.0,0.0,0.0,1.0,46.0,11.0,16.0,14.0,53.0,9.0,36.0,61410700.0,48811100.0,
02,12,372.36999999999995,142743,632953,385687,235576,230879,4697,512477,274270,65792,12076,1070.4934298563123,42.0,12.0,304.0,0.0,0.0,0.0,3.0,0.0,0.0,3.0,9793000.0,10190000.0,4497000.0,180000.0,0.0,74243.0,1838.0,13138.0,14116.0,2592.0,563.11,141.23000000000002,704.34,0.0,3.0,3,0,0.0,0,0,0.0,21590.0,7933.0,1106.0,0.0,0.0,3.0,3.0,0.0,0.0,0.0,17.0,38.0,0.0,9.0,26.0,13.0,1304.0,281.0,80.0,63.0,21.0,120.0,9.0,17.0,11.0,17.0,0.0,1.0,0.0,114.0,1.0,50.0,3.0,63.0,13.0,16.0,17.0,71.0,20.0,99.0,111680900.0,102420900.0,
02,13,189.17999999999998,138214,638648,375091,245499,242534,2965,522601,25234,102372,11002,591.7786088289132,42.0,17.7,176.0,0.0,0.0,0.0,3.0,3.0,0.0,3.0,610000.0,320000.0,52820000.0,0.0,0.0,74428.0,1668.0,14093.0,15777.0,1114.0,311.72,119.18,430.9,0.0,3.0,3,0,0.0,0,0,0.0,27223.0,6842.0,5811.0,0.0,3.0,3.0,3.0,0.0,0.0,0.0,28.0,39.0,5.0,1.0,18.0,3.0,1972.0,257.0,51.0,52.0,18.0,104.0,5.0,13.0,11.0,12.0,1.0,1.0,0.0,36.0,1.0,50.0,2.0,55.0,13.0,14.0,16.0,77.0,83.0,183.0,70748400.0,78024900.0,
02,14,156.86,58474,284437,180132,107134,104919,2215,235058,23257,29900,3734,1087.32469365526,44.5,10.5,51.0,0.0,0.0,0.0,3.0,3.0,0.0,3.0,1454000.0,29339000.0,4546000.0,0.0,0.0,38032.0,1220.0,7724.0,8960.0,1654.0,125.69999999999999,134.69,260.39,0.0,3.0,3,0,0.0,0,0,0.0,22566.0,12115.0,906.0,3.0,3.0,3.0,0.0,0.0,0.0,0.0,15.0,63.0,1.0,5.0,35.0,30.0,730.0,120.0,46.0,58.0,18.0,66.0,3.0,6.0,6.0,4.0,0.0,0.0,0.0,41.0,1.0,50.0,2.0,36.0,31.0,11.0,9.0,46.0,14.0,48.0,32505400.0,33642800.0,
02,15,551.61,734299,3494649,2451740,1171365,1159450,11915,2998450,36812,390036,48652,962.9203956741354,43.7,9.1,0.0,0.0,0.0,0.0,3.0,0.0,3.0,3.0,7831000.0,0.0,374421319000.0,0.0,0.0,627930.0,65692.0,99840.0,96732.0,654.0,2050.26,855.36,2905.62,0.0,3.0,3,0,0.0,0,3,0.0,80874.0,41156.0,17460.0,0.0,3.0,0.0,3.0,3.0,3.0,0.0,124.0,321.0,8.0,5.0,183.0,41.0,13386.0,1000.0,500.0,811.0,142.0,811.0,12.0,57.0,50.0,53.0,7.0,8.0,2.0,356.0,2.0,100.0,9.0,141.0,162.0,207.0,10.0,464.0,17.0,1832.0,113443200.0,988238000.0,
02,16,44.08,33205,155773,118298,62263,59768,2495,119038,5720,30884,2171,1105.1113790186125,40.7,15.9,12.0,12.0,3.0,0.0,3.0,0.0,0.0,0.0,0.0,0.0,12025500.0,0.0,0.0,37921.0,8319.0,238.0,2542.0,4060.0,125.89999999999999,8.6,134.5,0.0,3.0,3,0,0.0,0,0,0.0,201.0,,,0.0,0.0,3.0,3.0,0.0,0.0,0.0,4.0,14.0,0.0,0.0,21.0,0.0,230.0,29.0,15.0,12.0,2.0,13.0,0.0,2.0,2.0,2.0,0.0,1.0,1.0,1.0,0.0,0.0,1.0,6.0,3.0,4.0,1.0,1.0,0.0,13.0,163819600.0,228777600.0,
02,17,138.67,55543,270560,174656,97291,95847,1444,231196,23990,33473,2944,1142.9037676997723,39.0,12.5,30.0,0.0,0.0,0.0,3.0,0.0,3.0,3.0,0.0,0.0,14724000.0,95000.0,0.0,32658.0,1199.0,6095.0,8344.0,8779.0,210.8,58.0,268.8,0.0,3.0,3,0,0.0,0,0,0.0,18306.0,5213.0,11307.0,0.0,3.0,3.0,3.0,3.0,0.0,0.0,11.0,125.0,1.0,0.0,36.0,9.0,2047.0,118.0,67.0,34.0,14.0,44.0,2.0,7.0,6.0,6.0,0.0,0.0,0.0,31.0,0.0,0.0,2.0,26.0,6.0,12.0,2.0,42.0,13.0,30.0,25287600.0,24903000.0,
02,18,95.59,70080,340725,201211,137158,133769,3389,275786,12162,33495,4277,1009.9396336386345,44.0,7.0,103.0,0.0,0.0,0.0,3.0,3.0,0.0,0.0,0.0,14402000.0,13039000.0,0.0,0.0,39888.0,6600.0,3671.0,8766.0,1112.0,407.15,89.24000000000001,496.39,0.0,3.0,3,0,0.0,0,0,0.0,30079.0,30931.0,15232.0,0.0,3.0,0.0,3.0,0.0,0.0,0.0,7.0,56.0,0.0,0.0,8.0,3.0,680.0,93.0,75.0,36.0,15.0,52.0,4.0,6.0,6.0,6.0,0.0,0.0,0.0,21.0,1.0,50.0,0.0,34.0,10.0,8.0,2.0,38.0,7.0,147.0,40348500.0,39848200.0,
02,19,201.98,90597,392809,222719,134544,131128,3416,347032,28426,74113,10889,752.4915937117574,47.0,10.5,220.0,0.0,0.0,0.0,3.0,0.0,0.0,0.0,8897000.0,2735000.0,0.0,0.0,0.0,38324.0,1243.0,8309.0,10172.0,453.0,153.55,119.46000000000001,273.01,0.0,0.0,3,0,0.0,0,0,0.0,17430.0,5616.0,4508.0,0.0,3.0,3.0,3.0,0.0,0.0,0.0,14.0,22.0,0.0,0.0,0.0,5.0,891.0,119.0,46.0,51.0,12.0,27.0,3.0,6.0,6.0,6.0,0.0,0.0,0.0,38.0,0.0,0.0,2.0,21.0,15.0,12.0,1.0,43.0,13.0,77.0,31501600.0,29376900.0,
02,20,208.48999999999998,128397,515895,321915,202770,198964,3806,421549,18066,73928,6132,1142.9037676997723,42.0,20.0,160.0,0.0,0.0,0.0,3.0,0.0,0.0,3.0,1480000.0,125000.0,27785000.0,0.0,0.0,57868.0,2051.0,9657.0,7524.0,1278.0,306.99,315.03999999999996,622.03,0.0,0.0,3,0,0.0,0,0,0.0,16228.0,21823.0,4755.0,3.0,3.0,3.0,0.0,0.0,0.0,0.0,32.0,71.0,2.0,5.0,30.0,24.0,2078.0,259.0,97.0,48.0,20.0,71.0,2.0,9.0,7.0,9.0,0.0,0.0,0.0,11.0,0.0,0.0,4.0,41.0,17.0,12.0,8.0,57.0,9.0,117.0,39438100.0,37323600.0,
02,21,101.06,105835,461604,318320,160512,156827,3685,386110,11523,71436,15654,752.4915937117574,48.0,15.2,92.0,0.0,0.0,0.0,3.0,0.0,0.0,3.0,428000.0,19950000.0,0.0,1010000.0,0.0,60801.0,6606.0,17923.0,12444.0,1034.0,142.0,233.0,404.6,0.0,3.0,3,0,0.0,0,0,0.0,17448.0,60405.0,1122.0,0.0,3.0,3.0,3.0,3.0,0.0,0.0,12.0,38.0,0.0,0.0,0.0,11.0,1316.0,110.0,95.0,61.0,17.0,36.0,3.0,10.0,4.0,5.0,2.0,1.0,0.0,3.0,1.0,30.0,1.0,22.0,7.0,13.0,1.0,59.0,121.0,80.0,52908400.0,54238900.0,
02,22,210.35000000000002,88067,378970,256848,128250,126237,2013,319913,24313,59213,31869,1232.6764257278526,180.2,1.0,191.0,0.0,0.0,0.0,3.0,0.0,3.0,0.0,2186000.0,0.0,20317000.0,0.0,0.0,42662.0,1409.0,8906.0,11010.0,83.0,303.32,321.33,624.6500000000001,0.0,3.0,3,0,3.0,0,3,0.0,12212.0,1127.0,4246.0,0.0,3.0,3.0,3.0,0.0,0.0,0.0,37.0,155.0,1.0,0.0,9.0,4.0,1892.0,79.0,40.0,45.0,19.0,51.0,3.0,9.0,8.0,8.0,0.0,0.0,0.0,54.0,1.0,50.0,1.0,38.0,9.0,12.0,17.0,42.0,9.0,132.0,39789300.0,36828300.0,
02,23,153.92000000000002,63058,285209,200118,102302,99489,2813,236151,18304,37171,9238,591.7786088289132,44.0,9.1,55.0,0.0,0.0,0.0,3.0,0.0,0.0,3.0,2443000.0,0.0,21749000.0,610280.0,0.0,42736.0,2683.0,8589.0,11021.0,834.0,150.56,106.09,256.65,0.0,3.0,3,0,0.0,0,0,0.0,10194.0,8636.0,5475.0,0.0,3.0,3.0,0.0,3.0,0.0,0.0,13.0,44.0,1.0,2.0,61.0,10.0,1172.0,122.0,71.0,47.0,19.0,54.0,3.0,9.0,9.0,8.0,0.0,0.0,0.0,7.0,0.0,0.0,0.0,29.0,11.0,8.0,5.0,44.0,7.0,136.0,32245300.0,25378400.0,
03,02,10.18,1359,4665,3254,2136,2134,2,3519,1649,46,1944,752.4915937117574,23.0,,362.0,0.0,0.0,150.0,3.0,0.0,0.0,0.0,0.0,0.0,0.0,0.0,300000.0,952.0,10.0,72.0,480.0,0.0,,,17.0,0.0,0.0,3,0,0.0,0,0,0.0,0.0,38.0,563.0,0.0,0.0,0.0,3.0,0.0,0.0,3.0,1.0,0.0,0.0,0.0,0.0,0.0,60.0,3.0,1.0,2.0,1.0,0.0,0.0,0.0,0.0,0.0,0.0,0.0,0.0,1.0,1.0,,1.0,1.0,1.0,1.0,1.0,2.0,0.0,2.0,,,
03,04,,9234,31704,22046,14153,14058,95,25623,5498,369,14589,1009.9396336386345,27.5,13.5,0.0,0.0,0.0,,3.0,0.0,0.0,0.0,0.0,37770000.0,0.0,0.0,0.0,116978.0,429.0,19309.0,2816.0,1161.0,,,145.0,0.0,3.0,3,0,0.0,0,0,0.0,0.0,0.0,7006.0,0.0,0.0,0.0,3.0,0.0,0.0,3.0,5.0,2.0,1.0,0.0,0.0,1.0,343.0,15.0,4.0,4.0,3.0,3.0,0.0,1.0,0.0,0.0,0.0,0.0,0.0,3.0,1.0,,2.0,4.0,4.0,3.0,1.0,11.0,0.0,8.0,,,
03,06,,2811,10820,8191,4906,4905,1,8333,1699,107,5532,1070.4934298563123,,,,0.0,0.0,147.0,3.0,0.0,0.0,0.0,25000.0,0.0,0.0,0.0,0.0,1553.0,0.0,439.0,1200.0,167.0,,,29.4,0.0,0.0,3,0,0.0,0,0,0.0,650.0,,200.0,0.0,0.0,0.0,3.0,0.0,0.0,3.0,1.0,1.0,0.0,1.0,0.0,3.0,80.0,5.0,2.0,1.0,2.0,1.0,0.0,0.0,0.0,0.0,0.0,0.0,0.0,0.0,15.0,,0.0,2.0,11.0,1.0,1.0,2.0,1.0,1.0,,,
03,07,,3175,12106,8021,5109,5032,77,9530,1894,150,3805,795.7969373865701,35.7,22.8,256.0,0.0,0.0,38.0,3.0,0.0,0.0,0.0,,0.0,0.0,0.0,0.0,2038.0,17.0,198.0,994.0,0.0,42.0,0.0,42.0,0.0,0.0,3,0,0.0,0,3,0.0,3115.0,,,0.0,0.0,0.0,3.0,0.0,3.0,0.0,1.0,1.0,0.0,0.0,0.0,2.0,230.0,9.0,4.0,3.0,2.0,2.0,0.0,1.0,1.0,1.0,0.0,0.0,0.0,1.0,0.0,0.0,0.0,1.0,2.0,1.0,1.0,1.0,0.0,0.0,,,
03,08,,1513,5775,4331,2438,2438,0,4538,1861,186,1282,962.9203956741354,,,,,0.0,,3.0,0.0,0.0,0.0,0.0,0.0,0.0,0.0,0.0,0.0,0.0,0.0,0.0,0.0,,,,,0.0,0,0,3.0,0,0,0.0,,,,0.0,0.0,0.0,3.0,0.0,0.0,0.0,1.0,1.0,0.0,0.0,0.0,1.0,55.0,2.0,1.0,1.0,1.0,,1.0,0.0,0.0,0.0,0.0,0.0,0.0,0.0,1.0,,2.0,2.0,1.0,1.0,0.0,2.0,,,,,
03,09,,5018,19033,13525,8651,8648,3,14595,3576,226,2868,938.7802819646568,28.9,,260.0,0.0,0.0,85.0,3.0,0.0,0.0,0.0,0.0,0.0,0.0,0.0,485200.0,2144.0,15.0,275.0,1145.0,303.0,,,,0.0,0.0,3,0,0.0,0,0,0.0,2422.0,250.0,1030.0,0.0,0.0,0.0,3.0,0.0,0.0,3.0,1.0,0.0,1.0,0.0,0.0,1.0,84.0,7.0,6.0,4.0,2.0,2.0,0.0,1.0,0.0,0.0,0.0,0.0,0.0,1.0,,,,2.0,1.0,1.0,2.0,4.0,1.0,1.0,,,
03,11,,1623,6068,5184,2869,2868,1,4228,1474,110,2109,1070.4934298563123,,,610.0,0.0,0.0,74.0,3.0,0.0,0.0,0.0,100000.0,0.0,0.0,0.0,0.0,946.0,0.0,146.0,575.0,125.0,,,17.5,0.0,0.0,3,0,0.0,0,0,0.0,736.0,0.0,163.0,0.0,0.0,0.0,0.0,0.0,0.0,3.0,1.0,2.0,0.0,1.0,0.0,1.0,70.0,3.0,2.0,2.0,1.0,0.0,0.0,0.0,0.0,0.0,0.0,0.0,0.0,1.0,0.0,0.0,1.0,1.0,2.0,1.0,1.0,2.0,0.0,0.0,,,
04,01,27.24,27435,136008,94329,43941,42360,1581,118040,19094,27393,632,921.3957654446707,37.3,5.5,221.0,0.0,0.0,0.0,3.0,3.0,0.0,3.0,273000.0,0.0,0.0,0.0,0.0,8722.0,226.0,2645.0,2136.0,35.0,,,154.34,0.0,0.0,3,0,0.0,3,0,0.0,3608.0,7004.0,6432.0,0.0,3.0,3.0,3.0,0.0,3.0,3.0,5.0,2.0,5.0,0.0,0.0,1.0,351.0,94.0,32.0,16.0,8.0,13.0,0.0,7.0,1.0,1.0,0.0,0.0,0.0,4.0,0.0,0.0,1.0,8.0,5.0,4.0,0.0,18.0,4.0,2.0,4098500.0,4223800.0,
04,02,17.200000000000003,8566,43633,33660,15444,15134,310,35280,7056,7345,7455,777.9351268647201,37.3,5.5,212.0,0.0,0.0,0.0,0.0,3.0,0.0,3.0,0.0,0.0,0.0,0.0,0.0,4669.0,59.0,977.0,707.0,11.0,,,71.53999999999999,0.0,0.0,3,0,0.0,0,0,0.0,1415.0,300.0,2365.0,0.0,0.0,3.0,3.0,0.0,0.0,0.0,1.0,1.0,2.0,0.0,0.0,0.0,32.0,29.0,13.0,12.0,4.0,3.0,0.0,4.0,1.0,1.0,0.0,0.0,1.0,3.0,2.0,86.0,0.0,5.0,2.0,1.0,0.0,11.0,28.0,161.0,2135900.0,1943800.0,
04,03,16.64,14506,63851,51822,22232,21384,848,51622,12761,10724,1356,1070.4934298563123,37.3,5.5,163.0,0.0,0.0,0.0,3.0,3.0,0.0,3.0,7168940.0,0.0,0.0,0.0,0.0,10214.0,151.0,1834.0,1386.0,41.0,,,112.38999999999999,0.0,0.0,3,0,0.0,0,0,0.0,3079.0,340.0,3449.0,3.0,0.0,3.0,3.0,0.0,0.0,3.0,3.0,3.0,1.0,1.0,0.0,0.0,140.0,42.0,20.0,20.0,7.0,6.0,1.0,3.0,2.0,1.0,0.0,0.0,0.0,1.0,0.0,0.0,1.0,4.0,4.0,6.0,0.0,17.0,1.0,0.0,2157200.0,2309600.0,
04,04,17.96,9605,42711,29354,14296,14007,289,37800,5289,7208,1698,962.9203956741354,37.3,5.5,150.0,0.0,0.0,36.0,3.0,3.0,0.0,3.0,273000.0,0.0,0.0,0.0,0.0,3736.0,53.0,606.0,370.0,3.0,,,60.0,0.0,0.0,3,0,0.0,3,0,0.0,2098.0,307.0,2095.0,0.0,0.0,3.0,3.0,0.0,0.0,0.0,1.0,0.0,1.0,1.0,0.0,1.0,77.0,24.0,10.0,9.0,4.0,4.0,0.0,2.0,3.0,1.0,0.0,0.0,0.0,,0.0,0.0,1.0,3.0,2.0,2.0,0.0,7.0,0.0,0.0,547300.0,704200.0,
04,05,22.830000000000002,16072,82796,61953,25473,24860,613,71845,20825,13616,759,752.4915937117574,36.5,8.1,70.0,0.0,0.0,0.0,3.0,3.0,0.0,3.0,1135000.0,0.0,0.0,0.0,0.0,6868.0,135.0,2457.0,983.0,24.0,,,204.45,0.0,0.0,3,0,0.0,0,0,0.0,3684.0,544.0,6459.0,3.0,0.0,3.0,3.0,0.0,0.0,0.0,1.0,2.0,5.0,0.0,0.0,1.0,142.0,56.0,18.0,27.0,7.0,12.0,0.0,8.0,3.0,2.0,0.0,0.0,1.0,2.0,1.0,10.0,0.0,5.0,10.0,13.0,0.0,20.0,4.0,10.0,5449800.0,3960900.0,
04,06,13.9,4138,19862,16012,6808,6743,65,16667,4585,3435,195,591.7786088289132,36.5,8.1,71.0,0.0,0.0,0.0,3.0,3.0,0.0,3.0,1433800.0,0.0,0.0,0.0,0.0,3261.0,116.0,857.0,645.0,21.0,,,62.21,0.0,0.0,3,0,0.0,0,0,0.0,1173.0,645.0,462.0,3.0,0.0,3.0,3.0,0.0,0.0,0.0,2.0,0.0,0.0,0.0,0.0,1.0,130.0,13.0,6.0,7.0,1.0,10.0,0.0,4.0,2.0,1.0,0.0,0.0,1.0,1.0,0.0,0.0,0.0,2.0,3.0,3.0,0.0,7.0,0.0,2.0,2363400.0,2298000.0,
04,07,259.07,136752,569541,458899,217894,215349,2545,437321,17215,52531,25338,752.4915937117574,36.5,8.1,0.0,0.0,0.0,0.0,3.0,3.0,0.0,3.0,227298.0,20280000.0,950000.0,0.0,0.0,44692.0,751.0,9487.0,5606.0,270.0,,,543.8199999999999,0.0,0.0,3,0,0.0,0,0,3.0,132584.0,12020.0,3360.0,3.0,0.0,3.0,3.0,0.0,3.0,3.0,7.0,8.0,4.0,0.0,11.0,3.0,2116.0,137.0,62.0,66.0,26.0,43.0,2.0,19.0,11.0,6.0,1.0,1.0,0.0,3.0,2.0,0.0,3.0,19.0,9.0,12.0,2.0,88.0,0.0,0.0,89384100.0,97136300.0,
04,08,14.86,11462,54190,41193,19106,18476,630,44878,9726,7855,2204,752.4915937117574,36.5,8.1,68.0,0.0,0.0,0.0,3.0,3.0,0.0,3.0,2204000.0,0.0,0.0,0.0,0.0,4034.0,138.0,1014.0,925.0,471.0,,,123.76,0.0,0.0,3,0,0.0,0,0,0.0,2098.0,483.0,3472.0,3.0,0.0,0.0,3.0,0.0,0.0,0.0,1.0,10.0,3.0,0.0,0.0,4.0,168.0,37.0,10.0,16.0,3.0,4.0,0.0,4.0,3.0,1.0,0.0,0.0,0.0,1.0,0.0,0.0,2.0,5.0,5.0,4.0,0.0,16.0,1.0,6.0,2161000.0,2000500.0,
04,09,27.369999999999997,19878,90408,73285,32852,32514,338,71056,8848,8466,1628,781.9805569152118,36.4,8.6,137.0,0.0,0.0,0.0,3.0,3.0,0.0,3.0,2117346.0,0.0,0.0,0.0,0.0,6162.0,164.0,1852.0,796.0,0.0,,,101.75,0.0,0.0,3,3,0.0,0,0,0.0,5508.0,20.0,3635.0,0.0,0.0,0.0,3.0,0.0,3.0,0.0,6.0,3.0,3.0,0.0,0.0,5.0,1448.0,44.0,17.0,14.0,8.0,11.0,0.0,6.0,2.0,2.0,0.0,0.0,1.0,,0.0,0.0,1.0,10.0,7.0,7.0,0.0,31.0,9.0,4.0,4735600.0,4180600.0,
04,10,15.74,9697,41245,31124,15385,15154,231,33745,4413,2417,2502,603.5370916587377,36.7,5.2,347.0,0.0,0.0,0.0,0.0,3.0,0.0,3.0,0.0,0.0,0.0,0.0,0.0,6235.0,96.0,1884.0,110.0,0.0,,,39.69,0.0,0.0,3,0,0.0,0,3,0.0,6968.0,147.0,1362.0,3.0,0.0,3.0,3.0,0.0,3.0,0.0,2.0,0.0,0.0,0.0,0.0,2.0,120.0,23.0,5.0,10.0,2.0,11.0,0.0,3.0,2.0,2.0,0.0,0.0,1.0,1.0,0.0,0.0,1.0,4.0,2.0,2.0,0.0,10.0,23.0,242.0,1733100.0,1625300.0,
04,11,3.5,1894,7485,6021,3695,3468,227,5196,1498,294,1756,787.5127102017938,36.7,5.2,525.0,0.0,0.0,0.0,0.0,0.0,0.0,3.0,0.0,0.0,0.0,0.0,0.0,465.0,35.0,5.0,43.0,20.0,,,40.0,0.0,0.0,3,0,0.0,0,0,0.0,0.0,0.0,300.0,0.0,0.0,0.0,3.0,0.0,0.0,3.0,1.0,1.0,0.0,0.0,0.0,0.0,110.0,5.0,2.0,3.0,1.0,4.0,0.0,1.0,1.0,1.0,0.0,0.0,0.0,0.0,0.0,0.0,0.0,1.0,1.0,1.0,0.0,4.0,0.0,0.0,505800.0,402600.0,
04,12,17.92,7081,27046,20702,10793,10543,250,22196,6192,4281,3738,591.7786088289132,36.5,8.1,55.0,0.0,0.0,0.0,3.0,3.0,0.0,3.0,20000000000.0,0.0,0.0,0.0,0.0,2857.0,38.0,753.0,1000.0,0.0,,,70.09,0.0,0.0,3,0,0.0,0,0,0.0,4150.0,270.0,333.0,0.0,0.0,0.0,3.0,0.0,3.0,0.0,3.0,2.0,0.0,0.0,0.0,0.0,180.0,23.0,10.0,10.0,3.0,9.0,0.0,2.0,1.0,0.0,0.0,0.0,0.0,1.0,0.0,0.0,2.0,2.0,3.0,1.0,0.0,8.0,28.0,227.0,6556500.0,833900.0,
04,13,35.52,36633,176053,142046,57188,56793,395,148534,18795,18871,2119,752.4915937117574,36.4,8.6,100.0,0.0,0.0,0.0,3.0,3.0,0.0,3.0,2100000.0,0.0,0.0,0.0,0.0,14669.0,378.0,4675.0,13686.0,140.0,,,377.95,0.0,0.0,3,0,0.0,0,0,0.0,8381.0,3258.0,8447.0,3.0,3.0,3.0,3.0,0.0,3.0,0.0,6.0,3.0,4.0,1.0,0.0,3.0,552.0,102.0,36.0,39.0,15.0,13.0,1.0,10.0,5.0,3.0,0.0,0.0,0.0,,0.0,0.0,4.0,13.0,15.0,12.0,0.0,27.0,1.0,5.0,5049400.0,4721000.0,
04,14,18.240000000000002,8999,42488,36175,16806,16536,270,32032,5879,3084,1137,777.9351268647201,36.8,5.5,240.0,0.0,0.0,0.0,3.0,0.0,0.0,3.0,50000.0,0.0,0.0,0.0,0.0,5946.0,114.0,1354.0,653.0,0.0,,,74.03,0.0,0.0,3,0,0.0,0,0,0.0,3262.0,1159.0,1446.0,0.0,0.0,0.0,3.0,0.0,0.0,3.0,3.0,0.0,3.0,0.0,0.0,2.0,181.0,18.0,7.0,13.0,4.0,5.0,0.0,4.0,2.0,3.0,0.0,0.0,1.0,3.0,0.0,0.0,2.0,4.0,4.0,5.0,0.0,11.0,2.0,0.0,2925600.0,3068300.0,
04,15,69.64,25974,115982,92729,41724,41557,167,91308,6917,8425,1321,1070.4934298563123,36.8,5.5,308.0,0.0,0.0,0.0,3.0,3.0,0.0,3.0,60000.0,0.0,0.0,0.0,0.0,7457.0,140.0,3270.0,695.0,13.0,,,198.9,0.0,0.0,3,0,0.0,0,0,0.0,7072.0,222.0,2700.0,3.0,0.0,0.0,3.0,0.0,3.0,0.0,5.0,1.0,1.0,0.0,0.0,3.0,473.0,38.0,9.0,19.0,4.0,9.0,1.0,5.0,3.0,2.0,0.0,1.0,1.0,1.0,0.0,0.0,1.0,7.0,8.0,5.0,0.0,24.0,5.0,0.0,8350400.0,5276600.0,
04,16,30.15,13376,56544,47084,20850,20555,295,44839,11209,4811,750,591.7786088289132,36.8,5.5,332.0,0.0,0.0,0.0,3.0,3.0,0.0,3.0,230000.0,0.0,0.0,0.0,0.0,6445.0,446.0,2335.0,1586.0,2.0,,,77.37,0.0,0.0,3,3,0.0,0,0,0.0,7062.0,3.0,2860.0,3.0,0.0,0.0,3.0,0.0,3.0,0.0,1.0,0.0,3.0,0.0,0.0,4.0,236.0,32.0,6.0,15.0,9.0,8.0,0.0,6.0,2.0,1.0,0.0,0.0,0.0,1.0,2.0,0.0,1.0,6.0,2.0,6.0,0.0,18.0,1.0,0.0,7394100.0,5085700.0,
04,17,41.55,35828,159358,129356,56923,56572,351,126657,13859,11661,6571,787.5127102017938,36.8,5.5,443.0,0.0,0.0,0.0,3.0,3.0,0.0,3.0,18017000.0,34094700.0,0.0,0.0,0.0,7920.0,119.0,3585.0,1551.0,1.0,,,279.78000000000003,0.0,0.0,3,0,0.0,0,0,0.0,7713.0,2574.0,2757.0,3.0,0.0,0.0,3.0,0.0,3.0,0.0,10.0,7.0,0.0,0.0,3.0,1.0,1907.0,64.0,17.0,40.0,6.0,25.0,1.0,8.0,4.0,4.0,1.0,0.0,2.0,5.0,0.0,0.0,2.0,11.0,9.0,4.0,0.0,20.0,2.0,0.0,7325400.0,2723700.0,
04,18,87.28,30136,136531,107794,53208,50945,2263,105466,13052,8232,1526,962.9203956741354,36.8,5.5,491.0,0.0,0.0,0.0,0.0,3.0,0.0,3.0,0.0,0.0,0.0,0.0,0.0,14344.0,1614.0,7426.0,1361.0,41.0,,,159.8,0.0,0.0,3,0,0.0,0,0,0.0,5160.0,4338.0,6613.0,3.0,3.0,0.0,3.0,0.0,3.0,0.0,5.0,2.0,1.0,0.0,6.0,1.0,452.0,73.0,27.0,32.0,7.0,16.0,0.0,7.0,2.0,4.0,0.0,0.0,1.0,1.0,0.0,0.0,1.0,12.0,14.0,10.0,0.0,26.0,3.0,2.0,5585500.0,5740700.0,
04,19,36.989999999999995,14781,57406,42220,22135,21858,277,48331,12762,2078,22511,1105.1113790186125,37.3,8.2,181.0,0.0,0.0,0.0,3.0,0.0,0.0,3.0,16496000.0,46300.0,0.0,0.0,0.0,4792.0,61.0,1394.0,662.0,13.0,,,215.55,0.0,0.0,3,3,0.0,0,0,0.0,1924.0,1015.0,3435.0,3.0,0.0,0.0,3.0,0.0,3.0,0.0,5.0,1.0,1.0,0.0,0.0,0.0,346.0,49.0,10.0,14.0,7.0,7.0,0.0,5.0,2.0,2.0,0.0,0.0,1.0,0.0,0.0,0.0,2.0,5.0,5.0,3.0,0.0,12.0,2.0,7.0,3819900.0,2805500.0,
04,20,17.79,7274,29006,23908,10895,10727,168,23591,6143,1323,11618,895.338027413297,37.3,8.2,277.0,0.0,0.0,0.0,3.0,0.0,0.0,0.0,840000.0,0.0,0.0,0.0,0.0,2054.0,4.0,375.0,265.0,8.0,,,80.3,0.0,0.0,3,0,0.0,0,0,0.0,1991.0,2791.0,3708.0,3.0,0.0,0.0,3.0,0.0,0.0,0.0,2.0,0.0,1.0,0.0,0.0,2.0,152.0,37.0,7.0,12.0,4.0,4.0,0.0,2.0,0.0,0.0,0.0,0.0,0.0,1.0,1.0,10.0,0.0,2.0,2.0,1.0,0.0,6.0,2.0,5.0,1715200.0,1821300.0,
04,21,12.190000000000001,10722,53261,46712,16833,16767,66,43548,8910,9410,124,1087.32469365526,37.3,8.2,313.0,0.0,0.0,0.0,3.0,3.0,3.0,3.0,684320.0,0.0,0.0,0.0,0.0,9205.0,216.0,3051.0,1466.0,0.0,,,53.31,0.0,0.0,3,3,0.0,0,0,0.0,2100.0,1174.0,1790.0,3.0,0.0,0.0,3.0,0.0,0.0,0.0,3.0,0.0,2.0,0.0,0.0,2.0,111.0,34.0,7.0,10.0,7.0,7.0,0.0,3.0,1.0,2.0,0.0,0.0,1.0,0.0,0.0,0.0,1.0,4.0,2.0,2.0,1.0,4.0,0.0,33.0,1609300.0,1744800.0,
04,22,8.75,5638,29359,25042,9657,9390,267,24481,5376,3316,48,1232.6764257278526,37.3,8.2,392.0,0.0,0.0,0.0,3.0,0.0,3.0,3.0,900000.0,0.0,0.0,0.0,0.0,2869.0,61.0,706.0,1345.0,3.0,,,64.35,0.0,0.0,3,0,0.0,0,0,0.0,3200.0,0.0,1325.0,0.0,0.0,0.0,3.0,0.0,3.0,0.0,1.0,0.0,1.0,1.0,0.0,0.0,40.0,30.0,12.0,5.0,3.0,4.0,0.0,2.0,1.0,1.0,0.0,0.0,0.0,1.0,0.0,0.0,0.0,2.0,1.0,1.0,0.0,6.0,16.0,1.0,1980300.0,1900200.0,
04,23,16.08,20923,103796,86423,35089,34329,760,84135,5218,12505,147,1142.9037676997723,37.3,8.2,343.0,0.0,0.0,0.0,3.0,0.0,3.0,0.0,193375.0,0.0,0.0,0.0,0.0,409.0,2.0,150.0,6130.0,20.0,,,75.24000000000001,0.0,0.0,3,0,0.0,0,0,0.0,6039.0,6370.0,1005.0,0.0,3.0,3.0,3.0,0.0,0.0,0.0,5.0,0.0,1.0,0.0,4.0,0.0,818.0,33.0,10.0,20.0,6.0,9.0,1.0,4.0,2.0,2.0,1.0,1.0,1.0,1.0,0.0,0.0,1.0,4.0,5.0,6.0,0.0,15.0,1.0,5.0,5842400.0,6981000.0,
05,01,196.90999999999997,182711,1143858,845789,331063,329487,1576,1045638,41910,137005,4084,752.4915937117574,46.0,5.0,0.0,0.0,0.0,0.0,3.0,3.0,0.0,3.0,25979060.0,0.0,0.0,0.0,0.0,82140.0,4414.0,20293.0,22074.0,1046.0,5190.0,384.0,5574.0,0.0,3.0,3,3,0.0,0,3,0.0,35446.0,27669.0,14981.0,3.0,0.0,3.0,3.0,3.0,0.0,0.0,23.0,47.0,12.0,5.0,5.0,4.0,3820.0,209.0,231.0,79.0,12.0,40.0,2.0,35.0,32.0,10.0,4.0,1.0,2.0,46.0,3.0,37.0,5.0,25.0,14.0,41.0,0.0,40.0,32.0,35.0,65650700.0,38527000.0,
05,02,101.35000000000001,35094,238412,152747,70985,70013,972,225233,15137,32271,58,1087.32469365526,44.5,4.7,47.0,0.0,0.0,0.0,3.0,3.0,0.0,3.0,1784720.0,0.0,0.0,0.0,0.0,14975.0,1627.0,5181.0,470.0,1943.0,117.0,66.0,183.0,0.0,3.0,3,0,0.0,0,0,0.0,13892.0,5357.0,2489.0,3.0,0.0,0.0,3.0,0.0,0.0,0.0,7.0,5.0,3.0,4.0,0.0,3.0,232.0,103.0,48.0,24.0,4.0,22.0,0.0,15.0,13.0,3.0,0.0,0.0,1.0,125.0,0.0,0.0,0.0,5.0,3.0,18.0,0.0,20.0,12.0,272.0,9176400.0,9073000.0,
05,03,104.26,34805,264141,172547,73303,71967,1336,253002,27083,30658,1337,1585.60941288329,44.0,5.0,45.0,0.0,0.0,0.0,3.0,3.0,3.0,3.0,5670900.0,0.0,0.0,0.0,0.0,12771.0,1426.0,4216.0,2322.0,394.0,63.0,91.0,154.0,0.0,3.0,3,3,0.0,0,3,0.0,4971.0,24160.0,53.0,3.0,3.0,3.0,3.0,0.0,0.0,0.0,9.0,1.0,5.0,7.0,7.0,4.0,863.0,125.0,67.0,36.0,6.0,15.0,1.0,18.0,16.0,9.0,0.0,0.0,2.0,7.0,0.0,4.0,2.0,12.0,11.0,10.0,0.0,32.0,31.0,128.0,6591400.0,6350800.0,
05,04,82.99000000000001,34250,236628,152650,67569,66517,1052,226627,22551,27002,1862,1585.60941288329,47.0,5.0,114.0,0.0,0.0,0.0,3.0,0.0,3.0,3.0,600000.0,0.0,0.0,4665000.0,0.0,21821.0,1434.0,6905.0,2983.0,265.0,94.0,84.0,178.0,0.0,0.0,3,3,0.0,0,3,0.0,2671.0,8020.0,1731.0,3.0,0.0,0.0,3.0,0.0,0.0,0.0,5.0,2.0,4.0,7.0,4.0,4.0,367.0,49.0,50.0,21.0,7.0,7.0,0.0,13.0,12.0,4.0,0.0,0.0,1.0,61.0,0.0,0.0,1.0,12.0,1.0,11.0,0.0,34.0,12.0,16.0,8946100.0,4532300.0,
05,05,63.0,14732,94497,61141,27997,27221,776,90055,15979,16419,73,781.9805569152118,47.0,4.8,128.0,0.0,0.0,0.0,3.0,3.0,3.0,3.0,0.0,0.0,0.0,599065.0,0.0,5191.0,246.0,11472.0,2318.0,289.0,39.0,41.0,80.0,0.0,0.0,3,3,0.0,0,3,0.0,1367.0,4818.0,92.0,3.0,0.0,0.0,3.0,0.0,0.0,0.0,5.0,0.0,3.0,5.0,1.0,2.0,118.0,44.0,25.0,16.0,4.0,12.0,0.0,7.0,4.0,4.0,0.0,0.0,0.0,17.0,0.0,0.0,2.0,5.0,7.0,8.0,0.0,17.0,8.0,25.0,1757800.0,2191800.0,
05,06,43.7,9955,60896,36075,18802,18256,546,55668,5860,11036,56,1105.1113790186125,45.7,5.0,48.0,0.0,0.0,0.0,3.0,0.0,3.0,3.0,125000.0,0.0,0.0,0.0,0.0,1813.0,183.0,0.0,400.0,0.0,17.0,51.0,68.0,0.0,0.0,3,0,0.0,0,3,0.0,0.0,3863.0,927.0,3.0,0.0,0.0,0.0,0.0,0.0,0.0,2.0,1.0,2.0,1.0,0.0,0.0,60.0,23.0,12.0,6.0,0.0,2.0,0.0,7.0,1.0,0.0,0.0,0.0,0.0,1.0,0.0,0.0,0.0,3.0,2.0,0.0,0.0,7.0,4.0,15.0,2521500.0,2338500.0,
05,07,64.77,42257,291372,206188,84342,82876,1466,271553,14207,43256,386,752.4915937117574,45.7,6.0,96.0,0.0,0.0,0.0,3.0,3.0,3.0,3.0,0.0,0.0,0.0,150000.0,25424000.0,17063.0,2487.0,6364.0,376.0,1300.0,118.0,85.0,203.0,0.0,0.0,3,3,0.0,0,3,0.0,23655.0,8753.0,1500.0,3.0,0.0,3.0,3.0,0.0,0.0,0.0,4.0,13.0,7.0,2.0,0.0,2.0,938.0,108.0,74.0,27.0,5.0,12.0,1.0,11.0,11.0,9.0,1.0,1.0,1.0,11.0,0.0,0.0,2.0,7.0,3.0,8.0,0.0,43.0,31.0,4.0,15043500.0,18401100.0,
05,08,25.119999999999997,11155,76333,49509,21681,21477,204,72875,9855,10174,45,1002.6460320601623,47.0,5.0,105.0,0.0,0.0,0.0,3.0,3.0,0.0,3.0,300000.0,0.0,0.0,0.0,90000.0,1103.0,160.0,1894.0,171.0,267.0,39.0,42.0,81.0,15.0,0.0,3,3,0.0,0,3,0.0,4827.0,2941.0,1912.0,3.0,0.0,3.0,3.0,3.0,0.0,0.0,2.0,26.0,2.0,2.0,0.0,1.0,192.0,37.0,10.0,11.0,1.0,6.0,0.0,7.0,7.0,5.0,0.0,0.0,0.0,2.0,0.0,0.0,1.0,6.0,2.0,4.0,0.0,13.0,4.0,35.0,1782700.0,3145300.0,
05,09,63.6,27850,189807,113517,55403,54913,490,178953,15995,24089,286,1105.1113790186125,45.4,5.6,35.0,0.0,0.0,0.0,3.0,3.0,3.0,3.0,2191000.0,0.0,0.0,0.0,0.0,16640.0,1161.0,1638.0,178.0,216.0,102.0,131.0,233.0,0.0,0.0,3,3,3.0,0,3,0.0,10678.0,3863.0,135.0,3.0,0.0,3.0,3.0,0.0,0.0,0.0,5.0,0.0,3.0,5.0,15.0,1.0,587.0,105.0,59.0,23.0,4.0,10.0,0.0,19.0,14.0,2.0,0.0,0.0,1.0,32.0,0.0,0.0,2.0,6.0,4.0,10.0,0.0,30.0,8.0,1.0,5774800.0,6141600.0,
05,10,26.02,13195,93276,57805,26614,26225,389,88891,9837,7158,966,777.9351268647201,40.0,5.0,130.0,0.0,0.0,0.0,3.0,0.0,0.0,3.0,2000000.0,0.0,0.0,0.0,0.0,3937.0,538.0,2725.0,561.0,57.0,35.0,49.0,84.0,0.0,0.0,3,3,0.0,3,0,0.0,1927.0,9957.0,1715.0,3.0,3.0,0.0,3.0,0.0,0.0,0.0,2.0,3.0,1.0,2.0,1.0,0.0,77.0,50.0,18.0,15.0,4.0,6.0,0.0,10.0,10.0,5.0,0.0,0.0,0.0,3.0,0.0,0.0,1.0,7.0,2.0,6.0,0.0,18.0,6.0,52.0,2310700.0,3514500.0,
05,11,49.93,11921,77244,39871,23503,23140,363,73363,12459,9823,340,1070.4934298563123,45.0,5.0,140.0,0.0,0.0,0.0,3.0,3.0,0.0,3.0,500000.0,0.0,0.0,0.0,0.0,4239.0,335.0,190.0,1333.0,62.0,53.0,65.0,118.0,0.0,0.0,3,0,0.0,3,3,3.0,3159.0,1063.0,0.0,3.0,0.0,0.0,3.0,0.0,0.0,3.0,4.0,0.0,4.0,3.0,0.0,1.0,116.0,35.0,15.0,11.0,2.0,5.0,0.0,2.0,2.0,1.0,0.0,0.0,0.0,4.0,0.0,0.0,1.0,8.0,2.0,2.0,0.0,11.0,9.0,3.0,2055100.0,3233600.0,
05,12,89.57000000000001,34351,190935,106609,65465,63569,1896,169903,13269,17821,371,895.338027413297,47.8,3.33,224.0,0.0,0.0,0.0,3.0,3.0,3.0,3.0,980000.0,0.0,0.0,595460.0,0.0,6857.0,335.0,3763.0,71.0,0.0,77.0,140.0,217.0,10.0,0.0,3,3,0.0,0,3,0.0,6542.0,6765.0,416.0,3.0,3.0,0.0,3.0,0.0,0.0,0.0,4.0,2.0,4.0,5.0,2.0,3.0,417.0,80.0,39.0,19.0,1.0,5.0,0.0,12.0,10.0,6.0,0.0,0.0,0.0,37.0,0.0,30.0,2.0,14.0,6.0,4.0,0.0,30.0,18.0,6.0,4488800.0,6174700.0,
05,13,59.34,24814,140955,83393,43758,43090,668,129601,17679,12198,33,1070.4934298563123,43.4,4.9,162.0,0.0,0.0,0.0,3.0,3.0,0.0,3.0,255000.0,0.0,0.0,0.0,0.0,72837.0,260.0,2685.0,857.0,1.0,75.0,67.0,142.0,0.0,0.0,3,3,0.0,0,3,0.0,8438.0,2847.0,1217.0,3.0,0.0,3.0,3.0,0.0,0.0,0.0,8.0,0.0,1.0,5.0,3.0,3.0,492.0,55.0,27.0,12.0,3.0,3.0,0.0,10.0,7.0,3.0,0.0,0.0,0.0,1.0,0.0,0.0,0.0,10.0,5.0,4.0,0.0,27.0,19.0,3.0,4128400.0,2356600.0,
05,14,46.89,19227,108861,61298,33813,33296,517,99695,17791,12679,49,962.9203956741354,45.4,3.5,120.0,0.0,0.0,0.0,3.0,3.0,0.0,3.0,1530000.0,0.0,0.0,0.0,0.0,5649.0,482.0,2351.0,265.0,25.0,44.0,54.0,98.0,32.0,0.0,3,0,0.0,0,0,0.0,5478.0,5746.0,0.0,3.0,0.0,0.0,3.0,0.0,0.0,0.0,7.0,13.0,1.0,2.0,0.0,2.0,160.0,50.0,20.0,17.0,5.0,2.0,1.0,9.0,7.0,5.0,0.0,0.0,0.0,13.0,0.0,0.0,2.0,11.0,5.0,4.0,0.0,15.0,5.0,6.0,1632700.0,1768900.0,
05,15,55.36,35895,230140,164078,65892,65583,309,209073,8976,24707,178,578.1709643634019,37.0,5.0,82.0,0.0,0.0,0.0,3.0,0.0,0.0,3.0,5057730.0,0.0,0.0,0.0,0.0,23908.0,2291.0,5337.0,1151.0,82.0,137.0,64.0,201.0,0.0,3.0,3,0,0.0,0,0,0.0,24236.0,4524.0,451.0,3.0,0.0,0.0,3.0,0.0,0.0,0.0,4.0,86.0,0.0,2.0,3.0,1.0,247.0,80.0,28.0,18.0,6.0,7.0,1.0,18.0,17.0,2.0,1.0,1.0,1.0,12.0,0.0,0.0,1.0,16.0,4.0,8.0,0.0,69.0,4.0,76.0,12438700.0,12770700.0,
05,16,37.519999999999996,16856,115548,65216,34452,34121,331,108905,9493,24652,150,895.338027413297,41.7,5.6,20.0,0.0,0.0,0.0,3.0,3.0,3.0,3.0,600000.0,0.0,0.0,0.0,0.0,5173.0,472.0,2408.0,36.0,425.0,50.0,152.0,202.0,20.0,3.0,3,3,0.0,0,0,0.0,7599.0,1808.0,150.0,3.0,0.0,3.0,3.0,0.0,0.0,0.0,3.0,0.0,3.0,2.0,0.0,1.0,156.0,31.0,38.0,8.0,1.0,7.0,0.0,8.0,5.0,3.0,0.0,0.0,0.0,17.0,0.0,0.0,0.0,6.0,3.0,2.0,0.0,18.0,2.0,125.0,4828800.0,5974800.0,
05,17,38.12,21978,144285,85417,42336,42261,75,135366,13150,14941,269,962.9203956741354,43.8,6.1,112.0,0.0,0.0,0.0,3.0,3.0,0.0,3.0,5274000.0,0.0,0.0,0.0,0.0,14617.0,4084.0,1860.0,590.0,83.0,82.0,13.0,95.0,0.0,0.0,3,3,0.0,0,0,0.0,3829.0,280.0,63.0,3.0,0.0,0.0,3.0,0.0,0.0,0.0,4.0,38.0,1.0,2.0,1.0,1.0,297.0,45.0,25.0,14.0,4.0,4.0,1.0,6.0,6.0,2.0,0.0,0.0,1.0,2.0,0.0,0.0,2.0,9.0,4.0,9.0,0.0,23.0,11.0,13.0,1258400.0,2745900.0,
05,18,40.52,19060,110411,71426,33648,32753,895,101229,15409,19263,384,1105.1113790186125,43.2,4.5,118.0,0.0,0.0,0.0,0.0,3.0,3.0,3.0,915500.0,0.0,0.0,260000.0,0.0,12532.0,2440.0,1693.0,22.0,521.0,53.0,37.0,90.0,0.0,0.0,3,0,0.0,3,3,0.0,8377.0,3317.0,1414.0,3.0,3.0,3.0,3.0,0.0,0.0,3.0,3.0,0.0,6.0,4.0,8.0,4.0,220.0,52.0,38.0,22.0,3.0,6.0,0.0,5.0,4.0,2.0,0.0,0.0,1.0,10.0,0.0,0.0,2.0,8.0,5.0,5.0,0.0,29.0,9.0,29.0,20426800.0,20005400.0,
05,19,19.18,27918,180818,120105,48666,48245,421,169725,3518,23167,148,962.9203956741354,39.0,9.0,240.0,0.0,0.0,0.0,3.0,0.0,0.0,3.0,272000.0,0.0,0.0,0.0,0.0,93201.0,573.0,4461.0,8.0,3.0,1226.0,0.0,1226.0,0.0,0.0,3,0,0.0,0,0,0.0,12146.0,15296.0,0.0,3.0,0.0,0.0,3.0,0.0,0.0,0.0,1.0,1.0,1.0,1.0,1.0,0.0,915.0,37.0,63.0,10.0,5.0,32.0,1.0,1.0,2.0,1.0,1.0,1.0,0.0,1.0,0.0,0.0,1.0,6.0,1.0,5.0,0.0,65.0,0.0,,162000.0,79800.0,
05,20,25.24,15534,83591,47786,26815,25300,1515,75949,11377,9766,56,1187.4903728275765,40.3,4.0,185.0,0.0,0.0,0.0,3.0,3.0,0.0,3.0,900000.0,0.0,0.0,0.0,0.0,5416.0,376.0,2448.0,355.0,12.0,39.0,51.0,90.0,0.0,0.0,3,0,0.0,0,3,0.0,4383.0,1217.0,10.0,3.0,0.0,0.0,3.0,0.0,0.0,3.0,3.0,23.0,2.0,3.0,5.0,0.0,237.0,34.0,18.0,7.0,3.0,2.0,0.0,6.0,6.0,5.0,0.0,0.0,2.0,20.0,0.0,0.0,1.0,6.0,4.0,4.0,0.0,20.0,4.0,139.0,6776400.0,11258000.0,
05,21,105.02,29180,140475,78215,48108,47305,803,123573,15230,16891,203,921.3957654446707,44.9,5.0,210.0,0.0,0.0,0.0,3.0,3.0,3.0,3.0,75000.0,0.0,0.0,878000.0,0.0,7370.0,197.0,1178.0,810.0,6.0,92.0,86.0,178.0,0.0,0.0,3,0,0.0,0,3,0.0,3224.0,1005.0,339.0,3.0,3.0,0.0,3.0,3.0,0.0,0.0,5.0,1.0,5.0,5.0,0.0,2.0,334.0,35.0,33.0,14.0,4.0,4.0,1.0,19.0,18.0,3.0,0.0,0.0,0.0,14.0,0.0,0.0,1.0,8.0,6.0,5.0,0.0,22.0,4.0,10.0,4063600.0,6069000.0,
05,22,57.36,11843,62320,33246,22068,21310,758,54769,7671,8579,249,777.9351268647201,36.0,6.0,230.0,0.0,0.0,0.0,3.0,3.0,3.0,3.0,465000.0,0.0,0.0,0.0,0.0,2930.0,139.0,706.0,9.0,23.0,35.0,47.0,82.0,22.0,0.0,3,0,0.0,0,0,0.0,885.0,3438.0,310.0,3.0,0.0,0.0,3.0,0.0,0.0,0.0,3.0,1.0,3.0,2.0,0.0,1.0,42.0,35.0,18.0,11.0,2.0,0.0,0.0,14.0,12.0,3.0,0.0,0.0,2.0,34.0,0.0,0.0,0.0,7.0,2.0,1.0,0.0,15.0,2.0,11.0,3025100.0,1890900.0,
05,23,80.41,24729,129170,82966,41979,41447,532,116163,7807,13954,5591,895.338027413297,46.0,4.3,322.0,0.0,0.0,0.0,3.0,3.0,0.0,3.0,1050000.0,0.0,0.0,0.0,0.0,7465.0,493.0,2837.0,25.0,450.0,134.0,200.0,334.0,0.0,0.0,3,3,0.0,0,3,0.0,11269.0,4950.0,35.0,3.0,0.0,0.0,3.0,0.0,0.0,0.0,3.0,0.0,1.0,3.0,0.0,4.0,376.0,43.0,34.0,10.0,4.0,11.0,1.0,8.0,8.0,7.0,0.0,0.0,1.0,9.0,0.0,0.0,1.0,9.0,4.0,7.0,0.0,4.0,3.0,4.0,4091800.0,2144400.0,
05,24,35.85,27758,140974,93848,41875,41342,533,129744,5676,17860,2075,921.3957654446707,45.5,4.6,325.0,0.0,0.0,0.0,0.0,0.0,3.0,3.0,2454000.0,0.0,0.0,0.0,0.0,11835.0,914.0,1125.0,635.0,74.0,45.0,29.0,74.0,0.0,0.0,3,0,0.0,3,0,0.0,5650.0,6136.0,257.0,3.0,0.0,0.0,3.0,3.0,0.0,0.0,2.0,0.0,2.0,2.0,0.0,2.0,384.0,24.0,21.0,8.0,4.0,3.0,1.0,4.0,1.0,3.0,0.0,0.0,1.0,55.0,0.0,0.0,1.0,5.0,3.0,14.0,0.0,15.0,0.0,2.0,5315100.0,3183900.0,
05,25,12.46,8728,47742,28452,14874,14659,215,43930,5952,4231,19,1366.9254315304947,35.0,7.1,170.0,2.0,2.0,0.0,3.0,0.0,3.0,3.0,250000.0,0.0,0.0,0.0,0.0,3675.0,275.0,55.0,600.0,450.0,18.0,55.0,73.0,18.0,0.0,3,0,0.0,0,3,0.0,2750.0,1375.0,125.0,3.0,0.0,0.0,3.0,3.0,0.0,0.0,2.0,0.0,0.0,2.0,1.0,1.0,145.0,31.0,20.0,6.0,2.0,3.0,0.0,2.0,2.0,1.0,0.0,0.0,1.0,9.0,0.0,0.0,0.0,5.0,2.0,4.0,0.0,9.0,1.0,0.0,1792000.0,1392700.0,
05,26,175.13,71734,414255,268188,127930,123344,4586,379719,35840,57790,1422,921.3957654446707,43.0,4.0,105.0,0.0,0.0,0.0,3.0,3.0,0.0,3.0,5327500.0,0.0,0.0,0.0,0.0,24811.0,1395.0,5914.0,2663.0,369.0,214.0,292.0,506.0,0.0,0.0,3,0,0.0,0,3,0.0,14749.0,16766.0,232.0,3.0,0.0,0.0,3.0,0.0,0.0,0.0,16.0,42.0,7.0,8.0,8.0,2.0,606.0,194.0,98.0,47.0,14.0,17.0,1.0,34.0,24.0,13.0,0.0,0.0,2.0,7.0,0.0,0.0,3.0,19.0,14.0,23.0,0.0,53.0,17.0,25.0,25376700.0,27719200.0,
05,27,85.05000000000001,53840,317807,210876,94336,92887,1449,293748,21060,28267,1171,1232.6764257278526,44.2,4.6,199.0,0.0,0.0,0.0,3.0,3.0,0.0,3.0,24535000.0,0.0,0.0,0.0,0.0,11482.0,2661.0,2420.0,1485.0,0.0,156.0,170.0,326.0,0.0,0.0,3,0,0.0,0,0,0.0,8748.0,2431.0,505.0,3.0,3.0,3.0,3.0,0.0,0.0,0.0,10.0,33.0,1.0,15.0,23.0,4.0,1135.0,114.0,60.0,32.0,6.0,12.0,1.0,18.0,12.0,6.0,1.0,1.0,1.0,21.0,0.0,0.0,1.0,12.0,9.0,15.0,0.0,35.0,36.0,29.0,12626800.0,14140900.0,
05,28,8.59,3878,19544,14022,6479,5721,758,17158,2999,1232,1111,1585.60941288329,47.0,6.6,302.0,0.0,0.0,23.0,3.0,0.0,0.0,0.0,100000.0,0.0,10.0,0.0,0.0,810.0,40.0,300.0,1.0,16.0,4.0,6.0,10.0,75.0,0.0,3,0,0.0,0,3,0.0,2.0,1065.0,0.0,3.0,0.0,3.0,0.0,0.0,0.0,0.0,1.0,0.0,0.0,1.0,0.0,2.0,70.0,14.0,7.0,1.0,1.0,2.0,0.0,2.0,1.0,1.0,0.0,0.0,0.0,0.0,0.0,0.0,0.0,1.0,2.0,3.0,0.0,4.0,1.0,1.0,414700.0,96200.0,
05,29,18.05,13185,77749,52852,22792,22341,451,72209,12032,8874,3202,1105.1113790186125,47.5,4.0,295.0,0.0,0.0,0.0,3.0,3.0,0.0,3.0,9020000.0,0.0,0.0,0.0,0.0,2506.0,138.0,1010.0,493.0,0.0,39.0,49.0,88.0,0.0,0.0,3,3,0.0,3,0,0.0,4135.0,2971.0,35.0,3.0,0.0,0.0,3.0,0.0,0.0,0.0,5.0,7.0,1.0,4.0,0.0,2.0,408.0,35.0,22.0,11.0,2.0,8.0,1.0,5.0,2.0,0.0,0.0,0.0,1.0,7.0,0.0,0.0,0.0,7.0,4.0,4.0,0.0,15.0,6.0,1.0,16343800.0,16888600.0,
05,30,48.12,13853,75037,53871,24243,23027,1216,66672,11005,10202,5035,938.7802819646568,46.0,5.0,260.0,0.0,0.0,0.0,0.0,3.0,3.0,3.0,2629000.0,0.0,0.0,0.0,0.0,5896.0,264.0,1818.0,1052.0,13.0,31.0,44.0,75.0,3.0,0.0,3,0,0.0,0,0,0.0,1616.0,360.0,1015.0,0.0,3.0,3.0,3.0,0.0,0.0,0.0,4.0,0.0,2.0,3.0,1.0,4.0,157.0,33.0,19.0,8.0,4.0,5.0,1.0,7.0,3.0,4.0,0.0,0.0,0.0,0.0,0.0,0.0,2.0,5.0,5.0,3.0,0.0,13.0,3.0,5.0,5120400.0,5128500.0,
05,31,42.91,17000,103882,75833,30628,30114,514,94531,9181,10532,2717,895.338027413297,43.4,4.4,223.0,0.0,0.0,0.0,3.0,3.0,0.0,3.0,9207420.0,0.0,0.0,0.0,0.0,12167.0,785.0,904.0,3254.0,359.0,62.0,154.0,216.0,0.0,0.0,3,0,0.0,3,0,0.0,9686.0,841.0,0.0,3.0,0.0,0.0,3.0,0.0,0.0,0.0,3.0,9.0,2.0,2.0,2.0,0.0,371.0,24.0,30.0,11.0,1.0,8.0,0.0,4.0,2.0,2.0,0.0,0.0,1.0,1.0,0.0,0.0,1.0,8.0,4.0,8.0,0.0,14.0,4.0,62.0,5065200.0,5994500.0,
05,32,452.32,265995,1143316,780371,362145,355920,6315,1008807,111265,195159,50576,1187.4903728275765,55.0,2.08,275.0,0.0,0.0,0.0,3.0,3.0,3.0,3.0,21953000.0,1953500.0,3185000.0,0.0,0.0,115828.0,8206.0,6121.0,91995.0,113.0,837.0,370.0,1207.0,0.0,3.0,3,3,3.0,3,0,0.0,80768.0,10880.0,4195.0,3.0,0.0,3.0,3.0,3.0,0.0,0.0,27.0,150.0,46.0,0.0,16.0,1.0,3988.0,266.0,164.0,87.0,19.0,25.0,2.0,25.0,8.0,10.0,1.0,2.0,0.0,67.0,0.0,200.0,8.0,25.0,33.0,47.0,0.0,77.0,22.0,38.0,9173700.0,8841400.0,
05,33,183.77,57447,280650,183828,88894,85212,3682,255017,36108,44331,14577,895.338027413297,46.0,6.0,267.0,0.0,0.0,0.0,3.0,3.0,0.0,3.0,1099002.0,0.0,3968810.0,0.0,0.0,32571.0,751.0,4142.0,2338.0,22.0,189.0,141.0,330.0,0.0,0.0,3,3,0.0,0,3,0.0,18811.0,6485.0,122.0,3.0,0.0,3.0,3.0,3.0,0.0,0.0,14.0,122.0,9.0,4.0,1.0,1.0,414.0,80.0,57.0,24.0,5.0,6.0,0.0,6.0,2.0,2.0,0.0,0.0,0.0,6.0,0.0,0.0,7.0,14.0,35.0,15.0,0.0,16.0,7.0,23.0,932400.0,3260700.0,
05,34,297.35,88782,420039,280165,135588,132487,3101,377860,61765,64924,44910,1105.1113790186125,44.02,4.0,165.0,0.0,0.0,0.0,3.0,3.0,0.0,3.0,11973000.0,0.0,0.0,0.0,0.0,40979.0,2233.0,6058.0,5433.0,210.0,436.0,473.0,909.0,0.0,0.0,3,3,0.0,0,3,0.0,17992.0,8283.0,10403.0,3.0,0.0,3.0,3.0,0.0,0.0,0.0,20.0,11.0,10.0,8.0,8.0,3.0,826.0,77.0,66.0,31.0,2.0,6.0,1.0,17.0,7.0,6.0,0.0,0.0,0.0,14.0,1.0,0.0,7.0,13.0,14.0,9.0,0.0,43.0,6.0,31.0,8082300.0,10497800.0,
05,35,74.0,19014,107506,70211,32334,31693,641,98834,20916,15026,5913,603.5370916587377,47.65,2.9,200.0,0.0,0.0,0.0,3.0,3.0,0.0,3.0,3970688.0,0.0,0.0,76000.0,0.0,10678.0,415.0,2709.0,1043.0,395.0,65.0,84.0,149.0,0.0,0.0,3,3,0.0,3,0,0.0,3356.0,2460.0,500.0,3.0,3.0,0.0,3.0,0.0,0.0,0.0,7.0,49.0,5.0,4.0,1.0,2.0,235.0,48.0,37.0,20.0,5.0,5.0,1.0,13.0,8.0,4.0,0.0,0.0,1.0,17.0,1.0,20.0,1.0,3.0,7.0,6.0,0.0,33.0,18.0,91.0,2490700.0,2999600.0,
05,36,13.93,3924,26615,20579,7307,7078,229,24454,3455,1478,5244,938.7802819646568,36.0,6.0,325.0,4.0,5.0,0.0,0.0,3.0,3.0,0.0,500000.0,0.0,0.0,0.0,0.0,1463.0,145.0,720.0,7.0,0.0,10.0,21.0,31.0,80.0,0.0,3,0,0.0,0,0,0.0,2100.0,50.0,0.0,0.0,0.0,3.0,3.0,0.0,0.0,0.0,1.0,0.0,0.0,1.0,0.0,2.0,129.0,4.0,14.0,9.0,1.0,2.0,0.0,1.0,0.0,1.0,0.0,0.0,0.0,0.0,0.0,0.0,1.0,2.0,0.0,0.0,0.0,5.0,0.0,1.0,2563400.0,3562800.0,
05,37,51.44,7702,43547,33216,12431,12222,209,39858,6503,2957,19320,787.5127102017938,41.0,6.4,405.0,0.0,0.0,48.0,3.0,0.0,0.0,3.0,3100000.0,0.0,0.0,0.0,0.0,4168.0,246.0,1184.0,582.0,198.0,69.0,65.0,134.0,93.0,0.0,3,3,0.0,3,0,0.0,669.0,339.0,400.0,3.0,0.0,0.0,3.0,0.0,0.0,0.0,3.0,0.0,0.0,0.0,0.0,0.0,144.0,13.0,13.0,11.0,1.0,9.0,0.0,3.0,2.0,1.0,0.0,0.0,1.0,2.0,0.0,0.0,3.0,2.0,1.0,3.0,0.0,9.0,2.0,9.0,4549700.0,7293400.0,
05,38,278.69,119599,612315,484710,189205,183231,5974,541450,24783,38723,153820,752.4915937117574,42.0,3.6,266.0,0.0,0.0,0.0,3.0,3.0,0.0,3.0,23427750.0,3000.0,0.0,800800.0,0.0,22126.0,1243.0,9065.0,730.0,82.0,302.0,158.0,460.0,0.0,3.0,3,3,0.0,0,0,0.0,20982.0,9228.0,6180.0,3.0,3.0,0.0,3.0,0.0,0.0,0.0,13.0,23.0,1.0,6.0,1.0,1.0,5251.0,107.0,77.0,43.0,6.0,14.0,2.0,28.0,18.0,22.0,1.0,1.0,0.0,22.0,0.0,0.0,7.0,18.0,13.0,13.0,0.0,53.0,11.0,35.0,34920600.0,31767900.0,
05,39,161.8,141211,729504,561896,216116,213799,2317,633800,38840,43735,77346,603.5370916587377,45.8,5.0,425.0,0.0,0.0,0.0,3.0,3.0,0.0,3.0,12925000.0,0.0,0.0,0.0,0.0,98407.0,1128.0,4637.0,14466.0,10.0,600.0,149.0,749.0,0.0,3.0,3,3,0.0,0,3,0.0,96726.0,4322.0,2554.0,3.0,3.0,3.0,3.0,0.0,0.0,0.0,23.0,73.0,2.0,3.0,9.0,4.0,3305.0,122.0,162.0,82.0,10.0,11.0,1.0,28.0,13.0,14.0,2.0,0.0,3.0,5.0,0.0,0.0,3.0,16.0,23.0,19.0,0.0,71.0,4.0,273.0,7708200.0,5831500.0,
05,40,160.91,50969,237386,170182,76442,74518,1924,205973,40536,20783,56052,603.5370916587377,47.0,4.8,415.0,0.0,0.0,0.0,3.0,3.0,0.0,3.0,5986106.0,0.0,39000000.0,25000.0,0.0,20903.0,3934.0,1514.0,4688.0,1078.0,199.0,309.0,508.0,0.0,3.0,3,3,0.0,3,0,0.0,17060.0,2392.0,190.0,3.0,0.0,3.0,3.0,0.0,0.0,0.0,15.0,35.0,8.0,10.0,4.0,3.0,814.0,107.0,55.0,31.0,7.0,5.0,1.0,9.0,6.0,4.0,0.0,1.0,1.0,8.0,0.0,0.0,4.0,6.0,11.0,14.0,0.0,39.0,8.0,67.0,8958900.0,5156300.0,
05,41,51.07,15825,82545,47122,27004,26878,126,75274,8309,9908,182,962.9203956741354,46.0,4.5,393.0,30.0,0.0,0.0,3.0,3.0,0.0,3.0,1250000.0,0.0,0.0,0.0,0.0,4471.0,1392.0,986.0,1282.0,82.0,71.0,98.0,169.0,50.0,0.0,3,0,0.0,0,0,0.0,1124.0,3364.0,1250.0,3.0,0.0,0.0,3.0,0.0,0.0,0.0,3.0,1.0,2.0,3.0,0.0,1.0,137.0,31.0,15.0,10.0,1.0,5.0,0.0,4.0,2.0,2.0,0.0,0.0,1.0,8.0,0.0,0.0,0.0,5.0,0.0,3.0,0.0,14.0,22.0,8.0,4795200.0,5568800.0,
05,42,69.75,16968,80216,39652,27295,27161,134,71985,7767,11043,1389,962.9203956741354,42.0,4.4,360.0,70.0,0.0,0.0,3.0,3.0,0.0,3.0,1350000.0,0.0,0.0,0.0,0.0,7311.0,120.0,1795.0,108.0,19.0,67.0,171.0,238.0,0.0,0.0,3,0,0.0,3,0,0.0,2214.0,1485.0,2.0,3.0,0.0,0.0,3.0,0.0,0.0,0.0,3.0,62.0,2.0,1.0,0.0,1.0,84.0,27.0,14.0,7.0,1.0,1.0,0.0,4.0,2.0,1.0,0.0,0.0,0.0,3.0,0.0,0.0,1.0,5.0,5.0,3.0,0.0,12.0,17.0,10.0,3071300.0,1309900.0,
06,01,191.37,49827,195942,184163,89615,86943,2672,167681,38081,8222,115,591.7786088289132,31.7,23.0,0.0,0.0,0.0,16.0,3.0,3.0,0.0,0.0,0.0,15475000.0,0.0,0.0,0.0,42850.0,1056.0,9872.0,10144.0,1472.0,61.769999999999996,29.83,375.03999999999996,0.0,3.0,3,0,0.0,0,0,3.0,42.0,0.0,11.0,0.0,0.0,0.0,3.0,3.0,3.0,3.0,7.0,2.0,22.0,25.0,0.0,27.0,1362.0,192.0,81.0,73.0,14.0,42.0,1.0,2.0,2.0,2.0,0.0,0.0,1.0,54.0,2.0,75.0,1.0,13.0,28.0,27.0,23.0,56.0,10.0,33.0,33099000.0,27653500.0,
06,02,193.29999999999998,52875,222560,180818,84876,82299,2575,177093,30178,5076,189,1322.5054879366223,31.9,24.0,18.0,0.0,0.0,0.0,3.0,3.0,0.0,0.0,0.0,16438000.0,0.0,0.0,0.0,44173.0,1288.0,9967.0,10629.0,1684.0,139.7,40.3,272.5,0.0,3.0,3,0,0.0,0,0,0.0,62.0,9.0,8.0,0.0,0.0,3.0,3.0,3.0,0.0,3.0,5.0,3.0,18.0,17.0,0.0,14.0,677.0,210.0,80.0,74.0,13.0,23.0,0.0,3.0,1.0,3.0,0.0,0.0,1.0,46.0,0.0,0.0,4.0,10.0,22.0,21.0,19.0,77.0,14.0,34.0,30747600.0,27460300.0,
07,01,404.19000000000005,108537,533317,374121,186917,183331,3586,443925,45993,50594,2188,578.1709643634019,40.2,6.0,292.0,0.0,0.0,0.0,3.0,3.0,0.0,3.0,34415403.0,7000.0,0.0,428000.0,3690000.0,102797.0,16363.0,11544.0,20280.0,7951.0,373.58,250.07,623.6500000000001,0.0,3.0,3,3,0.0,3,0,0.0,57577.0,187.0,471.0,0.0,0.0,3.0,3.0,3.0,0.0,0.0,12.0,42.0,12.0,10.0,22.0,3.0,1504.0,189.0,0.0,41.0,50.0,77.0,1.0,5.0,1.0,4.0,1.0,0.0,1.0,48.0,1.0,40.0,2.0,25.0,10.0,29.0,4.0,47.0,49.0,50.0,275547000.0,262782500.0,1.0
07,02,205.93,205588,1003124,767223,351665,343116,8549,832301,31172,71479,3669,752.4915937117574,45.0,7.8,240.0,0.0,0.0,0.0,3.0,3.0,3.0,3.0,489843000.0,0.0,5000000.0,390000.0,3575000.0,165784.0,14857.0,47271.0,26879.0,20731.0,885.1499999999999,232.14000000000004,1117.29,0.0,3.0,3,3,0.0,0,0,0.0,60133.0,8163.0,1085.0,0.0,0.0,3.0,3.0,0.0,0.0,0.0,36.0,76.0,12.0,12.0,7.0,9.0,1966.0,326.0,0.0,290.0,106.0,167.0,2.0,12.0,4.0,13.0,0.0,1.0,2.0,55.0,2.0,40.0,1.0,34.0,22.0,28.0,16.0,153.0,22.0,130.0,624927800.0,655863700.0,
07,03,353.75,66227,305927,219996,109593,104457,5136,253130,25169,38062,921,777.9351268647201,46.7,7.0,110.0,0.0,0.0,0.0,3.0,3.0,0.0,3.0,20850000.0,900000.0,0.0,2230000.0,390000.0,64272.0,3260.0,10904.0,15286.0,553.0,215.70999999999998,234.4,450.11,0.0,3.0,3,0,3.0,3,0,0.0,26135.0,2178.0,18.0,0.0,0.0,3.0,3.0,0.0,0.0,0.0,38.0,118.0,8.0,8.0,7.0,7.0,2168.0,111.0,0.0,40.0,33.0,49.0,1.0,5.0,1.0,4.0,0.0,0.0,1.0,42.0,1.0,50.0,1.0,15.0,7.0,19.0,15.0,68.0,26.0,108.0,80629600.0,76065300.0,
07,04,304.43,138288,671633,478906,236105,227877,8228,568735,40667,51128,2401,962.9203956741354,45.5,8.1,180.0,0.0,0.0,0.0,3.0,3.0,3.0,3.0,105382800.0,0.0,0.0,195000.0,930000.0,114496.0,8693.0,27515.0,22449.0,4816.0,518.2,230.10999999999999,748.31,0.0,3.0,3,0,0.0,3,0,0.0,36369.0,412.0,53.0,0.0,0.0,3.0,3.0,3.0,0.0,0.0,22.0,50.0,24.0,15.0,8.0,7.0,2217.0,296.0,0.0,73.0,49.0,55.0,1.0,8.0,4.0,6.0,0.0,1.0,1.0,554.0,1.0,90.0,4.0,28.0,22.0,30.0,5.0,107.0,583.0,1729.0,181042700.0,163387300.0,
07,05,269.78999999999996,43858,225254,161481,83842,79149,4693,185814,27346,18695,716,787.5127102017938,43.0,3.1,311.0,0.0,0.0,0.0,3.0,3.0,0.0,3.0,30319500.0,900000.0,750000.0,700000.0,6000000.0,50291.0,2483.0,10752.0,7723.0,4219.0,148.66,99.62,248.27999999999997,0.0,3.0,3,0,0.0,3,0,0.0,17431.0,188.0,282.0,0.0,0.0,3.0,3.0,0.0,0.0,0.0,12.0,32.0,9.0,11.0,5.0,5.0,932.0,87.0,0.0,32.0,25.0,40.0,1.0,2.0,1.0,3.0,0.0,0.0,0.0,17.0,0.0,0.0,1.0,17.0,5.0,16.0,8.0,54.0,624.0,94.0,61194100.0,59118300.0,
07,06,446.68999999999994,133811,659738,470694,225735,218100,7635,553641,55580,52519,1964,787.5127102017938,44.4,5.4,335.0,0.0,0.0,0.0,3.0,3.0,0.0,3.0,30585500.0,986900.0,0.0,15112610.0,5011800.0,122853.0,4076.0,29682.0,22735.0,3777.0,343.11,154.71,497.82000000000005,0.0,3.0,3,3,0.0,3,3,0.0,71995.0,1642.0,639.0,0.0,0.0,3.0,3.0,3.0,0.0,0.0,28.0,137.0,22.0,21.0,6.0,10.0,1855.0,192.0,0.0,76.0,66.0,110.0,1.0,13.0,2.0,11.0,0.0,0.0,2.0,97.0,0.0,0.0,2.0,32.0,5.0,25.0,15.0,133.0,88.0,77.0,154518100.0,148149300.0,1.0
07,07,340.04,76171,322776,226579,118975,116620,2355,268882,23964,44728,19952,752.4915937117574,46.0,1.4,302.0,0.0,0.0,0.0,3.0,3.0,0.0,3.0,93325000.0,0.0,150000.0,3200000.0,1965500.0,51925.0,1538.0,13074.0,10149.0,537.0,458.36,174.1,632.46,0.0,3.0,3,0,0.0,3,3,0.0,36597.0,1391.0,2040.0,0.0,0.0,3.0,3.0,3.0,0.0,0.0,25.0,29.0,4.0,9.0,5.0,4.0,1099.0,151.0,0.0,39.0,29.0,40.0,2.0,4.0,2.0,4.0,0.0,0.0,1.0,44.0,0.0,0.0,4.0,14.0,13.0,16.0,14.0,74.0,45.0,73.0,69609200.0,64548200.0,
07,08,99.68,41290,180512,122968,60406,59054,1352,159878,18173,25126,8078,752.4915937117574,45.3,5.0,120.0,0.0,0.0,0.0,3.0,3.0,0.0,3.0,13834000.0,0.0,0.0,50016400.0,0.0,31792.0,2078.0,7235.0,6111.0,536.0,137.52,64.98,202.5,0.0,3.0,3,0,0.0,0,0,0.0,13580.0,215.0,438.0,0.0,0.0,3.0,3.0,3.0,0.0,0.0,17.0,43.0,5.0,5.0,5.0,9.0,1347.0,50.0,0.0,22.0,18.0,31.0,1.0,2.0,1.0,2.0,0.0,0.0,0.0,9.0,0.0,0.0,0.0,10.0,6.0,9.0,3.0,36.0,11.0,20.0,53626500.0,54011000.0,
07,09,106.03999999999999,35357,156815,121594,53146,51109,2037,132022,20599,13824,5557,1105.1113790186125,48.0,6.1,37.0,0.0,0.0,0.0,3.0,3.0,0.0,3.0,6070000.0,0.0,0.0,6100000.0,0.0,36502.0,1870.0,6519.0,8944.0,2262.0,80.57,32.24,112.81,0.0,0.0,3,0,0.0,3,3,0.0,13727.0,670.0,3098.0,0.0,0.0,3.0,3.0,3.0,0.0,0.0,27.0,73.0,6.0,6.0,4.0,6.0,784.0,78.0,0.0,38.0,28.0,48.0,1.0,6.0,2.0,6.0,0.0,1.0,2.0,15.0,0.0,0.0,2.0,14.0,5.0,14.0,7.0,46.0,14.0,54.0,29908800.0,25385100.0,
07,10,233.69,121633,548012,419618,190722,181749,8973,455779,36777,62090,7433,962.9203956741354,44.4,6.2,19.0,0.0,0.0,0.0,3.0,3.0,0.0,3.0,46277800.0,0.0,0.0,24710000.0,2150000.0,98507.0,9701.0,29102.0,17806.0,2056.0,316.42,182.85,499.27000000000004,0.0,3.0,3,0,3.0,3,0,0.0,50821.0,2985.0,809.0,0.0,0.0,0.0,3.0,3.0,0.0,0.0,30.0,97.0,3.0,10.0,30.0,12.0,2461.0,178.0,0.0,87.0,66.0,115.0,1.0,12.0,6.0,11.0,0.0,0.0,3.0,26.0,2.0,91.0,6.0,33.0,14.0,33.0,13.0,115.0,24.0,154.0,143660100.0,149908700.0,
07,11,72.32,34418,141571,124333,46237,45690,547,120982,7752,24429,5027,1009.9396336386345,45.4,8.0,0.0,0.0,0.0,0.0,3.0,3.0,0.0,3.0,835000.0,0.0,72500000.0,0.0,427500000.0,34079.0,129.0,2088.0,7114.0,0.0,267.0,78.5,345.5,0.0,3.0,0,0,0.0,3,0,0.0,36928.0,20.0,34.0,0.0,0.0,0.0,3.0,3.0,0.0,0.0,3.0,14.0,2.0,2.0,4.0,2.0,187.0,61.0,0.0,29.0,18.0,77.0,0.0,1.0,1.0,2.0,0.0,0.0,0.0,6.0,0.0,0.0,3.0,1.0,8.0,2.0,0.0,25.0,2.0,31.0,291186300.0,301037200.0,
07,12,369.54,688606,3046229,2404613,1055281,1041884,13397,2531404,56893,423930,28407,895.338027413297,47.2,5.6,18.0,0.0,0.0,0.0,3.0,3.0,0.0,3.0,377115090.0,0.0,307000000.0,105000.0,1000000.0,546482.0,32602.0,128999.0,183378.0,539756.0,1269.78,319.23,1589.01,0.0,3.0,3,0,0.0,3,0,0.0,290697.0,925.0,1178.0,0.0,0.0,3.0,3.0,3.0,0.0,0.0,45.0,336.0,16.0,48.0,471.0,7.0,13463.0,1316.0,0.0,465.0,262.0,541.0,4.0,24.0,7.0,28.0,4.0,3.0,6.0,1032.0,3.0,309.0,3.0,62.0,22.0,32.0,29.0,552.0,32.0,694.0,1245126400.0,1294408900.0,
07,13,240.33,144367,670417,524440,226752,219958,6794,557873,53409,47850,14072,777.9351268647201,46.1,7.2,64.0,0.0,0.0,0.0,3.0,3.0,0.0,3.0,180359200.0,2700000.0,0.0,50000.0,735000.0,129757.0,8032.0,28286.0,24917.0,664.0,1039.48,364.53999999999996,1404.02,0.0,3.0,3,0,0.0,3,0,0.0,124840.0,1262.0,186.0,3.0,0.0,3.0,3.0,3.0,0.0,0.0,44.0,123.0,8.0,16.0,10.0,12.0,3525.0,253.0,0.0,92.0,104.0,158.0,2.0,17.0,9.0,16.0,1.0,3.0,3.0,75.0,0.0,0.0,2.0,43.0,17.0,40.0,27.0,137.0,622.0,329.0,183101500.0,170299400.0,
07,14,62.519999999999996,55690,262344,197697,90581,84526,6055,222959,27251,18201,41470,591.7786088289132,46.0,5.1,163.0,0.0,0.0,0.0,3.0,0.0,0.0,3.0,19914000.0,13500000.0,0.0,1750000.0,1000000.0,48711.0,3578.0,6990.0,10233.0,71.0,189.53000000000003,67.77000000000001,257.29999999999995,0.0,3.0,3,0,0.0,0,3,0.0,32691.0,150.0,690.0,0.0,0.0,3.0,3.0,3.0,0.0,0.0,12.0,69.0,1.0,9.0,17.0,7.0,1431.0,108.0,0.0,51.0,42.0,58.0,1.0,6.0,3.0,6.0,0.0,0.0,1.0,4.0,0.0,0.0,4.0,12.0,8.0,19.0,3.0,68.0,50.0,36.0,59748100.0,46110500.0,
07,15,138.25000000000003,253295,1142572,924112,401418,396541,4877,926646,47548,96742,64303,1187.4903728275765,44.4,6.5,120.0,0.0,0.0,0.0,3.0,3.0,0.0,3.0,153067992.0,909334.0,0.0,32635000.0,0.0,160260.0,6259.0,22608.0,32816.0,2263.0,1399.63,378.15,1777.78,0.0,3.0,3,0,0.0,3,0,0.0,54771.0,557.0,579.0,0.0,0.0,3.0,3.0,3.0,0.0,0.0,27.0,145.0,14.0,38.0,17.0,9.0,4591.0,383.0,0.0,358.0,163.0,190.0,3.0,8.0,3.0,6.0,1.0,1.0,1.0,46.0,1.0,20.0,7.0,31.0,21.0,33.0,7.0,236.0,18.0,298.0,603761500.0,664771000.0,
07,16,97.85000000000001,63598,278509,219853,99596,97580,2016,229232,27421,20478,44936,1009.9396336386345,44.4,6.7,175.0,0.0,0.0,0.0,3.0,3.0,0.0,3.0,94248950.0,0.0,0.0,925000.0,19540000.0,55729.0,4564.0,10466.0,12676.0,472.0,200.25,53.8,254.05,0.0,3.0,3,0,0.0,3,0,0.0,19167.0,1512.0,4590.0,0.0,0.0,0.0,3.0,3.0,0.0,0.0,10.0,58.0,6.0,11.0,16.0,1.0,1417.0,110.0,0.0,42.0,39.0,47.0,1.0,5.0,2.0,5.0,0.0,0.0,1.0,24.0,0.0,0.0,0.0,17.0,8.0,15.0,5.0,68.0,16.0,54.0,102043700.0,95662400.0,
07,17,121.09,314035,1432839,1087979,586000,580306,5694,1132121,28237,77285,120367,962.9203956741354,44.4,4.4,266.0,0.0,0.0,0.0,3.0,3.0,0.0,3.0,98590000.0,0.0,94500000.0,0.0,0.0,133670.0,50861.0,55181.0,15252.0,532.0,741.62,339.71000000000004,1081.33,0.0,3.0,3,0,0.0,3,3,0.0,142909.0,108.0,2539.0,0.0,0.0,0.0,3.0,3.0,0.0,0.0,69.0,1046.0,8.0,37.0,85.0,100.0,6080.0,399.0,0.0,58.0,69.0,70.0,2.0,6.0,3.0,6.0,1.0,1.0,2.0,3.0,1.0,40.0,4.0,44.0,27.0,49.0,5.0,196.0,256.0,305.0,830030800.0,734078000.0,
07,18,119.25,100936,456028,367405,177091,171404,5687,354764,53172,22980,117737,1009.9396336386345,45.2,5.0,317.0,0.0,0.0,0.0,3.0,3.0,0.0,3.0,43803700.0,0.0,7200000.0,1155000.0,1000000.0,97293.0,9613.0,18471.0,14565.0,495.0,397.56,204.76999999999998,602.33,0.0,3.0,3,3,0.0,3,3,0.0,57015.0,1035.0,2350.0,0.0,0.0,3.0,3.0,3.0,0.0,0.0,32.0,73.0,5.0,6.0,9.0,12.0,3117.0,149.0,5.0,48.0,45.0,84.0,1.0,12.0,5.0,7.0,0.0,0.0,2.0,23.0,0.0,0.0,4.0,24.0,13.0,32.0,8.0,124.0,21.0,56.0,98035100.0,82381600.0,
07,19,6.34,3222,13415,10494,4940,4811,129,10971,4435,824,9399,578.1709643634019,43.0,11.0,400.0,0.0,0.0,0.0,3.0,3.0,0.0,0.0,700000.0,0.0,0.0,0.0,0.0,2023.0,215.0,190.0,430.0,6.0,10.0,2.9,12.9,15.0,0.0,3,0,0.0,0,0,0.0,28.0,28.0,0.0,0.0,0.0,3.0,0.0,0.0,0.0,0.0,1.0,2.0,2.0,1.0,1.0,3.0,159.0,11.0,0.0,4.0,2.0,4.0,0.0,1.0,0.0,1.0,0.0,0.0,0.0,9.0,0.0,0.0,0.0,0.0,1.0,1.0,0.0,7.0,2.0,6.0,35600.0,40600.0,
08,01,85.28999999999999,75458,336069,273144,111993,111426,567,285001,24288,50768,0,787.5127102017938,43.8,3.3,8.0,0.0,0.0,0.0,3.0,3.0,0.0,3.0,10973467.0,4750000.0,0.0,10747380.0,227500.0,87383.0,2213.0,20093.0,13517.0,63.0,410.7,80.3,491.0,0.0,3.0,3,3,0.0,0,3,0.0,23647.0,30920.0,3075.0,3.0,3.0,3.0,3.0,3.0,3.0,3.0,11.0,10.0,4.0,10.0,0.0,2.0,650.0,102.0,82.0,71.0,29.0,9.0,2.0,11.0,8.0,8.0,0.0,0.0,0.0,0.0,2.0,110.0,2.0,13.0,18.0,11.0,17.0,96.0,20.0,38.0,81211700.0,71255500.0,
08,02,67.11,47055,232415,175419,76358,76287,71,200569,26903,33327,0,1232.6764257278526,,,84.0,0.0,0.0,0.0,3.0,0.0,0.0,3.0,2180250.0,1484000.0,0.0,1590725.0,0.0,49429.0,2426.0,12410.0,10798.0,466.0,246.2,69.3,315.5,0.0,3.0,3,0,0.0,0,3,0.0,10240.0,20150.0,1240.0,3.0,3.0,3.0,3.0,3.0,3.0,3.0,9.0,9.0,9.0,9.0,0.0,2.0,651.0,62.0,56.0,48.0,25.0,7.0,2.0,8.0,5.0,7.0,0.0,0.0,0.0,0.0,0.0,0.0,1.0,6.0,8.0,10.0,14.0,57.0,18.0,85.0,34357200.0,32612900.0,
08,03,53.28,24219,129519,98714,42072,41988,84,112062,10635,15747,0,591.7786088289132,,,74.0,0.0,0.0,0.0,3.0,0.0,3.0,3.0,1336500.0,227500.0,0.0,252500.0,0.0,25140.0,1213.0,8948.0,3332.0,310.0,64.1,10.4,74.5,0.0,3.0,3,0,0.0,3,0,3.0,7460.0,14912.0,3537.0,0.0,3.0,3.0,3.0,3.0,0.0,0.0,5.0,1.0,5.0,5.0,0.0,1.0,226.0,65.0,35.0,32.0,11.0,7.0,0.0,6.0,3.0,4.0,1.0,1.0,1.0,0.0,1.0,84.0,2.0,7.0,1.0,7.0,7.0,36.0,10.0,31.0,18369600.0,17702100.0,
08,04,28.79,18978,99059,64184,33718,33202,516,86919,10611,16503,0,1002.6460320601623,,,105.0,0.0,0.0,0.0,3.0,0.0,0.0,3.0,2252000.0,0.0,0.0,0.0,0.0,23296.0,1003.0,7955.0,1569.0,121.0,90.9,21.0,111.9,0.0,3.0,3,0,0.0,0,0,0.0,1580.0,7200.0,700.0,3.0,0.0,3.0,3.0,3.0,0.0,3.0,1.0,1.0,4.0,2.0,0.0,0.0,167.0,23.0,21.0,16.0,8.0,7.0,0.0,5.0,1.0,2.0,0.0,0.0,0.0,0.0,0.0,0.0,0.0,6.0,0.0,6.0,4.0,24.0,10.0,39.0,12496400.0,12331200.0,
08,05,43.660000000000004,35613,202289,150548,69689,68938,751,173594,14866,32482,0,1087.32469365526,44.1,3.8,112.0,0.0,0.0,0.0,3.0,0.0,0.0,3.0,3932000.0,0.0,0.0,0.0,0.0,42193.0,2355.0,11887.0,4767.0,921.0,149.1,30.3,179.39999999999998,0.0,3.0,3,0,0.0,0,3,0.0,19109.0,16137.0,5156.0,0.0,3.0,3.0,3.0,3.0,0.0,3.0,1.0,6.0,6.0,6.0,0.0,3.0,329.0,69.0,39.0,32.0,18.0,11.0,1.0,8.0,5.0,6.0,0.0,0.0,0.0,0.0,1.0,100.0,1.0,7.0,3.0,8.0,10.0,49.0,11.0,48.0,29874200.0,26915300.0,
08,06,27.310000000000002,39945,185601,132784,67832,67291,541,158513,7871,24549,0,752.4915937117574,,,162.0,0.0,0.0,0.0,3.0,0.0,0.0,3.0,29311031.0,20000.0,0.0,32900000.0,0.0,46204.0,3022.0,14130.0,2780.0,85.0,182.8,29.6,212.4,0.0,3.0,3,0,0.0,0,3,0.0,4439.0,4246.0,550.0,0.0,0.0,3.0,3.0,3.0,0.0,3.0,3.0,3.0,2.0,5.0,0.0,1.0,254.0,38.0,24.0,19.0,10.0,5.0,0.0,4.0,3.0,4.0,0.0,0.0,0.0,0.0,0.0,0.0,1.0,7.0,2.0,5.0,3.0,36.0,5.0,14.0,26925000.0,28699600.0,
08,07,39.010000000000005,31325,147738,110441,48813,48516,297,129212,8195,26212,0,1322.5054879366223,,,207.0,0.0,0.0,0.0,3.0,0.0,0.0,3.0,23780133.0,878668.0,0.0,900000.0,1100000.0,30707.0,1496.0,7401.0,6672.0,281.0,81.6,7.2,88.8,0.0,3.0,3,0,0.0,0,0,0.0,1354.0,4325.0,7128.0,0.0,0.0,3.0,3.0,3.0,0.0,3.0,1.0,4.0,3.0,3.0,0.0,1.0,173.0,43.0,48.0,36.0,15.0,7.0,2.0,4.0,3.0,2.0,0.0,0.0,0.0,0.0,1.0,40.0,0.0,7.0,4.0,9.0,6.0,33.0,11.0,38.0,17880800.0,15033500.0,
08,08,72.33,62130,321721,242457,105018,104443,575,280455,22201,57699,0,603.5370916587377,,,203.0,0.0,0.0,0.0,3.0,0.0,3.0,3.0,18590135950.0,182000.0,45727500.0,0.0,16689350.0,83035.0,3457.0,19822.0,8430.0,1754.0,198.1,49.1,247.2,0.0,3.0,3,0,0.0,0,0,0.0,22662.0,20067.0,11051.0,3.0,3.0,3.0,3.0,3.0,3.0,0.0,11.0,7.0,8.0,9.0,0.0,3.0,1642.0,124.0,82.0,66.0,27.0,14.0,4.0,17.0,12.0,16.0,2.0,0.0,0.0,0.0,1.0,100.0,1.0,16.0,8.0,12.0,13.0,70.0,26.0,55.0,43910400.0,42795200.0,
08,09,188.93,143339,585954,431051,215048,214015,1033,502465,13298,93347,0,1105.1113790186125,,,279.0,0.0,0.0,0.0,3.0,0.0,0.0,3.0,8045500.0,7571250.0,0.0,0.0,0.0,120299.0,8099.0,18021.0,15893.0,2536.0,901.9,82.6,984.5,0.0,3.0,3,0,0.0,0,0,3.0,46725.0,22810.0,3758.0,0.0,0.0,3.0,3.0,3.0,0.0,0.0,5.0,26.0,3.0,4.0,0.0,5.0,582.0,120.0,104.0,78.0,33.0,7.0,1.0,7.0,2.0,6.0,0.0,0.0,0.0,0.0,1.0,80.0,1.0,15.0,11.0,10.0,14.0,83.0,17.0,58.0,115947600.0,112623700.0,
08,10,74.2,40070,192227,147418,65278,64688,590,167426,30777,33522,0,1142.9037676997723,45.5,1.7,277.0,0.0,0.0,0.0,3.0,0.0,0.0,3.0,3010900.0,3005000.0,0.0,209200.0,4000.0,52924.0,3650.0,13195.0,4653.0,711.0,284.5,63.0,347.5,0.0,3.0,3,0,0.0,3,3,0.0,10842.0,16853.0,502.0,3.0,3.0,3.0,3.0,3.0,3.0,0.0,7.0,11.0,10.0,7.0,0.0,3.0,347.0,85.0,61.0,46.0,15.0,10.0,0.0,6.0,3.0,6.0,0.0,0.0,0.0,0.0,1.0,80.0,1.0,10.0,8.0,5.0,8.0,57.0,187.0,120.0,32581000.0,22155300.0,
08,11,30.28,14313,79190,60538,26645,25938,707,68555,7217,15753,0,1585.60941288329,,,317.0,0.0,0.0,0.0,3.0,0.0,0.0,3.0,514609.0,10000.0,0.0,0.0,0.0,13548.0,756.0,5373.0,1630.0,199.0,49.9,11.0,60.9,0.0,3.0,3,0,0.0,0,3,3.0,1791.0,6596.0,0.0,0.0,3.0,3.0,0.0,3.0,0.0,3.0,2.0,2.0,3.0,2.0,0.0,0.0,107.0,23.0,19.0,16.0,11.0,5.0,0.0,4.0,2.0,4.0,0.0,0.0,0.0,0.0,1.0,60.0,1.0,4.0,2.0,8.0,8.0,20.0,5.0,10.0,14274700.0,13606100.0,
08,12,24.28,12826,69351,50076,22286,21460,826,62358,11727,11248,0,962.9203956741354,45.4,1.6,325.0,0.0,0.0,0.0,3.0,3.0,0.0,3.0,669000.0,10000.0,0.0,1010000.0,3094000.0,11872.0,613.0,5198.0,2103.0,407.0,68.7,33.5,102.2,0.0,3.0,3,0,0.0,0,3,0.0,1591.0,1292.0,108.0,0.0,0.0,3.0,3.0,3.0,3.0,0.0,1.0,1.0,4.0,6.0,0.0,1.0,182.0,32.0,18.0,15.0,7.0,6.0,0.0,4.0,3.0,4.0,0.0,0.0,0.0,0.0,0.0,0.0,0.0,5.0,3.0,7.0,6.0,14.0,10.0,37.0,11318200.0,10455700.0,
08,13,51.44,30360,161565,109551,52132,51282,850,144436,17153,36519,0,1187.4903728275765,,,245.0,0.0,0.0,0.0,3.0,3.0,0.0,3.0,931250.0,105930700.0,12750000.0,0.0,150000.0,22031.0,816.0,5308.0,4647.0,566.0,143.3,28.0,171.3,0.0,3.0,3,0,0.0,0,3,0.0,25212.0,17767.0,5902.0,3.0,3.0,3.0,3.0,3.0,3.0,3.0,13.0,7.0,0.0,3.0,0.0,3.0,1688.0,57.0,28.0,25.0,17.0,13.0,0.0,6.0,4.0,5.0,0.0,1.0,0.0,0.0,1.0,100.0,2.0,7.0,4.0,6.0,6.0,46.0,12.0,30.0,23197300.0,23799100.0,
08,14,29.57,24070,136085,93874,44484,43795,689,121060,13657,21204,0,962.9203956741354,,,168.0,0.0,0.0,0.0,3.0,0.0,3.0,3.0,505000.0,24238100.0,0.0,0.0,2730000.0,21857.0,1640.0,8327.0,3941.0,216.0,94.19999999999999,20.0,114.19999999999999,0.0,3.0,3,0,0.0,3,3,0.0,9143.0,3757.0,4135.0,0.0,0.0,3.0,3.0,3.0,0.0,3.0,4.0,7.0,3.0,6.0,0.0,1.0,495.0,65.0,45.0,36.0,17.0,6.0,0.0,6.0,4.0,5.0,0.0,0.0,0.0,0.0,0.0,0.0,1.0,5.0,0.0,6.0,8.0,29.0,9.0,20.0,22635600.0,22251900.0,
08,15,81.87,60957,322078,227236,112264,110861,1403,277289,23070,67694,0,1232.6764257278526,46.7,3.0,155.0,0.0,0.0,0.0,3.0,0.0,0.0,3.0,107329750.0,249010000.0,7250000.0,55000.0,0.0,65446.0,3116.0,23147.0,7432.0,316.0,513.0,122.5,635.5,0.0,3.0,3,0,0.0,0,3,0.0,20678.0,30327.0,7809.0,3.0,3.0,3.0,3.0,3.0,3.0,0.0,14.0,9.0,7.0,10.0,0.0,6.0,1293.0,82.0,68.0,57.0,26.0,11.0,0.0,9.0,4.0,6.0,0.0,0.0,0.0,0.0,0.0,0.0,2.0,17.0,15.0,27.0,21.0,69.0,16.0,110.0,77786500.0,74261900.0,
08,16,69.38,29205,157977,106651,54702,54547,155,136498,9974,39082,0,1009.9396336386345,,,252.0,0.0,0.0,0.0,3.0,0.0,3.0,3.0,56397530.0,160450000.0,0.0,0.0,0.0,30641.0,1648.0,10121.0,3977.0,1566.0,48.5,12.4,60.9,0.0,3.0,3,0,0.0,0,3,0.0,7208.0,6125.0,1341.0,0.0,3.0,3.0,3.0,3.0,0.0,3.0,6.0,6.0,2.0,4.0,0.0,1.0,277.0,45.0,32.0,23.0,10.0,5.0,1.0,3.0,1.0,2.0,0.0,0.0,0.0,0.0,1.0,60.0,1.0,6.0,1.0,12.0,9.0,31.0,9.0,160.0,23007000.0,23495800.0,
09,01,20.740000000000002,6724,25378,21097,9728,9252,476,20161,13539,5412,1132,603.5370916587377,32.0,4.5,333.0,0.0,0.0,36.0,3.0,0.0,0.0,0.0,2000.0,4465703.0,0.0,0.0,864570.0,6062.0,75.0,2063.0,1512.0,14.0,74.91,15.15,90.06,0.0,3.0,3,0,0.0,0,3,0.0,3843.0,1408.0,0.0,3.0,3.0,3.0,3.0,0.0,0.0,0.0,8.0,6.0,0.0,2.0,1.0,1.0,372.0,25.0,10.0,10.0,2.0,12.0,0.0,2.0,1.0,0.0,0.0,0.0,0.0,0.0,1.0,22.0,1.0,2.0,2.0,4.0,4.0,15.0,0.0,11.0,10702400.0,9225900.0,
09,02,34.32,12638,50711,40767,16697,16334,363,42652,20801,8694,88,591.7786088289132,38.0,0.0,210.0,0.0,0.0,0.0,3.0,3.0,0.0,3.0,0.0,6158701.0,0.0,0.0,0.0,15882.0,209.0,5318.0,2486.0,49.0,100.0,10.52,110.52,0.0,3.0,3,0,0.0,0,0,0.0,4799.0,1970.0,91.0,0.0,3.0,3.0,3.0,3.0,3.0,0.0,11.0,3.0,2.0,8.0,0.0,5.0,705.0,43.0,33.0,27.0,9.0,27.0,0.0,6.0,2.0,1.0,0.0,0.0,0.0,3.0,2.0,57.0,3.0,4.0,6.0,8.0,9.0,41.0,4.0,17.0,15546300.0,13638600.0,
09,03,13.95,4937,19576,16946,7004,6646,358,15682,9418,3942,67,603.5370916587377,,,154.0,0.0,0.0,32.0,3.0,3.0,3.0,0.0,55760.0,821169.0,0.0,0.0,0.0,6020.0,178.0,2009.0,804.0,17.0,27.17,3.48,30.65,0.0,3.0,3,0,0.0,0,0,0.0,795.0,586.0,12.0,0.0,3.0,0.0,3.0,0.0,0.0,0.0,2.0,4.0,3.0,3.0,0.0,1.0,152.0,20.0,10.0,8.0,5.0,9.0,1.0,2.0,1.0,1.0,0.0,1.0,0.0,1.0,1.0,19.0,1.0,2.0,1.0,2.0,3.0,15.0,4.0,6.0,4221400.0,2667500.0,
09,04,39.230000000000004,6179,27409,21326,9608,9405,203,22664,12706,6467,14,777.9351268647201,,,225.0,0.0,0.0,6.0,3.0,3.0,0.0,3.0,1085520.0,100000.0,0.0,0.0,0.0,6979.0,511.0,2862.0,538.0,34.0,47.45,10.67,58.12,0.0,0.0,3,0,0.0,0,3,0.0,790.0,789.0,18.0,0.0,3.0,3.0,3.0,0.0,0.0,0.0,3.0,2.0,2.0,3.0,2.0,3.0,153.0,21.0,11.0,9.0,4.0,7.0,0.0,3.0,1.0,0.0,0.0,0.0,0.0,3.0,0.0,0.0,1.0,0.0,1.0,1.0,1.0,17.0,5.0,1.0,4070600.0,3575900.0,
09,05,17.43,3804,14528,12298,6145,5658,487,10590,6629,3407,184,938.7802819646568,34.1,9.7,90.0,0.0,0.0,10.0,3.0,3.0,0.0,3.0,3176864.0,961500.0,0.0,0.0,0.0,31176.0,745.0,6442.0,7416.0,756.0,153.79999999999998,61.7,215.5,0.0,0.0,3,0,0.0,0,3,0.0,14584.0,1571.0,4063.0,3.0,0.0,3.0,3.0,0.0,3.0,0.0,3.0,4.0,1.0,1.0,0.0,7.0,221.0,13.0,9.0,5.0,5.0,9.0,0.0,2.0,1.0,0.0,0.0,0.0,0.0,3.0,0.0,0.0,2.0,0.0,2.0,1.0,1.0,10.0,5.0,4.0,3592100.0,2892700.0,
09,06,28.89,13062,49126,42453,19026,17701,1325,36743,11876,11065,425,895.338027413297,32.0,1.0,132.0,0.0,0.0,0.0,3.0,0.0,0.0,0.0,249435.0,9065515.0,0.0,0.0,0.0,14911.0,416.0,4113.0,3289.0,26.0,65.5,16.4,81.9,0.0,3.0,3,0,0.0,0,0,0.0,6451.0,800.0,0.0,0.0,3.0,0.0,3.0,3.0,0.0,0.0,8.0,3.0,1.0,3.0,0.0,1.0,633.0,44.0,24.0,17.0,9.0,15.0,1.0,4.0,2.0,1.0,0.0,0.0,0.0,4.0,1.0,36.0,3.0,5.0,7.0,4.0,9.0,32.0,8.0,10.0,6512200.0,6398400.0,
09,07,13.93,5484,18257,15631,7932,7900,32,13079,6261,3051,1849,1142.9037676997723,,,215.0,0.0,0.0,99.0,3.0,0.0,0.0,0.0,0.0,1426327.0,0.0,0.0,0.0,6741.0,101.0,2899.0,759.0,14.0,24.75,0.0,24.75,0.0,3.0,3,0,0.0,0,0,0.0,1776.0,493.0,0.0,3.0,3.0,0.0,3.0,3.0,0.0,0.0,4.0,1.0,2.0,1.0,0.0,2.0,211.0,13.0,7.0,6.0,3.0,5.0,0.0,2.0,1.0,1.0,0.0,0.0,0.0,1.0,0.0,0.0,1.0,2.0,5.0,3.0,2.0,19.0,1.0,10.0,8177500.0,8069300.0,
09,09,50.61,33605,110574,96150,52853,49738,3115,73279,14219,23387,1394,1002.6460320601623,43.3,1.5,0.0,0.0,0.0,0.0,3.0,0.0,0.0,0.0,1332500.0,31997000.0,0.0,0.0,0.0,37956.0,431.0,7522.0,3916.0,88.0,197.27,44.44,241.70999999999998,0.0,3.0,3,0,0.0,0,0,0.0,33109.0,4301.0,2.0,3.0,3.0,3.0,3.0,3.0,0.0,0.0,13.0,23.0,3.0,2.0,2.0,11.0,1207.0,80.0,55.0,39.0,16.0,21.0,0.0,9.0,6.0,6.0,1.0,0.0,1.0,3.0,2.0,71.0,4.0,3.0,15.0,8.0,10.0,64.0,2.0,53.0,54565500.0,54509500.0,
09,10,32.89,11709,40564,34421,16801,16141,660,30478,15647,9524,153,787.5127102017938,41.0,0.5,45.0,0.0,0.0,0.0,3.0,0.0,3.0,3.0,10000000.0,60178492.0,0.0,0.0,0.0,13325.0,482.0,3269.0,2288.0,9.0,85.17,27.68,112.85,0.0,3.0,3,3,0.0,0,0,0.0,2096.0,1883.0,0.0,3.0,3.0,0.0,3.0,3.0,0.0,0.0,8.0,3.0,1.0,1.0,0.0,1.0,272.0,32.0,22.0,18.0,8.0,15.0,0.0,2.0,2.0,1.0,0.0,0.0,0.0,1.0,2.0,48.0,1.0,9.0,3.0,4.0,5.0,30.0,3.0,12.0,16925200.0,16613800.0,
09,11,17.83,8181,32623,26111,11347,11200,147,26727,7954,8026,103,1366.9254315304947,39.5,0.5,88.0,0.0,0.0,38.0,3.0,3.0,3.0,0.0,2256355.0,942000.0,0.0,0.0,0.0,8712.0,213.0,2386.0,1398.0,1.0,55.81,16.28,72.09,0.0,3.0,3,0,0.0,0,0,0.0,2386.0,4448.0,0.0,3.0,3.0,0.0,3.0,0.0,0.0,0.0,4.0,1.0,1.0,3.0,0.0,3.0,282.0,29.0,12.0,12.0,5.0,9.0,0.0,2.0,1.0,1.0,0.0,0.0,0.0,2.0,1.0,25.0,0.0,2.0,2.0,2.0,2.0,18.0,1.0,5.0,8257900.0,6911600.0,
11,01,254.89999999999998,831006,3584833,2843870,1384252,1374801,9451,2785001,67184,533281,39062,1105.1113790186125,34.7,14.1,0.0,0.0,0.0,0.0,3.0,0.0,0.0,3.0,37918600.0,445397500.0,0.0,0.0,11000.0,751451.0,54210.0,137501.0,50732.0,6022.0,2287.9,506.0,2793.9,0.0,3.0,3,3,0.0,0,0,0.0,252167.0,0.0,23497.0,0.0,0.0,0.0,3.0,3.0,3.0,0.0,250.0,6.0,43.0,258.0,0.0,2.0,15185.0,1236.0,803.0,485.0,139.0,214.0,17.0,50.0,37.0,37.0,7.0,5.0,4.0,1.0,18.0,1219.0,8.0,80.0,107.0,83.0,42.0,562.0,5.0,46.0,939723700.0,839594800.0,
11,02,56.07000000000001,55251,255451,172138,102568,99810,2758,200718,18194,39819,4711,1087.32469365526,34.0,14.1,26.0,26.0,0.0,0.0,3.0,0.0,0.0,3.0,10101450.0,1137750.0,0.0,0.0,0.0,43996.0,8460.0,9744.0,8682.0,2379.0,292.0,137.0,429.0,26.0,3.0,3,3,0.0,0,0,0.0,17374.0,8018.0,400.0,0.0,0.0,0.0,3.0,0.0,3.0,0.0,6.0,2.0,5.0,9.0,0.0,1.0,431.0,164.0,101.0,45.0,14.0,30.0,1.0,10.0,3.0,7.0,0.0,1.0,0.0,2.0,0.0,0.0,1.0,20.0,14.0,9.0,11.0,51.0,15.0,68.0,27177700.0,24376100.0,
11,03,296.99,135353,714203,525593,265154,257311,7843,576632,50057,81617,17829,781.9805569152118,40.4,12.4,477.0,0.0,0.0,0.0,3.0,0.0,0.0,3.0,4997600.0,28935400.0,9000.0,0.0,0.0,101486.0,9121.0,23117.0,20416.0,2092.0,825.0,261.0,1086.0,0.0,3.0,3,3,0.0,0,0,0.0,50254.0,556.0,4173.0,0.0,0.0,0.0,3.0,3.0,3.0,0.0,17.0,17.0,8.0,21.0,0.0,6.0,1991.0,296.0,257.0,118.0,36.0,53.0,7.0,19.0,13.0,20.0,3.0,2.0,2.0,12.0,3.0,213.0,1.0,47.0,19.0,38.0,22.0,136.0,31.0,403.0,156998500.0,129379200.0,
11,04,405.70000000000005,99273,469946,286337,190565,188189,2376,373835,22667,83629,37233,1070.4934298563123,41.3,15.9,270.0,0.0,0.0,0.0,3.0,0.0,0.0,3.0,27312900.0,1989930.0,0.0,0.0,0.0,104584.0,3714.0,8570.0,20801.0,523.0,567.5,133.0,700.5,0.0,3.0,3,3,0.0,0,3,0.0,39405.0,0.0,576.0,0.0,0.0,0.0,3.0,3.0,3.0,0.0,9.0,4.0,8.0,11.0,0.0,1.0,1374.0,228.0,167.0,53.0,20.0,43.0,5.0,11.0,6.0,9.0,2.0,1.0,1.0,2.0,1.0,15.0,2.0,30.0,14.0,15.0,7.0,91.0,16.0,177.0,44083100.0,50599600.0,
11,05,77.3,36045,198756,135187,63248,62365,883,182455,13818,31836,5773,895.338027413297,39.0,16.0,665.0,0.0,0.0,0.0,3.0,0.0,0.0,3.0,3181300.0,1407400.0,0.0,0.0,0.0,19754.0,1468.0,7998.0,5920.0,418.0,87.0,81.0,168.0,0.0,3.0,3,0,0.0,0,0,0.0,1245.0,6045.0,1083.0,3.0,0.0,0.0,3.0,0.0,3.0,0.0,9.0,3.0,2.0,5.0,0.0,3.0,662.0,116.0,105.0,34.0,20.0,14.0,6.0,8.0,5.0,3.0,0.0,2.0,0.0,1.0,1.0,60.0,1.0,14.0,15.0,10.0,9.0,35.0,10.0,94.0,12502600.0,15038500.0,
11,06,309.93,114364,571933,391309,198562,191826,6736,490184,44413,88677,5467,1187.4903728275765,41.7,10.3,437.0,0.0,0.0,0.0,3.0,0.0,0.0,3.0,14324000.0,11404500.0,0.0,0.0,0.0,87002.0,7400.0,15100.0,17877.0,747.0,665.0,230.0,895.0,0.0,3.0,3,3,0.0,0,0,0.0,18415.0,0.0,139.0,0.0,0.0,0.0,3.0,3.0,0.0,0.0,16.0,7.0,4.0,18.0,0.0,2.0,1561.0,265.0,198.0,84.0,32.0,68.0,7.0,16.0,9.0,15.0,2.0,2.0,2.0,0.0,0.0,0.0,1.0,41.0,17.0,26.0,11.0,134.0,24.0,280.0,61865800.0,51766300.0,
11,07,75.37,33263,147535,115954,56614,55200,1414,115247,20703,20676,1981,1585.60941288329,36.7,7.5,206.0,0.0,0.0,0.0,3.0,0.0,0.0,0.0,5437500.0,9732500.0,0.0,0.0,0.0,37714.0,1852.0,7907.0,5947.0,84.0,168.0,78.0,246.0,0.0,3.0,3,3,0.0,0,0,0.0,18686.0,0.0,670.0,0.0,0.0,0.0,3.0,0.0,3.0,0.0,7.0,0.0,4.0,10.0,0.0,2.0,630.0,111.0,80.0,39.0,18.0,21.0,2.0,9.0,3.0,9.0,1.0,1.0,0.0,9.0,0.0,0.0,2.0,15.0,15.0,12.0,6.0,57.0,13.0,57.0,17485000.0,14495600.0,
11,08,97.81,103117,496838,365260,178863,175165,3698,409815,22250,74599,43055,1322.5054879366223,37.3,15.9,160.0,0.0,0.0,0.0,3.0,0.0,0.0,0.0,17161650.0,7159550.0,0.0,0.0,0.0,71909.0,5913.0,14994.0,24122.0,851.0,459.0,170.0,629.0,0.0,3.0,3,3,0.0,0,0,0.0,32184.0,8.0,3992.0,0.0,0.0,0.0,3.0,3.0,3.0,0.0,6.0,6.0,7.0,10.0,0.0,4.0,1767.0,198.0,139.0,48.0,31.0,52.0,7.0,21.0,14.0,11.0,1.0,3.0,2.0,9.0,0.0,0.0,2.0,36.0,25.0,14.0,37.0,102.0,11.0,125.0,64161200.0,56414300.0,
11,09,473.37999999999994,130606,666440,563231,302374,295833,6541,460220,44788,35252,11874,962.9203956741354,39.8,16.0,301.0,0.0,0.0,0.0,3.0,3.0,0.0,3.0,12528100.0,9360000.0,0.0,0.0,0.0,85205.0,3976.0,23857.0,29769.0,2989.0,839.0,260.0,1099.0,0.0,3.0,3,3,0.0,0,0,0.0,71934.0,0.0,8339.0,0.0,0.0,0.0,3.0,3.0,3.0,0.0,13.0,9.0,10.0,20.0,0.0,6.0,3269.0,276.0,233.0,84.0,29.0,65.0,6.0,23.0,20.0,22.0,3.0,1.0,1.0,87.0,4.0,325.0,2.0,21.0,62.0,16.0,23.0,244.0,43.0,105.0,99178000.0,90162600.0,
11,10,738.46,200841,1027111,721029,386821,374682,12139,837070,37323,119883,20961,1070.4934298563123,40.0,13.0,301.0,32.0,0.0,0.0,3.0,0.0,0.0,3.0,36562600.0,3502750.0,0.0,0.0,225000.0,134517.0,7543.0,27678.0,25821.0,1428.0,602.0,306.0,908.0,0.0,3.0,3,3,0.0,0,0,0.0,46891.0,108.0,18465.0,0.0,0.0,0.0,3.0,3.0,3.0,3.0,27.0,16.0,10.0,19.0,0.0,2.0,2627.0,363.0,302.0,154.0,46.0,86.0,9.0,29.0,13.0,24.0,5.0,3.0,7.0,7.0,2.0,270.0,2.0,54.0,31.0,41.0,28.0,187.0,37.0,432.0,202059200.0,164529300.0,
11,11,188.82999999999998,101663,494609,318322,166649,163890,2759,443154,44862,108193,12011,1087.32469365526,42.0,16.2,475.0,0.0,0.0,0.0,3.0,0.0,3.0,3.0,11448700.0,8014500.0,90000.0,0.0,0.0,90768.0,2737.0,12979.0,16356.0,883.0,345.0,119.0,464.0,0.0,3.0,3,3,0.0,0,3,0.0,18675.0,15863.0,7746.0,0.0,0.0,0.0,3.0,3.0,0.0,3.0,17.0,7.0,5.0,17.0,1.0,4.0,1482.0,272.0,169.0,68.0,31.0,41.0,6.0,14.0,5.0,7.0,1.0,2.0,1.0,5.0,0.0,0.0,1.0,21.0,40.0,16.0,9.0,76.0,33.0,93.0,33721200.0,28906000.0,
11,12,78.66999999999999,52054,233688,181705,83793,81356,2437,188929,29319,32326,1713,578.1709643634019,35.3,13.2,142.0,0.0,0.0,0.0,3.0,0.0,0.0,0.0,10375558.0,227000.0,0.0,0.0,0.0,52634.0,2576.0,10379.0,10663.0,3539.0,225.0,145.0,370.0,0.0,3.0,3,3,0.0,0,0,0.0,20714.0,1043.0,6888.0,0.0,0.0,0.0,3.0,3.0,3.0,0.0,7.0,2.0,6.0,11.0,0.0,0.0,849.0,164.0,98.0,55.0,25.0,44.0,4.0,23.0,14.0,18.0,0.0,1.0,2.0,1.0,0.0,0.0,1.0,21.0,12.0,11.0,9.0,68.0,16.0,66.0,37503500.0,34539900.0,
11,13,28.8,16776,66887,55695,28301,27973,328,49640,15658,7532,1413,603.5370916587377,30.3,12.9,214.0,0.0,0.0,33.0,3.0,0.0,0.0,0.0,5835450.0,2490900.0,0.0,0.0,0.0,27019.0,909.0,3386.0,3494.0,62.0,95.0,53.3,148.3,0.0,0.0,3,3,0.0,0,0,0.0,8842.0,0.0,2146.0,0.0,0.0,0.0,3.0,0.0,3.0,0.0,7.0,0.0,3.0,9.0,0.0,1.0,950.0,38.0,29.0,16.0,11.0,13.0,1.0,4.0,3.0,4.0,0.0,0.0,0.0,5.0,1.0,43.0,1.0,9.0,17.0,9.0,5.0,49.0,10.0,32.0,16233400.0,12327800.0,
11,14,113.22999999999999,92997,438738,325046,148101,145441,2660,368882,35908,114840,10523,1585.60941288329,34.7,14.9,50.0,0.0,0.0,0.0,3.0,0.0,3.0,3.0,31441600.0,12290900.0,0.0,0.0,0.0,73769.0,4499.0,15940.0,16272.0,2847.0,421.0,140.0,561.0,0.0,3.0,3,3,0.0,0,0,0.0,52365.0,2835.0,18820.0,3.0,0.0,0.0,3.0,0.0,3.0,0.0,13.0,5.0,7.0,15.0,0.0,0.0,1647.0,252.0,166.0,54.0,24.0,66.0,6.0,16.0,10.0,13.0,1.0,2.0,0.0,0.0,0.0,0.0,3.0,32.0,38.0,19.0,34.0,72.0,17.0,67.0,33921000.0,32233300.0,
11,15,59.18000000000001,50230,228856,156679,87972,85983,1989,178832,22076,36075,2451,777.9351268647201,35.8,14.0,81.0,0.0,0.0,0.0,3.0,0.0,0.0,3.0,9503064.0,412500.0,0.0,0.0,0.0,61963.0,627.0,5719.0,9161.0,6021.0,180.0,78.0,258.0,0.0,3.0,3,3,0.0,0,0,0.0,28915.0,0.0,4356.0,3.0,0.0,0.0,3.0,0.0,3.0,0.0,6.0,2.0,4.0,10.0,0.0,3.0,668.0,106.0,82.0,39.0,20.0,26.0,1.0,10.0,3.0,4.0,0.0,1.0,1.0,3.0,1.0,42.0,1.0,20.0,8.0,16.0,11.0,49.0,17.0,70.0,25215200.0,22608600.0,
11,16,214.09,174298,808223,594025,293469,288413,5056,646825,36946,117534,24406,781.9805569152118,34.6,15.6,128.0,0.0,0.0,0.0,3.0,0.0,0.0,3.0,25926847.0,21562240.0,0.0,0.0,0.0,135723.0,7201.0,28478.0,27000.0,253.0,1106.0,362.0,1468.0,0.0,3.0,3,3,0.0,0,0,0.0,144438.0,0.0,9611.0,0.0,0.0,0.0,3.0,3.0,3.0,0.0,18.0,15.0,9.0,17.0,0.0,5.0,3868.0,432.0,241.0,107.0,41.0,98.0,4.0,22.0,13.0,19.0,3.0,2.0,3.0,8.0,2.0,155.0,1.0,51.0,35.0,12.0,12.0,165.0,27.0,98.0,133568500.0,120292000.0,
11,17,200.67,85378,391539,220767,149695,147579,2116,330427,31011,71586,16920,1187.4903728275765,42.4,10.8,335.0,0.0,0.0,0.0,3.0,0.0,0.0,0.0,18059500.0,7962750.0,0.0,0.0,0.0,83256.0,2826.0,10320.0,19274.0,113.0,307.0,366.0,673.0,0.0,3.0,3,3,0.0,0,0,0.0,11534.0,362.0,3377.0,0.0,0.0,0.0,3.0,3.0,3.0,0.0,12.0,4.0,1.0,12.0,0.0,1.0,608.0,117.0,85.0,49.0,24.0,29.0,3.0,10.0,5.0,6.0,0.0,1.0,1.0,0.0,0.0,0.0,2.0,23.0,20.0,14.0,12.0,65.0,16.0,48.0,34300000.0,24253300.0,
11,18,157.71,96930,433951,338540,154685,151978,2707,351557,37445,58091,9727,591.7786088289132,35.0,10.3,225.0,0.0,0.0,0.0,3.0,0.0,0.0,3.0,28054740.0,6385500.0,0.0,0.0,0.0,118357.0,3415.0,14390.0,15390.0,186.0,527.0,183.32999999999998,710.3299999999999,0.0,3.0,3,3,0.0,0,0,0.0,40320.0,0.0,8765.0,0.0,0.0,0.0,3.0,3.0,3.0,0.0,19.0,8.0,6.0,16.0,7.0,6.0,1744.0,301.0,205.0,84.0,34.0,75.0,5.0,14.0,10.0,11.0,0.0,2.0,2.0,65.0,12.0,0.0,2.0,34.0,31.0,18.0,13.0,101.0,23.0,75.0,50720300.0,58841300.0,
11,19,74.51,73589,327338,247486,128079,121462,6617,254084,24270,44148,17991,1232.6764257278526,35.2,16.3,70.0,0.0,0.0,0.0,3.0,0.0,0.0,0.0,11587200.0,75000.0,0.0,0.0,0.0,327095.0,16718.0,13128.0,27420.0,244.0,289.0,246.0,535.0,0.0,3.0,3,3,0.0,0,0,0.0,18698.0,0.0,47134.0,0.0,0.0,0.0,3.0,3.0,3.0,0.0,7.0,2.0,6.0,12.0,0.0,0.0,679.0,143.0,106.0,64.0,43.0,49.0,7.0,13.0,9.0,12.0,1.0,3.0,1.0,0.0,0.0,0.0,1.0,26.0,12.0,12.0,10.0,73.0,13.0,74.0,32278000.0,27622200.0,
11,20,166.32,53981,252043,204400,85449,83134,2315,209067,33876,24499,1094,777.9351268647201,37.8,18.4,415.0,0.0,0.0,0.0,3.0,0.0,0.0,3.0,2386580.0,6932840.0,0.0,0.0,130000.0,88353.0,3473.0,6718.0,11283.0,930.0,345.0,112.0,457.0,0.0,3.0,3,3,0.0,0,0,0.0,30733.0,0.0,1122.0,0.0,0.0,0.0,3.0,3.0,0.0,0.0,14.0,2.0,1.0,13.0,0.0,4.0,665.0,163.0,119.0,44.0,15.0,44.0,3.0,10.0,7.0,9.0,0.0,1.0,1.0,10.0,0.0,0.0,0.0,19.0,21.0,14.0,5.0,94.0,19.0,76.0,32410600.0,26603000.0,
12,01,104.78,29275,151119,131128,55087,51202,3885,121139,13926,6762,359,938.7802819646568,34.5,18.0,590.0,0.0,0.0,0.0,3.0,3.0,0.0,3.0,805000.0,200000.0,0.0,1800.0,0.0,18274.0,360.0,4451.0,2760.0,1780.0,225.3,160.7,386.0,0.0,0.0,3,0,0.0,3,0,0.0,7748.0,0.0,24772.0,0.0,3.0,0.0,3.0,0.0,0.0,0.0,6.0,2.0,4.0,7.0,0.0,0.0,688.0,71.0,36.0,13.0,2.0,13.0,1.0,3.0,3.0,2.0,0.0,0.0,0.0,8.0,3.0,136.0,1.0,14.0,3.0,11.0,22.0,29.0,6.0,10.0,11259400.0,12728400.0,
12,02,651.14,175928,1000137,929293,309648,286491,23157,835828,131737,43021,603,578.1709643634019,33.51,22.0,480.0,0.0,0.0,0.0,3.0,3.0,3.0,3.0,877000.0,15000.0,567875.0,66441.0,0.0,70982.0,1608.0,14130.0,8056.0,3983.0,1155.3,1361.8000000000002,2517.1,0.0,0.0,0,0,0.0,0,0,0.0,13144.0,2070.0,23595.0,0.0,0.0,0.0,3.0,0.0,3.0,3.0,26.0,26.0,36.0,23.0,0.0,8.0,2317.0,638.0,223.0,73.0,4.0,142.0,1.0,8.0,6.0,5.0,0.0,1.0,0.0,1.0,5.0,207.0,7.0,58.0,50.0,126.0,309.0,177.0,22.0,30.0,29983000.0,21631900.0,
12,03,34.14,4668,19663,16547,8939,7948,991,14010,1763,1448,2426,1322.5054879366223,31.0,17.0,507.0,0.0,10.0,73.0,3.0,0.0,0.0,3.0,0.0,325000.0,25000.0,0.0,0.0,2930.0,,,,218.0,65.2,14.2,79.4,0.0,0.0,0,0,0.0,0,3,0.0,200.0,0.0,1505.0,0.0,0.0,0.0,3.0,0.0,3.0,0.0,2.0,0.0,0.0,0.0,0.0,0.0,93.0,10.0,6.0,3.0,1.0,1.0,0.0,1.0,0.0,0.0,0.0,0.0,0.0,0.0,1.0,10.0,0.0,3.0,3.0,0.0,5.0,9.0,9.0,0.0,,,
12,04,339.67,159624,873068,804715,260617,240123,20494,743880,59512,52761,465,787.5127102017938,32.0,24.0,408.0,0.0,0.0,0.0,3.0,3.0,3.0,3.0,46585460.0,0.0,0.0,102200.0,0.0,97008.0,2267.0,25646.0,20750.0,1493.0,596.0,537.0,1133.0,0.0,0.0,3,0,0.0,3,3,0.0,47851.0,125.0,26646.0,0.0,0.0,0.0,3.0,0.0,3.0,0.0,19.0,24.0,24.0,2.0,0.0,6.0,4284.0,355.0,162.0,69.0,2.0,112.0,3.0,7.0,6.0,4.0,2.0,0.0,1.0,0.0,13.0,1181.0,3.0,46.0,23.0,54.0,70.0,102.0,21.0,21.0,41188500.0,53813100.0,
12,05,171.51999999999998,42545,233792,208499,64801,59719,5082,217653,18304,18498,41,752.4915937117574,39.0,19.0,360.0,0.0,0.0,0.0,3.0,3.0,0.0,3.0,31953000.0,3750000.0,0.0,0.0,0.0,22692.0,394.0,7374.0,3369.0,1195.0,220.70000000000002,649.5,870.2,0.0,3.0,3,0,0.0,0,3,0.0,17711.0,0.0,10701.0,0.0,0.0,0.0,3.0,0.0,3.0,0.0,13.0,2.0,13.0,6.0,0.0,4.0,1107.0,140.0,49.0,20.0,3.0,36.0,2.0,4.0,3.0,4.0,0.0,0.0,0.0,0.0,5.0,310.0,5.0,15.0,12.0,22.0,39.0,61.0,10.0,14.0,23720900.0,22438100.0,
12,06,221.85,67730,324635,282019,119189,114058,5131,255388,19526,44667,566,1070.4934298563123,40.0,18.0,326.0,0.0,0.0,0.0,3.0,3.0,0.0,3.0,3761000.0,450000.0,0.0,360000.0,0.0,38929.0,1294.0,10159.0,10240.0,2022.0,454.2,362.5,816.6999999999999,0.0,3.0,3,3,0.0,0,3,3.0,24862.0,0.0,13461.0,0.0,0.0,3.0,3.0,0.0,3.0,3.0,16.0,6.0,5.0,5.0,0.0,3.0,1329.0,143.0,77.0,36.0,4.0,71.0,1.0,5.0,5.0,5.0,0.0,0.0,0.0,2.0,9.0,276.0,5.0,30.0,43.0,33.0,67.0,70.0,10.0,31.0,39793300.0,34541200.0,
12,07,301.2,133540,634512,588620,221188,207541,13647,499028,99379,63812,160,962.9203956741354,32.0,23.0,250.0,0.0,0.0,0.0,3.0,3.0,3.0,3.0,4863500.0,82000.0,236000.0,43000.0,0.0,98180.0,2626.0,15967.0,18425.0,17744.0,993.2,650.3,1643.5,0.0,3.0,3,3,0.0,3,3,3.0,8962.0,256.0,65489.0,3.0,0.0,3.0,3.0,3.0,3.0,3.0,23.0,23.0,27.0,10.0,0.0,10.0,3627.0,338.0,134.0,96.0,12.0,164.0,2.0,10.0,9.0,9.0,0.0,1.0,0.0,0.0,14.0,180.0,14.0,56.0,42.0,56.0,52.0,120.0,40.0,37.0,57142400.0,45807400.0,
12,08,544.21,264213,1217490,1140218,434066,409267,24799,939111,64680,90951,2739,1070.4934298563123,35.2,23.5,194.0,0.0,0.0,0.0,3.0,3.0,3.0,3.0,19688200.0,1505000.0,6327000.0,32000.0,0.0,206446.0,12352.0,40007.0,36418.0,13926.0,2590.9800000000005,1323.53,3914.51,0.0,0.0,3,3,3.0,3,3,0.0,59291.0,0.0,10311.0,0.0,0.0,0.0,3.0,0.0,3.0,3.0,34.0,41.0,40.0,12.0,0.0,7.0,4685.0,514.0,206.0,135.0,9.0,333.0,1.0,21.0,17.0,17.0,0.0,2.0,0.0,105.0,18.0,473.0,18.0,82.0,61.0,100.0,83.0,292.0,45.0,134.0,151773600.0,153071300.0,
12,09,67.43,10360,44488,40810,16458,15951,507,34423,4027,3062,738,752.4915937117574,36.0,12.0,211.0,0.0,0.0,56.0,3.0,3.0,0.0,3.0,0.0,100000.0,0.0,0.0,0.0,3667.0,249.0,3495.0,1092.0,244.0,152.8,39.4,192.2,0.0,0.0,3,0,0.0,0,0,0.0,4443.0,,1883.0,0.0,0.0,0.0,3.0,0.0,3.0,0.0,5.0,4.0,1.0,1.0,0.0,0.0,140.0,27.0,15.0,11.0,1.0,11.0,0.0,1.0,1.0,1.0,0.0,0.0,0.0,0.0,3.0,290.0,0.0,4.0,7.0,9.0,10.0,15.0,5.0,4.0,13513100.0,7807600.0,
12,10,168.57,61781,284193,272573,95943,92301,3642,224975,19763,18187,414,921.3957654446707,34.33,19.58,136.0,0.0,0.0,0.0,3.0,3.0,0.0,3.0,2748000.0,6335000.0,0.0,0.0,0.0,54814.0,1142.0,11606.0,13658.0,1231.0,629.6,208.9,838.5,0.0,0.0,3,3,0.0,0,0,0.0,9563.0,19213.0,3502.0,0.0,0.0,3.0,3.0,3.0,0.0,0.0,16.0,5.0,11.0,10.0,0.0,1.0,1531.0,166.0,87.0,50.0,4.0,96.0,2.0,11.0,11.0,10.0,0.0,0.0,0.0,0.0,9.0,1248.0,11.0,25.0,25.0,33.0,22.0,109.0,17.0,32.0,46949800.0,46529800.0,
12,11,288.08,118830,539751,504250,206380,184313,22067,403230,29571,35666,1069,921.3957654446707,36.0,19.0,103.0,0.0,0.0,0.0,3.0,3.0,3.0,3.0,11691700.0,115000.0,0.0,54092.0,0.0,80482.0,2713.0,12497.0,16961.0,9774.0,736.1,606.1999999999999,1342.3000000000002,0.0,0.0,3,0,0.0,0,3,3.0,37431.0,1760.0,61772.0,0.0,0.0,0.0,3.0,0.0,3.0,3.0,22.0,8.0,14.0,9.0,0.0,1.0,1953.0,175.0,92.0,63.0,4.0,160.0,1.0,5.0,5.0,5.0,0.0,0.0,0.0,0.0,10.0,405.0,2.0,33.0,23.0,55.0,46.0,96.0,11.0,48.0,40591200.0,29561700.0,
12,12,100.28,32639,137208,130917,43805,41014,2791,111229,10741,18470,332,921.3957654446707,34.91,23.81,93.0,0.0,0.0,0.0,3.0,3.0,0.0,3.0,5730000.0,68200.0,0.0,0.0,0.0,21459.0,300.0,4103.0,5711.0,106.0,305.7,376.2,681.9,0.0,0.0,3,0,0.0,0,3,0.0,2878.0,9838.0,4753.0,0.0,0.0,3.0,3.0,0.0,3.0,0.0,4.0,2.0,3.0,0.0,0.0,4.0,557.0,77.0,45.0,30.0,4.0,92.0,0.0,4.0,4.0,4.0,0.0,0.0,0.0,0.0,5.0,275.0,3.0,11.0,9.0,8.0,8.0,39.0,8.0,5.0,13187100.0,12573800.0,
12,13,118.44,83112,390974,353585,132424,120582,11842,313612,18642,38917,441,1070.4934298563123,38.0,14.8,50.0,0.0,0.0,0.0,3.0,3.0,0.0,3.0,2027500.0,0.0,0.0,0.0,0.0,43082.0,2616.0,6653.0,7925.0,1424.0,421.0,396.4,817.4000000000001,0.0,0.0,3,0,0.0,0,3,0.0,8793.0,43.0,5577.0,0.0,0.0,0.0,3.0,0.0,3.0,0.0,13.0,7.0,4.0,1.0,0.0,1.0,1267.0,108.0,59.0,37.0,2.0,135.0,0.0,4.0,4.0,4.0,0.0,1.0,0.0,0.0,9.0,671.0,1.0,34.0,27.0,32.0,24.0,61.0,20.0,5.0,30358200.0,26552300.0,
12,14,257.49,198454,874028,800379,305466,293712,11754,692777,24558,98376,850,1087.32469365526,34.02,22.02,0.0,0.0,0.0,0.0,3.0,3.0,3.0,3.0,1567500.0,50000.0,0.0,0.0,0.0,33226.0,382.0,4476.0,33123.0,619.0,984.4000000000001,645.5,1629.9,0.0,3.0,3,3,0.0,0,3,3.0,52963.0,0.0,15849.0,0.0,0.0,0.0,3.0,3.0,3.0,0.0,34.0,39.0,31.0,9.0,0.0,37.0,6451.0,486.0,140.0,89.0,11.0,218.0,2.0,10.0,9.0,8.0,5.0,1.0,2.0,3.0,29.0,1808.0,12.0,53.0,89.0,82.0,142.0,200.0,21.0,60.0,102090500.0,95209400.0,
13,01,172.17,50935,280570,171040,88459,86255,2204,262483,32150,70142,2302,1070.4934298563123,33.8,16.8,418.0,0.0,0.0,0.0,3.0,3.0,0.0,3.0,5287584.0,0.0,0.0,0.0,0.0,24180.0,1662.0,7273.0,7616.0,1023.0,244.88,89.02,333.9,0.0,3.0,3,3,0.0,0,3,0.0,7385.0,6789.0,1686.0,3.0,3.0,3.0,3.0,0.0,3.0,0.0,4.0,3.0,15.0,7.0,5.0,2.0,419.0,190.0,93.0,42.0,34.0,3.0,0.0,8.0,4.0,4.0,0.0,0.0,1.0,0.0,1.0,45.0,1.0,10.0,0.0,11.0,0.0,50.0,26.0,88.0,25446000.0,24647100.0,
13,02,198.0,36982,201305,126292,61683,60877,806,189460,32980,45522,1872,1087.32469365526,32.8,17.8,465.0,0.0,0.0,0.0,3.0,3.0,0.0,3.0,25549568.0,0.0,0.0,0.0,0.0,14934.0,1159.0,3901.0,6756.0,1005.0,146.72000000000003,69.0,215.71999999999997,0.0,3.0,3,0,0.0,0,3,0.0,4903.0,5657.0,374.0,3.0,3.0,3.0,3.0,0.0,0.0,0.0,3.0,3.0,11.0,6.0,0.0,1.0,345.0,190.0,129.0,40.0,30.0,14.0,0.0,12.0,2.0,3.0,0.0,0.0,1.0,3.0,0.0,0.0,0.0,3.0,1.0,10.0,0.0,36.0,18.0,28.0,20259400.0,19649500.0,
13,03,409.04,125517,684889,486566,224820,221940,2880,605627,21528,149927,10535,781.9805569152118,32.8,17.8,395.0,0.0,0.0,0.0,3.0,3.0,0.0,3.0,3346742.0,0.0,0.0,0.0,0.0,72721.0,2472.0,18781.0,22792.0,2647.0,587.09,193.16000000000003,780.25,0.0,3.0,3,0,0.0,0,0,0.0,19452.0,5862.0,4080.0,3.0,3.0,3.0,3.0,0.0,0.0,0.0,11.0,32.0,6.0,10.0,30.0,4.0,2384.0,576.0,255.0,63.0,55.0,16.0,2.0,13.0,6.0,6.0,2.0,1.0,2.0,24.0,1.0,0.0,6.0,19.0,8.0,27.0,0.0,85.0,25.0,78.0,79576000.0,91143300.0,
13,04,25.03,13340,71930,45306,24252,22921,1331,64713,8162,14107,791,787.5127102017938,32.8,18.8,405.0,0.0,0.0,0.0,3.0,0.0,0.0,3.0,360000.0,13500000.0,13500000.0,0.0,0.0,6399.0,272.0,1894.0,3736.0,155.0,32.0,9.5,41.5,0.0,0.0,3,0,0.0,0,3,0.0,1956.0,1677.0,6974.0,3.0,0.0,3.0,3.0,0.0,0.0,0.0,3.0,1.0,1.0,3.0,0.0,1.0,147.0,29.0,15.0,6.0,6.0,0.0,1.0,3.0,1.0,1.0,0.0,0.0,1.0,0.0,0.0,0.0,1.0,3.0,1.0,4.0,0.0,8.0,3.0,24.0,6279300.0,6255500.0,
13,05,153.72999999999996,28409,138969,90530,48292,46354,1938,123778,18068,28433,4955,752.4915937117574,31.8,17.4,260.0,0.0,0.0,0.0,3.0,3.0,0.0,3.0,4342810.0,0.0,0.0,0.0,0.0,13929.0,619.0,3778.0,4998.0,2350.0,153.82,62.93,216.75,0.0,3.0,3,0,0.0,0,3,0.0,1751.0,2398.0,6159.0,3.0,3.0,3.0,3.0,0.0,3.0,0.0,2.0,3.0,6.0,2.0,5.0,2.0,169.0,88.0,41.0,17.0,15.0,2.0,0.0,5.0,2.0,3.0,0.0,0.0,1.0,2.0,0.0,0.0,0.0,3.0,0.0,12.0,0.0,30.0,10.0,48.0,12057200.0,11118600.0,
13,06,175.26,41452,206030,132042,72392,70513,1879,183184,25070,38636,9426,1070.4934298563123,31.8,18.3,151.0,0.0,0.0,0.0,3.0,3.0,0.0,3.0,5160206.0,220000000.0,220000000.0,0.0,0.0,20256.0,663.0,6206.0,9071.0,838.0,126.00999999999999,45.57,171.58,0.0,3.0,3,3,0.0,0,0,0.0,5913.0,9038.0,473.0,3.0,3.0,3.0,3.0,0.0,0.0,0.0,5.0,6.0,7.0,5.0,5.0,1.0,532.0,95.0,43.0,24.0,21.0,2.0,1.0,10.0,3.0,5.0,0.0,0.0,1.0,18.0,1.0,0.0,0.0,13.0,2.0,15.0,0.0,44.0,22.0,64.0,18653600.0,19618800.0,
13,07,173.98,24863,126969,70282,49212,46204,3008,109802,25981,30984,2920,1187.4903728275765,32.5,17.6,161.0,0.0,0.0,0.0,3.0,3.0,0.0,3.0,807878.0,0.0,0.0,0.0,817500.0,9836.0,537.0,2271.0,4605.0,1195.0,120.21000000000001,114.2,234.41000000000003,0.0,0.0,3,3,0.0,0,3,0.0,3869.0,3818.0,3061.0,3.0,3.0,3.0,3.0,0.0,3.0,0.0,1.0,5.0,7.0,3.0,0.0,2.0,157.0,79.0,35.0,22.0,19.0,1.0,1.0,6.0,3.0,3.0,0.0,0.0,0.0,36.0,0.0,0.0,1.0,2.0,0.0,5.0,0.0,34.0,11.0,30.0,9114500.0,9258500.0,
13,08,339.56,36626,180551,114550,67591,63703,3888,155933,32614,39778,1867,752.4915937117574,32.5,17.6,278.0,0.0,0.0,0.0,3.0,3.0,0.0,3.0,2868884.0,0.0,0.0,0.0,423000.0,19858.0,712.0,4591.0,8202.0,2225.0,142.79,104.05,246.83999999999997,0.0,0.0,3,3,0.0,0,3,0.0,4395.0,3062.0,5939.0,3.0,0.0,3.0,3.0,0.0,3.0,0.0,4.0,9.0,12.0,7.0,3.0,5.0,608.0,169.0,77.0,33.0,23.0,11.0,1.0,8.0,2.0,2.0,0.0,1.0,1.0,1.0,0.0,0.0,1.0,3.0,12.0,10.0,0.0,47.0,13.0,59.0,18869700.0,17994100.0,
13,09,139.23,16076,72699,45311,27467,25792,1675,62100,13628,14880,4431,1366.9254315304947,31.4,18.5,374.0,0.0,0.0,48.0,3.0,3.0,0.0,3.0,1794275.0,0.0,0.0,0.0,0.0,6084.0,322.0,1575.0,2104.0,229.0,80.6,72.8,153.4,0.0,0.0,3,3,0.0,3,3,0.0,1185.0,3967.0,741.0,3.0,3.0,3.0,3.0,0.0,0.0,0.0,1.0,1.0,4.0,4.0,0.0,1.0,164.0,40.0,22.0,11.0,9.0,1.0,1.0,6.0,2.0,2.0,0.0,0.0,1.0,0.0,0.0,0.0,0.0,1.0,1.0,4.0,0.0,19.0,10.0,34.0,5830500.0,5818800.0,
13,10,183.37,77389,392206,296080,156601,148230,8371,324778,28052,96961,7350,1070.4934298563123,31.0,19.5,146.0,0.0,0.0,0.0,3.0,3.0,0.0,3.0,6921036.0,570000.0,570000.0,0.0,272757.0,45426.0,1506.0,9782.0,11286.0,1435.0,166.21,113.03,279.24,0.0,0.0,3,3,0.0,0,0,0.0,10320.0,9702.0,2189.0,3.0,3.0,3.0,3.0,0.0,3.0,0.0,5.0,2.0,10.0,5.0,2.0,0.0,420.0,128.0,83.0,38.0,28.0,10.0,2.0,10.0,4.0,5.0,0.0,0.0,0.0,21.0,0.0,0.0,2.0,14.0,2.0,24.0,0.0,75.0,38.0,52.0,45717500.0,45618400.0,
13,11,134.73,28941,132636,97839,51455,48107,3348,111467,10589,32255,2625,1232.6764257278526,33.5,18.5,241.0,0.0,0.0,0.0,3.0,3.0,0.0,3.0,4351000.0,12000.0,12000.0,0.0,22500.0,14902.0,397.0,3512.0,4938.0,515.0,69.0,50.67,119.67,0.0,0.0,3,0,0.0,0,3,0.0,2130.0,7071.0,302.0,3.0,3.0,0.0,3.0,0.0,0.0,0.0,5.0,0.0,4.0,2.0,3.0,1.0,272.0,70.0,37.0,22.0,14.0,4.0,1.0,4.0,3.0,4.0,0.0,0.0,1.0,0.0,0.0,0.0,1.0,4.0,7.0,15.0,2.0,29.0,6.0,16.0,13472700.0,14015000.0,
13,12,299.67,52302,234329,152396,92828,88583,4245,196336,22429,47053,13652,1187.4903728275765,31.5,19.0,459.0,0.0,0.0,0.0,3.0,3.0,0.0,3.0,5402596.0,0.0,0.0,0.0,0.0,26962.0,1031.0,7499.0,9142.0,1199.0,204.55,161.6,366.15,0.0,0.0,3,3,0.0,0,3,0.0,5115.0,2395.0,336.0,0.0,0.0,3.0,3.0,0.0,3.0,0.0,2.0,6.0,10.0,3.0,6.0,3.0,430.0,214.0,103.0,50.0,33.0,19.0,1.0,8.0,3.0,6.0,0.0,0.0,1.0,8.0,0.0,0.0,1.0,6.0,2.0,17.0,0.0,51.0,17.0,59.0,25014000.0,24595300.0,
13,13,266.03999999999996,41154,192518,125102,71063,67654,3409,165752,26897,27232,14371,752.4915937117574,31.6,17.9,527.0,0.0,0.0,18.0,3.0,3.0,0.0,3.0,3877298.0,0.0,0.0,0.0,0.0,17676.0,1036.0,5072.0,11265.0,1173.0,170.24,198.79,369.03000000000003,0.0,3.0,3,0,0.0,0,3,0.0,6226.0,4289.0,3729.0,3.0,3.0,3.0,3.0,0.0,3.0,3.0,5.0,8.0,13.0,0.0,5.0,2.0,921.0,124.0,68.0,37.0,30.0,10.0,0.0,12.0,10.0,7.0,1.0,1.0,3.0,6.0,1.0,0.0,5.0,5.0,3.0,7.0,0.0,54.0,11.0,79.0,16123700.0,15536500.0,
13,14,421.86000000000007,70105,296611,185840,105597,100910,4687,262599,50936,35201,61271,591.7786088289132,31.6,17.9,499.0,0.0,0.0,0.0,3.0,3.0,0.0,3.0,4892712.0,0.0,0.0,0.0,0.0,35368.0,792.0,5610.0,12894.0,511.0,286.89,212.75000000000003,499.64,0.0,0.0,3,3,0.0,3,0,0.0,17800.0,3630.0,177.0,0.0,0.0,3.0,3.0,3.0,3.0,0.0,16.0,7.0,12.0,2.0,3.0,3.0,704.0,251.0,88.0,47.0,34.0,4.0,1.0,8.0,6.0,7.0,0.0,0.0,1.0,2.0,0.0,0.0,8.0,11.0,10.0,13.0,0.0,57.0,23.0,34.0,18685200.0,19392800.0,
13,15,67.0,19766,69514,46175,27664,27432,232,61184,13454,8151,7075,1142.9037676997723,32.3,18.5,616.0,0.0,0.0,0.0,3.0,0.0,0.0,3.0,1220000.0,0.0,0.0,0.0,0.0,14019.0,199.0,2000.0,3747.0,51.0,290.47,14.1,304.57,0.0,3.0,3,0,0.0,0,0,0.0,15540.0,50.0,3.0,0.0,0.0,0.0,3.0,3.0,0.0,3.0,3.0,4.0,1.0,2.0,0.0,3.0,289.0,50.0,18.0,13.0,9.0,7.0,1.0,4.0,4.0,3.0,0.0,0.0,2.0,0.0,0.0,0.0,3.0,2.0,2.0,1.0,0.0,20.0,0.0,10.0,4441200.0,5346700.0,
13,16,222.63,59446,298592,211448,116306,111364,4942,242963,35776,39112,6559,1585.60941288329,31.2,19.2,356.0,0.0,0.0,0.0,3.0,3.0,0.0,3.0,10257737.0,0.0,0.0,0.0,0.0,37124.0,1619.0,13428.0,14010.0,2666.0,252.75,89.93,342.68,0.0,0.0,3,3,0.0,0,0,0.0,11813.0,10363.0,292.0,3.0,0.0,3.0,3.0,0.0,0.0,3.0,10.0,8.0,10.0,13.0,20.0,3.0,924.0,219.0,121.0,43.0,42.0,16.0,0.0,10.0,5.0,8.0,0.0,0.0,2.0,28.0,1.0,0.0,2.0,15.0,5.0,26.0,0.0,73.0,19.0,57.0,45150200.0,44119600.0,
13,17,99.82999999999998,53132,257994,185938,93820,90308,3512,215917,18907,32819,9487,1187.4903728275765,33.2,19.8,293.0,0.0,0.0,0.0,3.0,0.0,0.0,3.0,10875500.0,0.0,0.0,0.0,0.0,40421.0,996.0,9185.0,13834.0,2404.0,258.26,78.6,336.86,0.0,0.0,3,0,0.0,0,0,0.0,6758.0,8022.0,3311.0,3.0,0.0,3.0,3.0,3.0,0.0,0.0,8.0,10.0,6.0,6.0,1.0,4.0,961.0,200.0,86.0,35.0,26.0,3.0,1.0,5.0,3.0,3.0,0.0,1.0,1.0,0.0,0.0,0.0,1.0,11.0,0.0,8.0,0.0,47.0,9.0,43.0,52945600.0,53109400.0,
13,18,153.12,87522,458415,330647,158184,155398,2786,388499,16422,86574,7418,1087.32469365526,32.0,17.0,190.0,0.0,0.0,0.0,3.0,3.0,0.0,3.0,18440692.0,946400000.0,0.0,0.0,0.0,48835.0,1720.0,14801.0,11210.0,1092.0,387.78999999999996,69.28999999999999,457.08000000000004,0.0,0.0,3,3,0.0,3,0,0.0,18374.0,13090.0,294.0,0.0,3.0,3.0,3.0,0.0,0.0,0.0,11.0,6.0,1.0,5.0,3.0,4.0,1238.0,378.0,168.0,66.0,34.0,7.0,1.0,10.0,7.0,8.0,0.0,1.0,2.0,159.0,0.0,0.0,3.0,16.0,12.0,22.0,0.0,74.0,21.0,73.0,52266000.0,50437400.0,
13,19,95.59999999999998,30229,149669,96336,56741,53973,2768,126145,26296,21329,1659,1009.9396336386345,32.5,17.0,92.0,0.0,0.0,0.0,3.0,3.0,0.0,3.0,6883000.0,0.0,0.0,0.0,0.0,13076.0,505.0,4487.0,5530.0,1542.0,116.46000000000001,60.98,177.44,0.0,0.0,3,3,0.0,0,3,0.0,2815.0,2506.0,5077.0,3.0,0.0,3.0,3.0,0.0,0.0,0.0,2.0,3.0,11.0,4.0,2.0,1.0,289.0,98.0,51.0,20.0,18.0,2.0,0.0,6.0,3.0,4.0,0.0,0.0,1.0,8.0,0.0,0.0,0.0,6.0,3.0,12.0,0.0,41.0,17.0,85.0,15520700.0,16584900.0,
13,20,208.22,46088,217593,145843,82461,79251,3210,185199,24539,37894,13745,1322.5054879366223,32.3,17.9,121.0,0.0,0.0,0.0,3.0,3.0,0.0,3.0,9553894.0,0.0,0.0,0.0,0.0,20618.0,872.0,5387.0,5928.0,2788.0,142.07999999999998,50.72,192.8,0.0,3.0,3,0,0.0,0,3,0.0,17927.0,6827.0,612.0,3.0,0.0,3.0,3.0,0.0,3.0,0.0,3.0,1.0,8.0,2.0,12.0,2.0,458.0,75.0,41.0,22.0,18.0,2.0,0.0,7.0,3.0,5.0,0.0,0.0,1.0,0.0,0.0,0.0,0.0,9.0,0.0,8.0,0.0,46.0,29.0,182.0,32814800.0,32709200.0,
13,21,62.099999999999994,17740,81013,56705,31902,28675,3227,66178,17910,5806,27486,1322.5054879366223,33.2,17.2,327.0,0.0,0.0,0.0,3.0,3.0,0.0,3.0,2188729.0,0.0,0.0,0.0,0.0,10540.0,300.0,2899.0,3338.0,285.0,109.69,64.9,174.59,0.0,0.0,3,3,0.0,0,0,0.0,3831.0,2533.0,1412.0,3.0,0.0,3.0,3.0,0.0,3.0,0.0,4.0,4.0,5.0,6.0,1.0,2.0,640.0,58.0,26.0,17.0,16.0,6.0,1.0,6.0,2.0,5.0,0.0,0.0,0.0,1.0,0.0,0.0,0.0,3.0,3.0,11.0,0.0,30.0,15.0,27.0,9773300.0,9613200.0,
13,22,85.59,32280,148452,100083,59205,57752,1453,120505,18669,13494,25190,1142.9037676997723,32.0,17.2,222.0,0.0,0.0,10.0,3.0,3.0,0.0,3.0,6880231.0,0.0,0.0,0.0,0.0,13583.0,612.0,4074.0,3962.0,1046.0,122.19999999999999,60.699999999999996,182.9,0.0,0.0,3,0,0.0,0,0,0.0,2196.0,7323.0,1593.0,3.0,0.0,3.0,3.0,3.0,0.0,0.0,2.0,5.0,9.0,4.0,8.0,3.0,552.0,83.0,50.0,23.0,21.0,6.0,0.0,8.0,3.0,5.0,0.0,0.0,0.0,17.0,0.0,0.0,0.0,11.0,0.0,8.0,0.0,44.0,10.0,22.0,19770900.0,18458200.0,
13,23,255.78,221933,1068288,811010,384087,379709,4378,890431,22035,194496,33029,1142.9037676997723,32.0,17.0,188.0,0.0,0.0,0.0,3.0,3.0,0.0,3.0,55392975.0,1690000000.0,0.0,0.0,0.0,131774.0,3848.0,41094.0,31863.0,2770.0,991.77,101.9,1093.67,0.0,3.0,3,3,0.0,0,3,0.0,13900.0,20475.0,3594.0,3.0,0.0,3.0,3.0,0.0,3.0,0.0,18.0,21.0,14.0,74.0,98.0,12.0,5283.0,563.0,395.0,88.0,74.0,39.0,2.0,21.0,11.0,11.0,2.0,1.0,3.0,95.0,3.0,109.0,6.0,31.0,32.0,40.0,0.0,205.0,18.0,168.0,203008800.0,221357500.0,
13,24,80.82,51948,254118,169910,94354,92056,2298,210920,31033,29825,24595,1087.32469365526,34.0,15.2,250.0,0.0,0.0,0.0,3.0,3.0,0.0,3.0,8217532.0,0.0,0.0,0.0,0.0,36379.0,1249.0,8590.0,8699.0,2811.0,142.35,93.42999999999999,235.78,0.0,0.0,3,3,0.0,0,3,0.0,8482.0,9809.0,5164.0,3.0,0.0,3.0,3.0,0.0,0.0,0.0,4.0,5.0,11.0,12.0,2.0,5.0,877.0,115.0,55.0,34.0,32.0,2.0,1.0,11.0,5.0,7.0,0.0,0.0,0.0,10.0,0.0,0.0,1.0,22.0,1.0,17.0,0.0,67.0,20.0,26.0,29370300.0,28233300.0,
13,25,140.51,60248,324120,221717,113771,111045,2726,280400,15792,35980,8818,938.7802819646568,33.5,19.8,209.0,0.0,0.0,0.0,3.0,3.0,0.0,3.0,10634860.0,0.0,0.0,0.0,0.0,35324.0,3711.0,9868.0,8843.0,1849.0,141.19,104.47999999999999,245.67,0.0,0.0,3,3,0.0,0,0,0.0,6149.0,8381.0,12773.0,0.0,0.0,3.0,3.0,0.0,0.0,0.0,9.0,2.0,4.0,6.0,15.0,3.0,795.0,157.0,44.0,31.0,26.0,24.0,2.0,7.0,3.0,5.0,0.0,0.0,2.0,5.0,3.0,145.0,3.0,13.0,2.0,14.0,0.0,67.0,24.0,175.0,49701700.0,47745900.0,
13,26,182.93999999999997,27734,135249,83861,50283,48221,2062,116555,27557,24228,2396,895.338027413297,33.0,18.3,81.0,0.0,0.0,0.0,3.0,3.0,0.0,3.0,9082759.0,400000.0,400000.0,0.0,135000.0,12022.0,1086.0,4124.0,7547.0,972.0,135.29,55.28,190.57000000000002,45.0,0.0,3,3,0.0,0,3,0.0,2475.0,3486.0,2896.0,3.0,0.0,3.0,3.0,0.0,0.0,0.0,3.0,8.0,7.0,5.0,1.0,1.0,302.0,89.0,45.0,18.0,17.0,5.0,1.0,7.0,4.0,5.0,0.0,0.0,1.0,12.0,0.0,0.0,2.0,5.0,1.0,9.0,0.0,50.0,24.0,48.0,17240900.0,16607400.0,
13,27,77.12,30339,159704,112177,53992,52558,1434,141093,13366,28972,2105,1087.32469365526,31.1,17.1,57.0,0.0,0.0,0.0,3.0,3.0,0.0,3.0,4895520.0,0.0,0.0,0.0,9000000.0,15553.0,581.0,4288.0,5716.0,2416.0,139.27,41.79,181.06,0.0,3.0,3,3,0.0,0,0,0.0,4007.0,5037.0,5130.0,3.0,0.0,3.0,3.0,3.0,0.0,0.0,2.0,4.0,3.0,2.0,1.0,3.0,303.0,103.0,53.0,17.0,14.0,2.0,1.0,8.0,6.0,4.0,0.0,1.0,2.0,30.0,1.0,64.0,0.0,4.0,2.0,8.0,0.0,26.0,11.0,38.0,19111400.0,19320100.0,
13,28,298.89,195736,902930,646035,314492,310294,4198,766310,5235,127854,29682,1322.5054879366223,31.5,19.1,0.0,0.0,0.0,0.0,3.0,0.0,0.0,3.0,454596000.0,2882138640.0,0.0,0.0,0.0,115298.0,1252.0,22247.0,22922.0,2595.0,581.6,197.75,779.35,0.0,3.0,3,0,0.0,0,3,0.0,29750.0,30233.0,1424.0,0.0,0.0,3.0,3.0,3.0,0.0,0.0,16.0,24.0,4.0,0.0,29.0,5.0,2998.0,591.0,308.0,153.0,77.0,21.0,2.0,12.0,9.0,10.0,1.0,2.0,4.0,0.0,4.0,251.0,3.0,16.0,6.0,41.0,0.0,177.0,36.0,115.0,197840500.0,214397700.0,
13,29,132.60999999999999,25488,122587,80615,43897,42582,1315,107436,17126,20829,6077,578.1709643634019,32.3,18.2,37.0,0.0,0.0,0.0,3.0,3.0,0.0,3.0,4486000.0,0.0,0.0,0.0,0.0,13548.0,446.0,3571.0,4280.0,673.0,109.97,93.2,203.17,0.0,0.0,3,3,0.0,0,3,0.0,5721.0,6963.0,439.0,3.0,3.0,3.0,3.0,0.0,0.0,0.0,1.0,6.0,6.0,1.0,0.0,1.0,298.0,68.0,45.0,21.0,15.0,5.0,1.0,5.0,1.0,3.0,0.0,0.0,0.0,20.0,0.0,0.0,1.0,7.0,0.0,6.0,0.0,30.0,10.0,33.0,15836300.0,15332100.0,
13,30,149.10999999999996,23496,111350,72494,41399,40015,1384,96417,22506,15361,5315,1366.9254315304947,32.7,16.8,24.0,0.0,0.0,0.0,3.0,3.0,0.0,3.0,2655300.0,0.0,0.0,0.0,0.0,10668.0,523.0,2771.0,4227.0,465.0,152.15,67.94,220.09,0.0,0.0,3,0,0.0,0,3,0.0,5133.0,8772.0,397.0,3.0,0.0,3.0,3.0,0.0,0.0,0.0,2.0,7.0,7.0,2.0,0.0,1.0,260.0,67.0,37.0,19.0,13.0,3.0,0.0,7.0,3.0,3.0,0.0,0.0,0.0,16.0,0.0,0.0,0.0,3.0,0.0,6.0,0.0,38.0,14.0,32.0,7513000.0,7736600.0,
13,31,51.45,40904,177888,135702,59407,58459,948,160543,15049,35359,14517,603.5370916587377,31.6,17.7,175.0,0.0,0.0,0.0,3.0,3.0,0.0,3.0,9751824.0,0.0,0.0,0.0,80000.0,20054.0,451.0,2878.0,6828.0,894.0,159.18,45.17,204.35000000000002,0.0,0.0,3,0,0.0,0,0,0.0,15691.0,2911.0,115.0,3.0,0.0,3.0,3.0,0.0,3.0,0.0,5.0,10.0,3.0,2.0,0.0,1.0,421.0,65.0,46.0,21.0,21.0,1.0,0.0,6.0,1.0,3.0,0.0,0.0,0.0,5.0,0.0,0.0,10.0,7.0,0.0,11.0,0.0,34.0,11.0,13.0,11863900.0,11167700.0,
13,32,177.19000000000003,60330,288172,224735,94594,92591,2003,251922,36316,51290,15626,938.7802819646568,32.3,14.9,70.0,0.0,0.0,0.0,3.0,3.0,0.0,3.0,62341506.0,0.0,0.0,0.0,0.0,31980.0,1051.0,8677.0,9085.0,1233.0,303.87,143.69000000000003,447.55999999999995,0.0,3.0,3,3,0.0,0,0,0.0,15661.0,7497.0,4113.0,0.0,3.0,3.0,3.0,3.0,0.0,3.0,11.0,4.0,6.0,11.0,6.0,5.0,892.0,162.0,69.0,42.0,36.0,8.0,1.0,13.0,5.0,8.0,0.0,0.0,2.0,1.0,0.0,0.0,3.0,22.0,8.0,21.0,0.0,63.0,10.0,32.0,40811500.0,37850600.0,
13,33,445.16999999999996,217467,1011232,776553,341476,333273,8203,864985,43975,159450,69776,1009.9396336386345,31.5,18.1,278.0,0.0,0.0,0.0,3.0,3.0,0.0,3.0,48434333.0,2700000000.0,0.0,0.0,0.0,169949.0,23968.0,31187.0,40901.0,1511.0,1099.09,287.89,1389.98,0.0,3.0,3,3,0.0,0,0,0.0,67367.0,23718.0,17336.0,3.0,3.0,3.0,3.0,3.0,0.0,3.0,25.0,41.0,11.0,22.0,46.0,8.0,2986.0,638.0,299.0,158.0,126.0,113.0,2.0,27.0,17.0,19.0,5.0,1.0,3.0,4.0,3.0,60.0,12.0,25.0,17.0,28.0,0.0,133.0,23.0,268.0,168744600.0,162456900.0,
13,34,59.24999999999999,19934,98078,77775,34050,33270,780,82738,12087,15931,5255,1142.9037676997723,32.7,18.5,193.0,0.0,0.0,0.0,3.0,0.0,0.0,3.0,3009179.0,0.0,0.0,0.0,0.0,11749.0,519.0,2829.0,3344.0,540.0,70.68,28.67,99.35,0.0,0.0,3,3,0.0,0,0,0.0,2915.0,3581.0,9.0,3.0,0.0,3.0,3.0,0.0,0.0,0.0,4.0,3.0,2.0,1.0,4.0,2.0,261.0,38.0,28.0,19.0,13.0,2.0,0.0,6.0,4.0,5.0,0.0,0.0,1.0,1.0,0.0,0.0,1.0,9.0,4.0,8.0,0.0,27.0,11.0,8.0,17439400.0,17334800.0,
13,35,85.91,18958,83007,63810,29570,28207,1363,69480,11945,8163,12179,1142.9037676997723,31.4,16.6,397.0,0.0,0.0,0.0,3.0,0.0,0.0,3.0,5645492.0,0.0,0.0,0.0,2000000.0,10591.0,217.0,2465.0,3917.0,142.0,116.19999999999999,19.990000000000002,136.19,0.0,0.0,3,0,0.0,0,0,0.0,1505.0,3428.0,639.0,0.0,3.0,3.0,3.0,0.0,0.0,3.0,4.0,3.0,3.0,3.0,0.0,2.0,273.0,47.0,26.0,15.0,14.0,7.0,1.0,5.0,1.0,3.0,0.0,0.0,1.0,0.0,0.0,0.0,7.0,6.0,4.0,8.0,0.0,22.0,14.0,7.0,16951800.0,14547300.0,
13,36,163.18000000000004,65878,300269,217555,102543,99004,3539,259808,63252,54108,32785,781.9805569152118,31.3,16.6,240.0,0.0,0.0,0.0,3.0,3.0,0.0,3.0,5442250.0,200000.0,200000.0,0.0,0.0,33137.0,633.0,4024.0,8670.0,1433.0,164.97,154.93,319.9,0.0,3.0,3,0,0.0,0,3,0.0,8161.0,8275.0,2482.0,3.0,3.0,3.0,3.0,3.0,3.0,0.0,14.0,8.0,11.0,5.0,5.0,4.0,1154.0,164.0,87.0,41.0,32.0,8.0,0.0,13.0,5.0,9.0,0.0,0.0,1.0,12.0,0.0,0.0,4.0,12.0,3.0,22.0,0.0,54.0,25.0,124.0,27374300.0,27510300.0,
13,37,42.03,17198,79241,62343,26455,25511,944,68352,9953,9840,5945,1232.6764257278526,31.5,19.0,344.0,0.0,0.0,0.0,3.0,0.0,0.0,3.0,1395000.0,0.0,0.0,0.0,0.0,11564.0,202.0,2780.0,3275.0,183.0,84.38,64.72,149.1,0.0,0.0,3,0,0.0,0,3,0.0,2314.0,1993.0,33.0,0.0,3.0,3.0,3.0,0.0,0.0,0.0,4.0,2.0,3.0,2.0,0.0,1.0,272.0,46.0,28.0,14.0,11.0,2.0,1.0,5.0,1.0,2.0,0.0,0.0,1.0,0.0,1.0,48.0,1.0,4.0,1.0,5.0,0.0,19.0,10.0,36.0,8613100.0,8255200.0,
13,38,79.91,24193,109247,82754,39159,37771,1388,90628,13847,11811,12441,578.1709643634019,31.5,18.1,347.0,0.0,0.0,0.0,3.0,3.0,0.0,3.0,900000.0,81000.0,81000.0,0.0,360000.0,9932.0,327.0,3492.0,4786.0,555.0,97.14,77.05,174.19,0.0,0.0,3,3,0.0,0,0,0.0,1072.0,1393.0,1190.0,3.0,0.0,3.0,3.0,0.0,3.0,0.0,4.0,2.0,8.0,2.0,1.0,1.0,379.0,61.0,35.0,15.0,12.0,21.0,1.0,4.0,3.0,3.0,0.0,0.0,2.0,0.0,0.0,0.0,1.0,5.0,10.0,7.0,0.0,24.0,9.0,31.0,12637400.0,12108800.0,
13,39,106.71000000000001,48657,202529,136165,66552,65118,1434,184607,46032,21613,33062,781.9805569152118,29.9,17.7,659.0,0.0,0.0,0.0,3.0,3.0,3.0,3.0,14269376.0,0.0,0.0,0.0,0.0,34329.0,3320.0,3572.0,6625.0,145.0,192.20999999999998,70.72999999999999,262.94,0.0,0.0,3,3,0.0,0,0,0.0,21335.0,1131.0,1186.0,0.0,3.0,3.0,3.0,0.0,3.0,0.0,12.0,10.0,6.0,5.0,0.0,2.0,974.0,127.0,53.0,27.0,22.0,5.0,1.0,8.0,4.0,5.0,0.0,0.0,1.0,2.0,1.0,80.0,9.0,9.0,6.0,7.0,0.0,41.0,5.0,27.0,11389000.0,11578200.0,
13,40,382.73,119895,532532,381455,196517,190940,5577,448286,58603,85318,44585,895.338027413297,32.4,18.8,549.0,0.0,0.0,0.0,3.0,3.0,0.0,3.0,23855203.0,728000.0,0.0,22000.0,0.0,43598.0,1026.0,9439.0,17964.0,741.0,290.43999999999994,188.79000000000002,479.23,0.0,3.0,3,0,0.0,0,3,0.0,13115.0,5908.0,1729.0,3.0,3.0,3.0,3.0,3.0,3.0,3.0,19.0,43.0,21.0,9.0,8.0,4.0,1755.0,292.0,147.0,90.0,79.0,55.0,1.0,22.0,13.0,13.0,0.0,1.0,4.0,4.0,0.0,0.0,7.0,27.0,46.0,16.0,0.0,99.0,33.0,73.0,50361700.0,51137800.0,
13,41,100.54999999999998,29867,135129,94526,50101,47625,2476,112958,15826,22395,23818,781.9805569152118,32.8,16.3,770.0,0.0,0.0,0.0,3.0,0.0,0.0,3.0,3714000.0,0.0,0.0,0.0,0.0,13124.0,454.0,3829.0,5552.0,293.0,131.2,38.379999999999995,169.58,0.0,0.0,3,0,0.0,0,0,0.0,4266.0,2021.0,900.0,3.0,3.0,3.0,3.0,0.0,0.0,0.0,7.0,8.0,4.0,5.0,0.0,2.0,574.0,76.0,36.0,19.0,17.0,9.0,1.0,8.0,3.0,7.0,0.0,0.0,1.0,27.0,0.0,0.0,1.0,8.0,0.0,6.0,0.0,29.0,27.0,46.0,16901300.0,16619700.0,
13,42,141.15,40995,189343,133955,76462,74073,2389,150305,15290,31125,12514,578.1709643634019,31.4,18.1,539.0,0.0,0.0,0.0,3.0,3.0,0.0,3.0,3655000.0,0.0,0.0,0.0,0.0,16797.0,501.0,4890.0,6131.0,199.0,113.37,145.62,258.99,0.0,0.0,3,3,0.0,0,0,3.0,2122.0,2242.0,2379.0,3.0,3.0,3.0,3.0,0.0,0.0,3.0,6.0,9.0,7.0,2.0,1.0,5.0,441.0,86.0,48.0,28.0,22.0,4.0,1.0,11.0,8.0,8.0,0.0,0.0,1.0,21.0,0.0,0.0,4.0,7.0,13.0,15.0,0.0,41.0,17.0,23.0,19877600.0,20344800.0,
13,43,317.88,171507,703130,517025,254949,249098,5851,590451,38261,96251,48997,1087.32469365526,32.4,20.1,591.0,0.0,0.0,0.0,3.0,3.0,0.0,3.0,11468390.0,0.0,0.0,0.0,454596.0,124485.0,1061.0,21199.0,26594.0,460.0,874.37,309.58,1183.95,0.0,3.0,3,0,0.0,0,3,0.0,54678.0,1356.0,2331.0,3.0,3.0,3.0,3.0,3.0,0.0,3.0,19.0,23.0,24.0,20.0,8.0,8.0,1904.0,230.0,160.0,86.0,82.0,34.0,1.0,16.0,11.0,11.0,0.0,1.0,2.0,13.0,1.0,22.0,8.0,19.0,27.0,13.0,0.0,91.0,23.0,105.0,28344900.0,1641795700.0,
13,44,280.38,133676,639302,451314,246121,240933,5188,525501,29672,91161,37221,1142.9037676997723,32.4,20.2,629.0,0.0,0.0,0.0,3.0,3.0,0.0,3.0,3181250.0,0.0,0.0,0.0,0.0,70167.0,3598.0,21779.0,18934.0,655.0,694.11,117.28,811.39,0.0,3.0,3,3,0.0,0,3,0.0,38528.0,5388.0,6835.0,3.0,3.0,3.0,3.0,0.0,3.0,3.0,13.0,27.0,14.0,20.0,35.0,11.0,2636.0,297.0,149.0,108.0,65.0,28.0,2.0,21.0,9.0,14.0,3.0,1.0,4.0,4.0,1.0,48.0,4.0,17.0,32.0,33.0,0.0,96.0,21.0,37.0,81763400.0,89148100.0,
13,45,70.64,33190,135292,96517,50899,48751,2148,110984,11205,16635,28579,752.4915937117574,32.2,17.5,769.0,0.0,0.0,0.0,3.0,0.0,0.0,3.0,2611000.0,0.0,0.0,0.0,0.0,18334.0,455.0,3486.0,5513.0,70.0,233.43,158.99,392.41999999999996,0.0,0.0,3,3,0.0,0,0,0.0,10436.0,542.0,924.0,0.0,0.0,3.0,3.0,3.0,0.0,0.0,7.0,5.0,3.0,4.0,0.0,2.0,475.0,86.0,42.0,23.0,20.0,11.0,1.0,6.0,4.0,4.0,0.0,1.0,1.0,12.0,0.0,0.0,2.0,6.0,7.0,9.0,0.0,26.0,5.0,5.0,33825000.0,27977600.0,
14,01,603.0,2027243,8575883,7074928,3499342,3434732,64610,6426549,1871,646914,103775,781.9805569152118,32.1,22.4,0.0,0.0,0.0,0.0,3.0,0.0,0.0,0.0,0.0,2293200000.0,0.0,0.0,0.0,1513396.0,40263.0,263429.0,71494.0,1085.0,1533.7,0.0,1533.7,0.0,3.0,3,0,0.0,0,0,0.0,14068.0,21004.0,50.0,0.0,0.0,0.0,3.0,3.0,0.0,0.0,21.0,151.0,66.0,66.0,0.0,109.0,10529.0,1624.0,861.0,1031.0,192.0,442.0,21.0,36.0,30.0,63.0,5.0,9.0,7.0,620.0,16.0,9817.0,6.0,118.0,42.0,1.0,121.0,1544.0,4.0,15580.0,7420384000.0,7228714000.0,
14,02,727.25,730562,2847721,2273796,1170565,1147257,23308,2222642,42718,223045,103163,938.7802819646568,40.0,15.3,35.0,0.0,0.0,0.0,3.0,3.0,0.0,3.0,520835461.0,3350027540000.0,0.0,0.0,0.0,468625.0,29104.0,91155.0,37491.0,6870.0,1009.3800000000001,182.71,1192.0900000000001,0.0,3.0,3,0,0.0,0,3,0.0,119869.0,2090.0,115.0,0.0,0.0,3.0,3.0,3.0,3.0,3.0,38.0,52.0,22.0,16.0,4.0,2.0,3998.0,632.0,290.0,215.0,72.0,262.0,6.0,18.0,11.0,19.0,0.0,1.0,0.0,15.0,2.0,147.0,16.0,65.0,68.0,50.0,23.0,222.0,131.0,700.0,6624389700.0,6469786200.0,
14,03,163.02,67019,279111,221511,108545,105485,3060,220095,40411,15318,21191,1585.60941288329,41.0,15.6,35.0,0.0,0.0,0.0,3.0,3.0,0.0,3.0,690000.0,23354500.0,0.0,0.0,0.0,43618.0,1023.0,7871.0,7513.0,7913.0,329.57,137.0,466.57,0.0,0.0,3,3,0.0,0,3,3.0,8744.0,420.0,1486.0,0.0,0.0,3.0,3.0,3.0,0.0,3.0,14.0,6.0,3.0,5.0,3.0,6.0,472.0,179.0,61.0,54.0,32.0,30.0,2.0,9.0,7.0,10.0,1.0,1.0,0.0,3.0,0.0,0.0,10.0,19.0,13.0,22.0,4.0,85.0,12.0,53.0,79456100.0,73884600.0,
14,04,57.41,25798,119564,100318,41238,39950,1288,96818,19833,3267,879,781.9805569152118,34.0,18.0,233.0,0.0,0.0,90.0,3.0,3.0,0.0,0.0,725000.0,15455512.0,0.0,0.0,0.0,20216.0,507.0,4896.0,5364.0,266.0,154.0,72.02000000000001,226.01999999999998,0.0,3.0,3,0,0.0,0,0,0.0,15512.0,160.0,2033.0,0.0,0.0,3.0,3.0,0.0,3.0,0.0,6.0,6.0,0.0,3.0,0.0,1.0,230.0,83.0,42.0,25.0,10.0,20.0,1.0,3.0,2.0,3.0,0.0,0.0,0.0,5.0,0.0,0.0,1.0,7.0,15.0,11.0,4.0,49.0,5.0,152.0,54145300.0,51472900.0,
14,05,30.53,13291,55843,49027,20109,18301,1808,43041,9433,3102,237,1087.32469365526,34.0,15.0,515.0,0.0,0.0,106.0,3.0,3.0,0.0,0.0,210000.0,2063000.0,0.0,0.0,0.0,10381.0,445.0,2710.0,3876.0,425.0,99.83,11.200000000000001,111.03,0.0,0.0,3,0,0.0,0,0,3.0,1715.0,118.0,51.0,0.0,0.0,3.0,3.0,0.0,0.0,0.0,6.0,12.0,0.0,5.0,2.0,3.0,512.0,55.0,17.0,14.0,7.0,10.0,1.0,4.0,1.0,4.0,1.0,0.0,0.0,2.0,0.0,0.0,1.0,4.0,8.0,6.0,2.0,28.0,4.0,18.0,16527200.0,14624500.0,
14,06,518.26,243905,1126130,882739,408725,400204,8521,960360,39198,147822,73976,1322.5054879366223,43.0,6.0,143.0,0.0,0.0,0.0,3.0,3.0,0.0,3.0,4650000.0,138158480.0,855000.0,0.0,0.0,186286.0,7256.0,16429.0,34450.0,4035.0,1135.46,197.26,1332.72,0.0,3.0,3,3,0.0,0,0,0.0,25426.0,5269.0,370.0,3.0,0.0,3.0,3.0,3.0,3.0,0.0,25.0,51.0,14.0,10.0,9.0,10.0,2372.0,388.0,162.0,131.0,54.0,107.0,3.0,16.0,10.0,15.0,1.0,1.0,2.0,3.0,1.0,33.0,2.0,63.0,112.0,40.0,29.0,104.0,38.0,241.0,678469100.0,568073300.0,
14,07,106.56,88078,432523,327470,141949,138443,3506,377892,20251,36930,41311,1105.1113790186125,43.2,10.8,350.0,0.0,0.0,0.0,3.0,0.0,0.0,3.0,3480000.0,8425000.0,0.0,0.0,0.0,41865.0,1616.0,11101.0,9420.0,1250.0,386.81000000000006,67.81,454.62,0.0,3.0,3,0,0.0,0,0,0.0,11621.0,5173.0,1229.0,0.0,3.0,3.0,3.0,0.0,0.0,0.0,9.0,21.0,2.0,3.0,1.0,4.0,637.0,198.0,83.0,68.0,44.0,46.0,3.0,11.0,9.0,11.0,1.0,3.0,0.0,32.0,3.0,100.0,5.0,36.0,17.0,9.0,15.0,65.0,59.0,161.0,152798700.0,143862200.0,
14,08,182.46,157282,732720,558173,253575,247145,6430,621094,40645,81715,33708,787.5127102017938,47.7,11.1,323.0,0.0,0.0,0.0,3.0,3.0,0.0,3.0,3630000.0,17438500.0,2479000.0,0.0,0.0,77880.0,2273.0,16528.0,17878.0,5434.0,342.66,185.72,528.3800000000001,0.0,0.0,3,0,0.0,0,0,0.0,31317.0,7018.0,5350.0,0.0,0.0,3.0,3.0,0.0,0.0,0.0,33.0,16.0,3.0,9.0,17.0,40.0,967.0,290.0,90.0,79.0,29.0,65.0,7.0,20.0,15.0,20.0,2.0,2.0,0.0,17.0,0.0,0.0,1.0,39.0,14.0,16.0,4.0,100.0,33.0,109.0,343296100.0,261081100.0,
14,09,345.73999999999995,98985,446875,347051,173047,169467,3490,360434,26904,71418,9676,962.9203956741354,42.8,12.0,176.0,0.0,0.0,0.0,3.0,3.0,0.0,0.0,69145000.0,6000000.0,1413146.0,0.0,0.0,60843.0,2592.0,16054.0,16051.0,15215.0,294.82,138.93,433.75,0.0,3.0,3,0,0.0,0,0,0.0,14014.0,638.0,869.0,3.0,3.0,3.0,3.0,3.0,3.0,3.0,19.0,12.0,5.0,14.0,2.0,6.0,1049.0,139.0,55.0,66.0,45.0,65.0,3.0,11.0,9.0,11.0,2.0,1.0,1.0,3.0,0.0,0.0,4.0,25.0,55.0,23.0,7.0,109.0,32.0,415.0,142107500.0,127981200.0,
14,10,576.6800000000001,565259,2385870,1927237,894473,871952,22521,1912556,76960,407012,39647,578.1709643634019,42.2,11.1,120.0,0.0,0.0,0.0,3.0,3.0,0.0,0.0,8457000.0,143824200.0,1654380.0,0.0,0.0,341901.0,30046.0,61913.0,43925.0,5450.0,1484.31,216.01999999999998,1700.33,0.0,3.0,3,3,0.0,0,0,0.0,216421.0,16510.0,11436.0,0.0,3.0,3.0,3.0,3.0,3.0,3.0,222.0,1457.0,35.0,24.0,40.0,37.0,8478.0,731.0,243.0,245.0,123.0,172.0,9.0,34.0,26.0,32.0,4.0,5.0,4.0,61.0,23.0,596.0,8.0,36.0,40.0,51.0,46.0,434.0,37.0,831.0,1738873900.0,1840345100.0,
14,11,210.16,58606,272271,219126,94569,91269,3300,221271,25686,35669,2352,781.9805569152118,37.4,12.8,230.0,0.0,0.0,0.0,3.0,3.0,0.0,0.0,3754290.0,18624500.0,4250200.0,0.0,0.0,39016.0,1808.0,10393.0,9926.0,1469.0,345.49,160.31,505.8,0.0,3.0,3,0,0.0,0,0,0.0,13575.0,736.0,780.0,0.0,3.0,3.0,3.0,3.0,3.0,0.0,16.0,52.0,3.0,13.0,21.0,4.0,1170.0,162.0,87.0,64.0,31.0,50.0,4.0,10.0,6.0,7.0,2.0,2.0,0.0,2.0,1.0,27.0,3.0,32.0,28.0,10.0,8.0,101.0,23.0,180.0,129469900.0,123393000.0,
14,12,231.55,94295,425697,315650,165185,155536,9649,337262,16677,67029,1522,578.1709643634019,40.6,9.0,370.0,0.0,0.0,0.0,3.0,0.0,0.0,0.0,843800.0,22660600.0,500000.0,0.0,0.0,44874.0,3256.0,13485.0,10465.0,1725.0,279.83,165.65,445.47999999999996,0.0,3.0,3,0,0.0,0,0,0.0,12006.0,51.0,117.0,0.0,0.0,3.0,3.0,3.0,0.0,3.0,19.0,112.0,11.0,18.0,0.0,14.0,2828.0,183.0,49.0,52.0,18.0,21.0,2.0,15.0,14.0,15.0,2.0,2.0,0.0,8.0,1.0,58.0,4.0,32.0,20.0,14.0,6.0,75.0,12.0,48.0,151507600.0,144777100.0,
14,13,137.68,162621,778113,536797,285268,279033,6235,644215,23745,132219,17454,787.5127102017938,43.7,14.5,350.0,0.0,0.0,0.0,3.0,3.0,0.0,0.0,90479000.0,54285640.0,8550000.0,1000.0,0.0,71527.0,5634.0,23929.0,14205.0,1304.0,361.20000000000005,109.87,471.07000000000005,0.0,3.0,3,3,0.0,0,0,0.0,6725.0,4562.0,859.0,0.0,3.0,3.0,3.0,0.0,3.0,0.0,70.0,302.0,3.0,9.0,19.0,10.0,3226.0,339.0,78.0,100.0,28.0,100.0,3.0,13.0,8.0,13.0,2.0,1.0,2.0,138.0,2.0,50.0,3.0,38.0,118.0,39.0,0.0,148.0,135.0,506.0,369945600.0,333447300.0,
14,14,140.07,146349,672130,533072,258473,242974,15499,528529,25265,86505,1957,777.9351268647201,42.5,14.1,371.0,0.0,0.0,0.0,3.0,0.0,0.0,3.0,1350000.0,98125000.0,512500.0,0.0,0.0,88874.0,12845.0,26243.0,20833.0,2968.0,533.5899999999999,212.95,746.54,0.0,3.0,3,0,0.0,0,0,0.0,29821.0,1563.0,10000.0,0.0,0.0,3.0,3.0,0.0,3.0,0.0,43.0,60.0,1.0,3.0,1.0,4.0,1247.0,295.0,106.0,99.0,94.0,83.0,4.0,19.0,8.0,19.0,4.0,3.0,0.0,49.0,2.0,111.0,9.0,40.0,36.0,12.0,21.0,143.0,21.0,694.0,425382000.0,329077700.0,
14,15,227.76000000000002,130973,584200,440882,209067,204509,4558,516076,18947,125446,10101,603.5370916587377,42.2,10.0,300.0,0.0,0.0,0.0,3.0,3.0,0.0,0.0,3025000.0,20685000.0,24960000.0,0.0,0.0,68972.0,2342.0,12746.0,13848.0,1835.0,285.48,309.07,594.5500000000001,0.0,0.0,3,0,0.0,0,0,0.0,54584.0,11536.0,12088.0,0.0,3.0,3.0,3.0,3.0,0.0,0.0,11.0,366.0,11.0,10.0,4.0,6.0,1192.0,132.0,69.0,76.0,32.0,98.0,3.0,15.0,10.0,12.0,4.0,3.0,2.0,25.0,5.0,221.0,3.0,28.0,21.0,32.0,8.0,88.0,70.0,216.0,351868300.0,274924100.0,
14,16,101.91,38717,183878,122777,67515,65599,1916,163213,9874,24840,3168,1322.5054879366223,46.1,19.0,426.0,0.0,0.0,0.0,3.0,0.0,0.0,3.0,11800000.0,6150000.0,0.0,0.0,0.0,14776.0,1074.0,5742.0,8080.0,293.0,133.84,28.97,162.81,0.0,0.0,3,0,0.0,0,0,0.0,683.0,4394.0,471.0,0.0,0.0,3.0,3.0,0.0,0.0,0.0,7.0,1.0,1.0,0.0,0.0,1.0,366.0,38.0,31.0,31.0,11.0,15.0,1.0,5.0,1.0,4.0,0.0,0.0,0.0,4.0,0.0,0.0,0.0,9.0,4.0,6.0,2.0,37.0,4.0,14.0,50558400.0,39709200.0,
14,17,183.56,80451,381408,250923,133672,130449,3223,342927,27513,48186,7906,781.9805569152118,44.3,12.5,512.0,0.0,0.0,0.0,3.0,0.0,0.0,3.0,1713764.0,22379000.0,1175000.0,0.0,0.0,31026.0,4333.0,10017.0,11713.0,929.0,354.65000000000003,71.61,426.26000000000005,0.0,0.0,3,0,0.0,0,0,0.0,7525.0,12987.0,3073.0,0.0,0.0,3.0,3.0,0.0,3.0,0.0,15.0,57.0,3.0,5.0,1.0,3.0,618.0,141.0,78.0,56.0,37.0,96.0,1.0,14.0,8.0,14.0,0.0,0.0,0.0,6.0,3.0,0.0,1.0,20.0,17.0,13.0,14.0,49.0,131.0,129.0,70143000.0,65543100.0,
14,18,92.13,58007,261756,185554,91933,88675,3258,235035,17202,41044,2503,895.338027413297,40.2,12.6,368.0,0.0,0.0,0.0,3.0,0.0,0.0,3.0,0.0,6315000.0,6742000.0,0.0,0.0,27642.0,1663.0,6272.0,8124.0,6462.0,295.26,66.57,361.83000000000004,0.0,0.0,3,0,0.0,0,0,0.0,11414.0,8650.0,270.0,0.0,0.0,3.0,3.0,0.0,3.0,0.0,8.0,14.0,1.0,2.0,1.0,2.0,866.0,98.0,70.0,61.0,16.0,49.0,3.0,11.0,8.0,11.0,1.0,0.0,1.0,18.0,3.0,75.0,4.0,18.0,12.0,16.0,19.0,53.0,11.0,154.0,47853500.0,43846500.0,
14,19,193.54000000000002,82375,409472,278531,143176,136406,6770,362964,29813,72072,26002,591.7786088289132,43.3,12.3,594.0,0.0,0.0,0.0,3.0,3.0,0.0,0.0,3059000.0,5030000.0,1507000.0,0.0,0.0,46217.0,1330.0,9909.0,14869.0,862.0,331.01,103.87,434.88,0.0,0.0,3,0,0.0,0,0,0.0,17257.0,10159.0,4354.0,0.0,3.0,3.0,3.0,0.0,3.0,0.0,9.0,24.0,5.0,3.0,1.0,2.0,726.0,187.0,97.0,89.0,36.0,65.0,1.0,19.0,16.0,14.0,2.0,2.0,1.0,10.0,18.0,80.0,1.0,23.0,18.0,21.0,7.0,75.0,222.0,179.0,101245500.0,93050600.0,
14,20,47.0,34389,158111,112353,56744,54631,2113,137136,19140,29015,2855,603.5370916587377,42.2,13.0,265.0,0.0,0.0,18.0,3.0,3.0,0.0,3.0,800000.0,2551000.0,2183000.0,0.0,15000.0,15341.0,987.0,3049.0,6166.0,1467.0,121.13000000000001,83.98,205.11,0.0,0.0,3,3,0.0,0,0,0.0,1610.0,1068.0,142.0,0.0,0.0,3.0,3.0,0.0,0.0,0.0,15.0,48.0,4.0,3.0,4.0,4.0,513.0,65.0,37.0,35.0,19.0,19.0,2.0,8.0,5.0,7.0,2.0,2.0,0.0,1.0,0.0,0.0,1.0,13.0,5.0,13.0,12.0,41.0,13.0,76.0,38412100.0,34586900.0,
14,21,67.41999999999999,57456,274058,194230,90763,86992,3771,251105,13723,56885,4245,591.7786088289132,47.8,18.0,477.0,0.0,0.0,0.0,3.0,3.0,0.0,3.0,8003500.0,4500000.0,400000.0,270000.0,0.0,24578.0,1395.0,6886.0,7924.0,941.0,237.9,114.21,352.11,0.0,0.0,3,0,0.0,0,0,0.0,4946.0,2288.0,1253.0,0.0,3.0,3.0,3.0,3.0,3.0,0.0,7.0,22.0,15.0,5.0,4.0,1.0,537.0,91.0,54.0,62.0,19.0,58.0,10.0,8.0,7.0,8.0,0.0,2.0,1.0,12.0,0.0,0.0,0.0,18.0,26.0,19.0,9.0,39.0,15.0,149.0,62286300.0,54803300.0,
14,22,65.52,68189,319338,239499,121059,116217,4842,267276,24015,37455,5966,1087.32469365526,48.0,8.8,463.0,0.0,0.0,0.0,3.0,3.0,0.0,3.0,4475000.0,6085000.0,2550000.0,0.0,0.0,30348.0,1312.0,6860.0,8633.0,1642.0,192.83,135.29,328.12,0.0,0.0,3,0,0.0,0,0,0.0,6855.0,5224.0,878.0,3.0,3.0,3.0,3.0,0.0,0.0,3.0,9.0,66.0,6.0,7.0,4.0,4.0,700.0,111.0,64.0,57.0,42.0,45.0,1.0,12.0,4.0,12.0,0.0,1.0,0.0,5.0,3.0,100.0,1.0,30.0,37.0,20.0,10.0,69.0,105.0,165.0,88942800.0,83131400.0,
14,23,150.88,109500,525750,404784,184862,181410,3452,449469,22990,62360,17640,1232.6764257278526,48.0,8.3,497.0,0.0,0.0,0.0,3.0,3.0,0.0,3.0,3612000.0,9525000.0,24500000.0,0.0,0.0,52729.0,1936.0,11910.0,14826.0,977.0,553.68,200.38,754.06,0.0,0.0,3,0,0.0,0,0,0.0,16689.0,10209.0,4464.0,0.0,0.0,3.0,3.0,0.0,3.0,0.0,19.0,211.0,3.0,6.0,11.0,18.0,1437.0,150.0,74.0,72.0,30.0,102.0,4.0,10.0,6.0,11.0,2.0,1.0,0.0,15.0,7.0,430.0,6.0,23.0,35.0,21.0,7.0,92.0,93.0,79.0,137451700.0,125401100.0,
14,24,165.28,132667,607861,488400,219588,210382,9206,497541,22978,97160,30979,1585.60941288329,48.3,12.0,574.0,0.0,0.0,0.0,3.0,0.0,0.0,3.0,10455000.0,19370000.0,851250.0,0.0,0.0,69718.0,2665.0,20852.0,19562.0,1417.0,407.13,527.27,934.4,0.0,3.0,3,0,0.0,0,0,0.0,14331.0,10366.0,2331.0,3.0,0.0,3.0,3.0,3.0,3.0,0.0,18.0,50.0,10.0,12.0,8.0,7.0,1259.0,257.0,126.0,108.0,61.0,158.0,8.0,21.0,9.0,17.0,1.0,2.0,1.0,11.0,3.0,110.0,5.0,30.0,68.0,60.0,54.0,82.0,79.0,150.0,160961100.0,153465600.0,
14,25,66.80999999999999,65867,300656,233899,105963,101987,3976,250968,24303,44352,27875,781.9805569152118,47.2,8.5,669.0,0.0,0.0,0.0,3.0,3.0,3.0,0.0,9100000.0,5450000.0,150000.0,0.0,0.0,35474.0,1389.0,7072.0,8286.0,1196.0,243.64,75.35,318.99,0.0,3.0,3,0,0.0,0,0,0.0,12656.0,4092.0,1477.0,0.0,3.0,3.0,3.0,0.0,3.0,0.0,16.0,75.0,1.0,5.0,4.0,5.0,818.0,124.0,73.0,67.0,31.0,57.0,2.0,14.0,7.0,12.0,1.0,1.0,0.0,3.0,2.0,150.0,3.0,20.0,29.0,17.0,13.0,48.0,11.0,137.0,95992900.0,88309600.0,
14,26,38.449999999999996,54182,244225,201068,81635,79038,2597,201882,13800,42492,23714,962.9203956741354,47.9,10.2,764.0,0.0,0.0,0.0,3.0,0.0,0.0,3.0,1000000.0,51073000.0,0.0,0.0,0.0,34918.0,1120.0,4390.0,7928.0,271.0,165.82,82.92,248.74,0.0,0.0,3,0,0.0,0,0,0.0,12681.0,2903.0,7.0,0.0,0.0,3.0,3.0,0.0,3.0,0.0,5.0,13.0,1.0,2.0,3.0,3.0,595.0,101.0,28.0,29.0,29.0,53.0,1.0,8.0,2.0,7.0,1.0,1.0,0.0,7.0,0.0,0.0,2.0,12.0,13.0,10.0,11.0,42.0,7.0,65.0,70844200.0,68934300.0,
14,27,364.65999999999997,370046,1720762,1392230,598376,579860,18516,1432538,48659,398996,222099,921.3957654446707,47.5,6.0,773.0,0.0,0.0,0.0,3.0,3.0,3.0,3.0,22875000.0,91531000.0,287000.0,1007000.0,0.0,237072.0,8258.0,57331.0,36520.0,895.0,1468.95,320.16,1789.1100000000001,0.0,3.0,3,3,0.0,0,3,0.0,89642.0,3810.0,3070.0,0.0,0.0,3.0,3.0,3.0,3.0,3.0,117.0,855.0,23.0,25.0,83.0,27.0,4832.0,772.0,273.0,375.0,302.0,378.0,7.0,31.0,16.0,32.0,6.0,6.0,3.0,189.0,4.0,200.0,6.0,44.0,101.0,58.0,45.0,229.0,21.0,446.0,613681400.0,561081900.0,
14,28,83.08000000000001,54716,236110,192320,87021,83454,3567,188873,16469,51311,21347,795.7969373865701,47.3,8.0,869.0,0.0,0.0,0.0,3.0,3.0,0.0,0.0,5300000.0,0.0,15625000.0,0.0,0.0,31209.0,1216.0,6297.0,10008.0,244.0,181.87,91.94,273.81,0.0,0.0,3,0,0.0,0,0,0.0,8886.0,3838.0,32.0,3.0,0.0,3.0,3.0,0.0,3.0,0.0,8.0,43.0,2.0,1.0,4.0,3.0,811.0,112.0,51.0,47.0,24.0,44.0,2.0,6.0,4.0,6.0,2.0,1.0,1.0,0.0,4.0,125.0,2.0,10.0,18.0,16.0,9.0,51.0,8.0,164.0,72776300.0,72185000.0,
14,29,162.26,102419,416877,315512,146099,141058,5041,350724,28837,105340,46124,895.338027413297,48.8,6.6,879.0,0.0,0.0,0.0,3.0,3.0,0.0,0.0,4060000.0,100000.0,13322000.0,0.0,0.0,41267.0,1709.0,6717.0,7954.0,6048.0,155.36,129.89,285.25,0.0,3.0,3,3,0.0,0,3,0.0,9676.0,988.0,20.0,3.0,3.0,3.0,3.0,3.0,3.0,0.0,17.0,7.0,7.0,1.0,3.0,1.0,627.0,141.0,52.0,48.0,20.0,49.0,2.0,9.0,8.0,8.0,0.0,1.0,1.0,7.0,8.0,187.0,4.0,29.0,15.0,16.0,7.0,59.0,14.0,119.0,85715200.0,82090700.0,
14,30,68.99000000000001,14327,57621,40740,24651,23044,1607,43914,8108,10919,10083,578.1709643634019,46.3,12.7,1025.0,0.0,0.0,2.0,3.0,0.0,0.0,0.0,0.0,1750000.0,500000.0,0.0,0.0,6253.0,198.0,1060.0,1565.0,134.0,29.07,25.74,54.81,0.0,3.0,3,0,0.0,0,0,0.0,1410.0,453.0,0.0,0.0,0.0,0.0,3.0,0.0,3.0,0.0,2.0,20.0,1.0,0.0,0.0,0.0,55.0,26.0,16.0,15.0,12.0,19.0,1.0,4.0,4.0,4.0,0.0,0.0,0.0,2.0,0.0,0.0,1.0,8.0,4.0,3.0,0.0,14.0,10.0,8.0,8389600.0,6455500.0,
15,04,1.0,1955,7955,3843,3904,3303,601,5769,1747,2,2829,1322.5054879366223,,,109.0,58.0,0.0,325.0,3.0,0.0,0.0,0.0,0.0,50000.0,0.0,0.0,0.0,314.0,0.0,250.0,10.0,0.0,2.0,6.0,8.0,0.0,0.0,3,0,0.0,0,0,0.0,150.0,0.0,460.0,3.0,0.0,0.0,0.0,0.0,0.0,0.0,0.0,0.0,1.0,0.0,0.0,0.0,4.0,8.0,4.0,1.0,0.0,0.0,0.0,0.0,0.0,0.0,0.0,0.0,0.0,0.0,0.0,0.0,0.0,1.0,1.0,0.0,0.0,1.0,1.0,1.0,77400.0,75400.0,
15,05,30.83,16893,86552,51331,44682,35615,9067,60060,16881,9357,509,1232.6764257278526,,,10.0,0.0,0.0,226.0,3.0,0.0,3.0,0.0,0.0,0.0,0.0,0.0,0.0,749.0,15.0,229.0,120.0,,27.61,24.72,50.33,0.0,0.0,3,0,0.0,0,0,0.0,10.0,,,0.0,0.0,0.0,3.0,0.0,3.0,3.0,2.0,1.0,11.0,1.0,0.0,0.0,138.0,100.0,47.0,33.0,3.0,9.0,0.0,8.0,7.0,3.0,0.0,0.0,0.0,,0.0,0.0,0.0,12.0,5.0,1.0,6.0,10.0,6.0,26.0,1811900.0,1584200.0,
15,06,39.07,10346,55348,34534,28795,24339,4456,37766,12544,70,1108,603.5370916587377,,,14.0,0.0,0.0,230.0,3.0,0.0,3.0,0.0,0.0,0.0,0.0,0.0,0.0,2592.0,0.0,0.0,0.0,0.0,,,,0.0,0.0,3,0,0.0,0,0,0.0,,,,0.0,0.0,0.0,3.0,0.0,3.0,0.0,0.0,0.0,8.0,0.0,0.0,0.0,74.0,112.0,21.0,18.0,3.0,11.0,0.0,5.0,5.0,0.0,0.0,0.0,0.0,0.0,0.0,0.0,0.0,11.0,5.0,1.0,0.0,13.0,6.0,9.0,1161900.0,1059000.0,
15,07,67.93,42972,248040,189270,85533,79723,5810,205470,31963,9949,19338,1366.9254315304947,39.0,0.5,0.0,0.0,0.0,45.0,3.0,0.0,3.0,3.0,4540300.0,0.0,0.0,0.0,0.0,6355.0,33.0,285.0,906.0,,28.0,62.0,90.0,0.0,0.0,3,0,0.0,0,0,0.0,0.0,0.0,25.0,0.0,0.0,0.0,3.0,0.0,3.0,0.0,3.0,14.0,7.0,3.0,2.0,3.0,875.0,301.0,142.0,74.0,13.0,16.0,2.0,11.0,8.0,2.0,1.0,0.0,1.0,37.0,1.0,51.0,8.0,23.0,19.0,7.0,12.0,29.0,,,8936700.0,8916900.0,
16,01,7.8,3521,16247,13220,7132,6848,284,13469,1967,62,18515,1070.4934298563123,24.0,1.9,66.0,0.0,10.0,167.0,3.0,0.0,0.0,3.0,341000.0,341000.0,0.0,0.0,0.0,2271.0,4.0,309.0,239.0,3.0,48.0,0.0,48.0,0.0,3.0,3,0,0.0,0,0,0.0,10.0,0.0,0.0,0.0,0.0,0.0,3.0,0.0,3.0,0.0,2.0,9.0,1.0,0.0,0.0,0.0,226.0,16.0,6.0,6.0,1.0,1.0,0.0,1.0,1.0,0.0,0.0,0.0,0.0,3.0,0.0,0.0,0.0,1.0,12.0,1.0,1.0,4.0,0.0,7.0,851500.0,738500.0,
16,02,33.2,41443,194816,163023,76600,75698,902,154543,15514,2290,125943,1009.9396336386345,26.2,0.08,0.0,0.0,0.0,99.0,3.0,3.0,0.0,0.0,1605000.0,112000.0,0.0,0.0,0.0,20272.0,1000025.0,4495.0,3360.0,69.0,27.58,0.0,256.69,0.0,3.0,3,0,0.0,0,0,0.0,4988.0,2316.0,0.0,0.0,0.0,3.0,3.0,0.0,3.0,3.0,9.0,9.0,0.0,2.0,0.0,3.0,1144.0,122.0,57.0,68.0,3.0,22.0,1.0,7.0,7.0,3.0,0.0,0.0,1.0,41.0,3.0,193.0,5.0,7.0,20.0,1.0,3.0,37.0,0.0,29.0,96986800.0,21738100.0,
16,03,76.0,2370,10666,7660,4546,4420,126,9793,2216,3,13732,1070.4934298563123,29.0,6.0,96.0,0.0,0.0,100.0,3.0,0.0,0.0,0.0,223000.0,0.0,0.0,0.0,0.0,704.0,10.0,155.0,5.0,0.0,28.1,13.7,41.8,0.0,3.0,3,0,0.0,0,0,0.0,,,,0.0,0.0,0.0,0.0,0.0,3.0,0.0,1.0,0.0,3.0,0.0,0.0,0.0,12.0,25.0,5.0,6.0,1.0,0.0,0.0,1.0,0.0,0.0,0.0,0.0,0.0,0.0,0.0,0.0,0.0,0.0,4.0,0.0,0.0,3.0,1.0,14.0,,,
16,04,9.72,2248,9205,6331,3742,3548,194,8262,2329,139,10116,1002.6460320601623,,,312.0,0.0,19.0,223.0,3.0,0.0,0.0,0.0,,0.0,,0.0,0.0,888.0,2.0,130.0,110.0,6.0,23.0,0.0,23.0,0.0,3.0,3,0,0.0,0,0,0.0,,,,0.0,0.0,0.0,0.0,0.0,3.0,0.0,1.0,1.0,0.0,1.0,0.0,1.0,30.0,13.0,7.0,3.0,1.0,0.0,0.0,0.0,0.0,0.0,0.0,0.0,0.0,5.0,0.0,0.0,0.0,0.0,0.0,1.0,0.0,2.0,1.0,6.0,176300.0,104100.0,
16,05,27.1,7852,42199,33036,14571,13909,662,37389,5156,1606,37528,1087.32469365526,34.75,10.38,323.0,0.0,0.0,118.0,3.0,0.0,0.0,0.0,0.0,240000.0,0.0,0.0,0.0,4037.0,132.0,641.0,888.0,75.0,35.0,0.0,55.0,0.0,3.0,3,0,0.0,0,0,0.0,4740.0,442.0,635.0,0.0,0.0,0.0,0.0,0.0,3.0,0.0,2.0,2.0,1.0,1.0,0.0,1.0,327.0,23.0,21.0,16.0,2.0,3.0,0.0,2.0,2.0,0.0,0.0,0.0,0.0,0.0,0.0,0.0,1.0,1.0,0.0,1.0,1.0,8.0,0.0,16.0,2112700.0,1560600.0,
17,01,449.0,46870,214474,201295,120307,99675,20632,139414,22364,109,242402,962.9203956741354,41.0,1.0,0.0,0.0,0.0,48.0,3.0,0.0,3.0,0.0,12151480.0,121987011.0,0.0,0.0,225000.0,31253.0,83.0,1848.0,6485.0,38.0,216.87,97.4,4647.09,0.0,0.0,3,0,0.0,0,3,0.0,1441.0,2601.0,6000.0,3.0,3.0,0.0,3.0,0.0,3.0,0.0,14.0,1.0,23.0,0.0,0.0,1.0,627.0,226.0,121.0,73.0,9.0,4.0,0.0,9.0,2.0,0.0,0.0,0.0,0.0,4.0,0.0,0.0,2.0,8.0,41.0,17.0,0.0,31.0,5.0,2.0,37389750.0,,
17,02,44.0,8173,37026,34319,21654,16701,4953,22902,4580,102,40133,752.4915937117574,37.3,4.4,177.0,0.0,0.0,337.0,3.0,0.0,0.0,3.0,0.0,150000.0,0.0,0.0,4817000.0,5408.0,28.0,378.0,1205.0,9.0,69.5,0.0,69.5,0.0,0.0,3,0,0.0,0,3,3.0,5810.0,,903.0,0.0,0.0,0.0,3.0,0.0,3.0,0.0,2.0,0.0,10.0,1.0,0.0,1.0,250.0,57.0,33.0,16.0,1.0,1.0,0.0,3.0,1.0,0.0,0.0,0.0,0.0,3.0,,,2.0,1.0,9.0,1.0,0.0,5.0,,25.0,,,
17,03,,2252,10734,9449,5037,4604,433,8632,1875,24,12917,144.6,0.0,0.0,388.0,0.0,79.0,568.0,0.0,0.0,3.0,0.0,0.0,30000.0,0.0,0.0,0.0,956.0,0.0,18.0,166.0,0.0,25.0,15.0,40.0,153.0,0.0,3,0,0.0,0,0,0.0,0.0,0.0,15.0,0.0,0.0,0.0,3.0,0.0,3.0,0.0,1.0,0.0,1.0,0.0,0.0,0.0,62.0,12.0,4.0,2.0,1.0,2.0,0.0,1.0,0.0,0.0,0.0,0.0,0.0,2.0,0.0,0.0,0.0,0.0,1.0,1.0,0.0,2.0,0.0,0.0,,,
18,01,58.74,24899,97181,81467,39151,39078,73,78245,5884,0,56897,,33.3,10.3,0.0,0.0,0.0,0.0,3.0,0.0,0.0,0.0,3000.0,693258.0,200000.0,0.0,0.0,13316.0,497.0,4059.0,1203.0,0.0,17.0,11.0,28.0,0.0,0.0,3,3,0.0,0,0,0.0,14300.0,1010.0,1720.0,0.0,0.0,0.0,3.0,0.0,0.0,0.0,5.0,11.0,0.0,0.0,2.0,0.0,368.0,31.0,24.0,15.0,0.0,6.0,1.0,3.0,0.0,2.0,0.0,0.0,0.0,5.0,0.0,0.0,3.0,7.0,6.0,6.0,6.0,18.0,4.0,9.0,12916.0,13013.0,
18,02,3.6,1852,6702,5470,3392,3392,0,4974,1466,0,5839,,23.16,15.87,154.0,0.0,0.0,219.0,3.0,0.0,0.0,0.0,270000.0,0.0,0.0,0.0,0.0,524.0,3.0,140.0,65.0,40.0,6.2,7.5,13.7,154.0,0.0,3,0,0.0,0,3,0.0,,,,0.0,0.0,0.0,0.0,0.0,3.0,0.0,1.0,0.0,0.0,0.0,0.0,0.0,50.0,5.0,3.0,1.0,0.0,1.0,0.0,1.0,0.0,0.0,0.0,0.0,0.0,0.0,0.0,0.0,1.0,2.0,1.0,2.0,0.0,2.0,5.0,2.0,,,
18,03,6.0,2044,9039,7513,3317,3317,0,8156,2459,0,9929,,20.69,15.17,150.0,0.0,0.0,153.0,3.0,0.0,0.0,0.0,0.0,100000.0,0.0,0.0,0.0,2020.0,0.0,50.0,200.0,0.0,6.0,20.0,26.0,0.0,0.0,3,0,0.0,0,0,0.0,36.0,24.0,16.0,0.0,0.0,0.0,3.0,3.0,0.0,0.0,1.0,1.0,0.0,0.0,0.0,1.0,50.0,6.0,10.0,3.0,0.0,3.0,0.0,1.0,0.0,0.0,0.0,0.0,0.0,0.0,0.0,0.0,0.0,0.0,1.0,1.0,0.0,3.0,0.0,0.0,22700.0,21700.0,
18,04,5.92,2480,11645,10254,4029,4029,0,10348,2568,0,11883,,21.47,12.61,80.0,0.0,0.0,154.0,3.0,0.0,0.0,0.0,450000.0,225000.0,0.0,0.0,0.0,1579.0,21.0,308.0,201.0,0.0,14.0,15.0,29.0,0.0,0.0,0,0,0.0,0,3,0.0,250.0,0.0,2000.0,0.0,0.0,0.0,3.0,0.0,0.0,0.0,1.0,1.0,0.0,0.0,0.0,0.0,50.0,3.0,4.0,5.0,1.0,2.0,0.0,1.0,0.0,0.0,0.0,0.0,0.0,0.0,0.0,0.0,0.0,1.0,1.0,1.0,0.0,3.0,2.0,8.0,18.0,18.0,
18,05,32.0,5008,21201,18582,7586,7586,0,17217,2270,0,19491,,23.6,15.6,280.0,0.0,0.0,60.0,3.0,3.0,0.0,0.0,0.0,236389.0,0.0,0.0,0.0,2468.0,217.0,171.0,950.0,5.0,6.0,12.0,18.0,0.0,0.0,3,0,0.0,0,0,0.0,2600.0,0.0,3700.0,0.0,0.0,0.0,3.0,0.0,0.0,3.0,2.0,2.0,0.0,0.0,0.0,1.0,200.0,12.0,3.0,8.0,2.0,3.0,0.0,1.0,1.0,1.0,0.0,0.0,1.0,0.0,0.0,0.0,0.0,2.0,1.0,1.0,0.0,9.0,3.0,5.0,93.0,44.0,
18,06,31.98,4014,16657,12740,7241,7240,1,13777,1903,0,15471,,176.5,1136.6,280.0,0.0,0.0,195.0,3.0,0.0,0.0,0.0,0.0,10000.0,0.0,0.0,0.0,1735.0,22.0,566.0,538.0,160.0,8.0,52.0,60.0,0.0,0.0,3,0,0.0,0,0,0.0,521.0,28.0,2059.0,0.0,0.0,0.0,3.0,3.0,0.0,0.0,1.0,0.0,0.0,0.0,0.0,0.0,118.0,5.0,2.0,2.0,1.0,1.0,0.0,1.0,0.0,0.0,0.0,0.0,0.0,2.0,0.0,0.0,1.0,1.0,1.0,0.0,1.0,2.0,1.0,1.0,39800.0,28300.0,
18,07,9.0,1990,8659,6144,3415,3396,19,7375,2172,0,8167,,24.0,9.0,354.0,0.0,0.0,62.0,3.0,0.0,0.0,0.0,0.0,400000.0,0.0,0.0,0.0,600.0,5.0,150.0,180.0,0.0,6.2,9.3,15.5,0.0,0.0,3,0,0.0,0,0,0.0,500.0,0.0,960.0,0.0,0.0,0.0,3.0,0.0,3.0,0.0,1.0,0.0,0.0,0.0,0.0,2.0,50.0,8.0,4.0,1.0,1.0,2.0,0.0,0.0,0.0,0.0,0.0,0.0,0.0,0.0,0.0,0.0,1.0,1.0,1.0,2.0,0.0,4.0,0.0,0.0,32.0,32.0,
19,01,323.63,89069,390032,263251,140065,134943,5122,322543,26025,77692,60393,,47.0,7.0,280.0,0.0,0.0,0.0,3.0,3.0,0.0,3.0,21966272.0,0.0,2838.0,272760.0,929200.0,24441.0,1714.0,6665.0,7780.0,249.0,418.0,736.0,1154.0,0.0,0.0,3,0,0.0,0,0,3.0,13607.0,4735.0,2092.0,3.0,3.0,3.0,3.0,3.0,0.0,3.0,18.0,17.0,1.0,9.0,2.0,4.0,1511.0,223.0,74.0,60.0,4.0,19.0,2.0,16.0,11.0,8.0,1.0,1.0,1.0,59.0,0.0,0.0,2.0,16.0,35.0,18.0,15.0,39.0,13.0,30.0,62631300.0,54452600.0,
19,02,252.82000000000002,108069,446398,334579,150052,147615,2437,374953,24041,49303,106281,,48.9,15.0,372.0,0.0,0.0,0.0,3.0,0.0,0.0,3.0,62317813.0,64874953.0,0.0,0.0,0.0,47313.0,651.0,16187.0,8030.0,28.0,488.0,267.0,755.0,0.0,3.0,3,3,0.0,0,0,3.0,33727.0,512.0,2.0,3.0,3.0,0.0,3.0,3.0,0.0,0.0,17.0,19.0,0.0,6.0,0.0,13.0,1095.0,150.0,76.0,56.0,42.0,69.0,5.0,14.0,5.0,6.0,1.0,1.0,0.0,45.0,3.0,246.0,3.0,9.0,30.0,12.0,13.0,11.0,4.0,17.0,43859000.0,43158900.0,
19,03,183.45,33023,139323,89336,50175,48836,1339,116699,17156,24096,40551,2908.2,48.5,12.0,155.0,0.0,0.0,0.0,3.0,3.0,0.0,3.0,250000.0,6193709.0,0.0,0.0,0.0,8688.0,248.0,2839.0,2329.0,67.0,143.0,415.0,558.0,0.0,3.0,3,0,0.0,0,0,0.0,9425.0,860.0,283.0,0.0,3.0,3.0,3.0,0.0,0.0,0.0,11.0,9.0,2.0,5.0,0.0,1.0,366.0,96.0,37.0,30.0,4.0,9.0,1.0,4.0,2.0,2.0,0.0,0.0,1.0,22.0,0.0,0.0,5.0,5.0,13.0,15.0,13.0,20.0,7.0,22.0,14349800.0,15395400.0,
19,04,70.89,20882,99667,72863,34744,33373,1371,81505,9568,13072,21314,1746.2,44.6,14.4,246.0,0.0,0.0,0.0,3.0,3.0,0.0,3.0,1000120.0,0.0,1072629.0,0.0,0.0,20671.0,7323.0,4777.0,2558.0,13.0,98.0,158.0,256.0,0.0,0.0,3,3,0.0,0,0,0.0,2993.0,225.0,1849.0,0.0,0.0,3.0,3.0,0.0,0.0,0.0,6.0,1.0,0.0,5.0,0.0,2.0,407.0,64.0,26.0,18.0,2.0,12.0,1.0,7.0,5.0,3.0,0.0,0.0,1.0,1.0,3.0,0.0,2.0,6.0,6.0,5.0,4.0,25.0,7.0,3.0,12329800.0,11583900.0,
19,05,188.76999999999998,41065,219336,145164,73208,71654,1554,190785,18796,27704,16103,2142.2,42.0,12.1,142.0,0.0,0.0,0.0,3.0,0.0,3.0,3.0,18184000.0,0.0,0.0,0.0,0.0,15003.0,366.0,5979.0,5616.0,1.0,401.0,642.0,1043.0,0.0,0.0,3,0,0.0,0,3,0.0,3202.0,0.0,2769.0,0.0,3.0,3.0,3.0,0.0,0.0,0.0,10.0,9.0,1.0,10.0,0.0,1.0,425.0,176.0,62.0,44.0,12.0,23.0,0.0,12.0,5.0,7.0,0.0,0.0,1.0,1.0,0.0,0.0,3.0,13.0,5.0,10.0,9.0,42.0,16.0,53.0,21039000.0,20903400.0,
19,06,277.58,118178,582573,449356,201007,197351,3656,477612,36056,90273,14199,1536.5,48.0,8.9,23.0,0.0,0.0,0.0,3.0,3.0,0.0,3.0,15956460.0,5727960.0,0.0,36368.0,0.0,54849.0,1270.0,15529.0,11215.0,632.0,479.0,637.0,1116.0,0.0,0.0,3,3,0.0,0,0,0.0,15954.0,29397.0,1262.0,0.0,3.0,3.0,3.0,3.0,0.0,0.0,22.0,24.0,1.0,12.0,0.0,9.0,2225.0,275.0,84.0,75.0,7.0,54.0,2.0,25.0,14.0,10.0,1.0,0.0,2.0,42.0,3.0,370.0,7.0,27.0,19.0,66.0,70.0,103.0,23.0,121.0,86313800.0,83148200.0,
19,07,131.56,35938,158343,122026,55694,54455,1239,132541,26231,25535,11357,3194.1000000000004,45.0,14.3,95.0,0.0,0.0,0.0,3.0,3.0,0.0,3.0,3049489.0,0.0,16788838974.0,0.0,545520.0,23210.0,367.0,3670.0,9242.0,29.0,222.0,210.0,432.0,0.0,3.0,3,3,0.0,0,3,0.0,14257.0,1138.0,221.0,0.0,3.0,3.0,3.0,3.0,3.0,0.0,14.0,5.0,0.0,4.0,0.0,2.0,621.0,92.0,39.0,21.0,8.0,7.0,0.0,7.0,5.0,4.0,0.0,0.0,0.0,21.0,0.0,0.0,2.0,9.0,13.0,15.0,16.0,44.0,12.0,20.0,13875700.0,14683000.0,
19,08,49.96,10393,43383,32661,15313,14635,678,35807,7542,10209,4671,1536.5,40.0,13.0,211.0,0.0,0.0,99.0,3.0,0.0,0.0,3.0,0.0,131843.0,895568.0,0.0,0.0,4027.0,56.0,1082.0,1064.0,14.0,84.0,36.0,120.0,0.0,0.0,3,0,0.0,0,0,0.0,1807.0,1145.0,121.0,0.0,3.0,3.0,3.0,0.0,0.0,0.0,4.0,1.0,0.0,3.0,0.0,1.0,316.0,43.0,14.0,8.0,3.0,4.0,0.0,4.0,1.0,2.0,0.0,0.0,0.0,0.0,0.0,0.0,0.0,3.0,2.0,5.0,5.0,12.0,4.0,5.0,3139600.0,2935100.0,
19,09,121.95,30149,139437,94422,49513,47786,1727,114737,15705,25316,8399,1726.9000000000003,48.0,7.0,279.0,0.0,0.0,0.0,3.0,3.0,3.0,3.0,45460.0,0.0,227304.0,354594.0,0.0,9410.0,439.0,3293.0,3251.0,163.0,141.0,295.0,436.0,0.0,0.0,3,0,0.0,0,3,0.0,2750.0,2748.0,1513.0,3.0,3.0,3.0,3.0,0.0,0.0,0.0,12.0,4.0,0.0,7.0,1.0,2.0,350.0,88.0,22.0,19.0,4.0,8.0,0.0,9.0,5.0,5.0,1.0,0.0,0.0,1.0,1.0,0.0,1.0,8.0,8.0,14.0,13.0,26.0,6.0,13.0,10985400.0,12743200.0,
19,10,80.67,19669,87313,53327,31988,30985,1003,71940,11153,16860,6935,2121.1,48.0,10.0,418.0,0.0,0.0,0.0,3.0,3.0,0.0,3.0,0.0,409140.0,2159400.0,0.0,0.0,3581.0,293.0,1433.0,2513.0,55.0,83.0,142.0,225.0,0.0,0.0,3,0,0.0,0,0,0.0,2468.0,660.0,2484.0,0.0,3.0,3.0,3.0,0.0,0.0,0.0,11.0,1.0,0.0,5.0,0.0,2.0,419.0,78.0,24.0,16.0,1.0,4.0,0.0,5.0,2.0,2.0,0.0,0.0,1.0,21.0,0.0,0.0,2.0,3.0,10.0,4.0,4.0,18.0,8.0,6.0,11105000.0,11035100.0,
19,11,288.04,72404,283013,179263,105591,102120,3471,231985,30897,57594,48804,2142.2,48.0,5.0,342.0,0.0,0.0,0.0,3.0,3.0,0.0,3.0,4505174.0,700097.0,29776890.0,136382.0,181480.0,28449.0,715.0,6127.0,9311.0,257.0,458.0,449.0,907.0,0.0,3.0,3,0,0.0,0,0,0.0,17105.0,4552.0,4322.0,0.0,3.0,3.0,3.0,3.0,0.0,0.0,24.0,13.0,1.0,14.0,0.0,5.0,914.0,249.0,48.0,38.0,22.0,9.0,1.0,12.0,8.0,10.0,0.0,0.0,0.0,3.0,1.0,0.0,3.0,20.0,15.0,14.0,37.0,45.0,20.0,32.0,28747200.0,28072800.0,
19,12,280.47999999999996,86550,401663,276444,134839,129004,5835,335683,49595,60634,3285,1536.5,51.5,10.0,120.0,0.0,0.0,0.0,3.0,3.0,3.0,3.0,6858500.0,45460.0,1254720.0,590499.0,0.0,44817.0,863.0,11374.0,8530.0,228.0,391.0,348.0,739.0,0.0,0.0,3,0,0.0,0,0,0.0,17487.0,6358.0,4002.0,0.0,3.0,3.0,3.0,3.0,0.0,0.0,22.0,17.0,1.0,22.0,0.0,8.0,1434.0,267.0,71.0,74.0,14.0,32.0,2.0,26.0,16.0,13.0,1.0,0.0,1.0,25.0,3.0,40.0,6.0,28.0,19.0,34.0,40.0,87.0,32.0,71.0,59338600.0,61152500.0,
19,13,294.42,131016,609218,478847,214439,212352,2087,491565,32479,72357,19416,2184.8,39.9,15.0,0.0,0.0,0.0,0.0,3.0,3.0,0.0,3.0,48114330.0,9000000.0,250000.0,0.0,0.0,49143.0,7355.0,20389.0,16012.0,368.0,926.0,809.0,1735.0,0.0,3.0,3,0,0.0,0,0,0.0,40772.0,7776.0,3062.0,0.0,3.0,3.0,3.0,3.0,0.0,0.0,26.0,37.0,2.0,10.0,0.0,4.0,1395.0,210.0,64.0,61.0,10.0,19.0,1.0,20.0,9.0,10.0,3.0,2.0,3.0,5.0,1.0,0.0,3.0,21.0,18.0,27.0,26.0,86.0,28.0,74.0,134636500.0,106841600.0,
20,01,76.42000000000002,64135,326810,240816,105572,105409,163,280840,33872,86484,0,1852.2,40.2,3.6,232.0,0.0,0.0,0.0,3.0,0.0,0.0,3.0,16012000.0,0.0,0.0,0.0,0.0,60307.0,4413.0,18900.0,7886.0,608.0,,,157.42,0.0,3.0,3,0,0.0,0,0,0.0,9297.0,28030.0,10014.0,3.0,3.0,3.0,3.0,3.0,0.0,3.0,15.0,21.0,3.0,8.0,1.0,1.0,738.0,81.0,35.0,42.0,23.0,10.0,2.0,17.0,7.0,4.0,0.0,0.0,0.0,4.0,0.0,0.0,1.0,8.0,7.0,11.0,9.0,76.0,7.0,99.0,54692800.0,56160200.0,
20,02,193.35000000000002,137055,718963,531534,257884,257879,5,595947,23029,161973,0,2710.7,40.2,3.6,189.0,0.0,0.0,0.0,3.0,0.0,0.0,3.0,20181000.0,0.0,0.0,0.0,0.0,110316.0,13045.0,50233.0,22128.0,3127.0,,,673.39,0.0,3.0,3,0,0.0,0,0,0.0,62233.0,19262.0,2721.0,3.0,3.0,3.0,3.0,3.0,0.0,3.0,23.0,31.0,16.0,2.0,0.0,4.0,2894.0,145.0,58.0,53.0,41.0,8.0,3.0,32.0,31.0,26.0,3.0,0.0,1.0,7.0,2.0,160.0,3.0,26.0,17.0,16.0,33.0,170.0,12.0,46.0,408904900.0,406909800.0,
20,03,94.25,60350,317514,216411,111520,110095,1425,272880,24986,72701,0,1852.2,40.2,4.4,170.0,0.0,0.0,0.0,3.0,0.0,0.0,3.0,22642000.0,0.0,0.0,0.0,0.0,61274.0,4761.0,16394.0,5240.0,589.0,,,317.55,0.0,3.0,3,0,0.0,0,3,0.0,16450.0,15350.0,6473.0,3.0,3.0,3.0,3.0,3.0,3.0,3.0,13.0,18.0,3.0,5.0,0.0,3.0,946.0,62.0,13.0,30.0,16.0,7.0,1.0,13.0,9.0,2.0,0.0,0.0,0.0,1.0,2.0,43.0,4.0,16.0,13.0,12.0,15.0,74.0,3.0,117.0,85528800.0,73477700.0,
20,04,197.19,220781,1045911,750031,400957,400957,0,841824,24606,177361,0,1746.2,40.2,5.5,59.0,0.0,0.0,0.0,3.0,3.0,0.0,3.0,25466000.0,0.0,0.0,0.0,0.0,194135.0,19769.0,63108.0,418.0,2034.0,,,1072.39,0.0,3.0,3,0,0.0,0,0,0.0,355408.0,7874.0,692.0,3.0,0.0,3.0,3.0,3.0,3.0,3.0,19.0,45.0,8.0,4.0,0.0,2.0,2359.0,469.0,22.0,56.0,38.0,11.0,1.0,23.0,19.0,3.0,3.0,1.0,0.0,2.0,0.0,0.0,5.0,23.0,9.0,9.0,10.0,185.0,12.0,34.0,281276300.0,276294500.0,
20,05,145.79,122008,620095,473564,216251,215118,1133,512551,36020,213644,0,2710.7,40.2,2.2,86.0,0.0,0.0,0.0,3.0,3.0,0.0,3.0,47373000.0,0.0,0.0,0.0,0.0,118259.0,10293.0,50674.0,4138.0,308.0,,,555.7,0.0,3.0,3,0,0.0,0,0,0.0,11285.0,11978.0,3520.0,3.0,3.0,3.0,3.0,3.0,3.0,3.0,20.0,59.0,5.0,10.0,0.0,3.0,1524.0,180.0,30.0,69.0,40.0,13.0,1.0,26.0,20.0,6.0,1.0,1.0,0.0,2.0,0.0,0.0,2.0,12.0,2.0,12.0,14.0,102.0,8.0,95.0,227317200.0,215610500.0,
20,06,77.0,28597,141225,107112,51388,51220,168,115217,7092,38271,0,3601.4999999999995,38.3,2.2,122.0,0.0,0.0,0.0,3.0,0.0,0.0,3.0,33200000.0,0.0,0.0,0.0,0.0,29214.0,1999.0,6758.0,4846.0,18.0,,,131.65,0.0,3.0,3,0,0.0,0,0,0.0,17002.0,2135.0,5070.0,0.0,3.0,3.0,0.0,3.0,0.0,3.0,4.0,16.0,0.0,2.0,0.0,2.0,270.0,39.0,18.0,23.0,11.0,8.0,3.0,8.0,3.0,2.0,0.0,0.0,0.0,2.0,1.0,60.0,4.0,5.0,3.0,6.0,6.0,59.0,0.0,11.0,39019800.0,38189500.0,
20,07,81.78999999999999,39308,188818,149476,64418,64044,374,157720,23011,56195,0,2083.7999999999997,40.2,2.2,92.0,0.0,0.0,0.0,3.0,0.0,0.0,3.0,825000.0,0.0,0.0,0.0,0.0,34139.0,1302.0,13874.0,4680.0,708.0,,,151.20999999999998,0.0,3.0,3,0,0.0,0,0,0.0,15775.0,2180.0,2279.0,3.0,3.0,3.0,3.0,3.0,0.0,3.0,8.0,15.0,4.0,4.0,3.0,1.0,574.0,52.0,12.0,27.0,19.0,12.0,1.0,12.0,7.0,4.0,0.0,0.0,0.0,2.0,2.0,148.0,4.0,9.0,7.0,12.0,14.0,60.0,22.0,41.0,44311000.0,42790000.0,
20,08,82.1,48086,196581,159523,70433,70414,19,161884,19170,39109,0,1824.6999999999998,42.4,3.4,4.0,0.0,0.0,0.0,3.0,0.0,0.0,3.0,63369000.0,0.0,0.0,0.0,0.0,38602.0,1331.0,8574.0,5360.0,479.0,,,538.0,0.0,3.0,3,0,0.0,0,3,0.0,3830.0,2975.0,24.0,3.0,3.0,3.0,3.0,3.0,0.0,3.0,9.0,20.0,1.0,1.0,0.0,3.0,565.0,54.0,12.0,27.0,14.0,11.0,0.0,6.0,5.0,1.0,0.0,0.0,0.0,0.0,0.0,0.0,5.0,6.0,6.0,9.0,6.0,53.0,2.0,145.0,70379800.0,74012000.0,
20,09,135.11,94346,478519,358743,166062,165711,351,400911,29639,67613,0,2742.5,42.4,3.4,20.0,0.0,0.0,0.0,3.0,3.0,3.0,3.0,64312000.0,0.0,0.0,0.0,0.0,137867.0,4892.0,33256.0,8749.0,6444.0,,,779.66,0.0,3.0,3,3,0.0,0,3,3.0,22314.0,44691.0,8853.0,3.0,3.0,3.0,3.0,3.0,3.0,3.0,17.0,34.0,1.0,8.0,3.0,3.0,1954.0,120.0,77.0,45.0,35.0,14.0,1.0,15.0,13.0,7.0,2.0,1.0,0.0,2.0,3.0,30.0,2.0,13.0,4.0,15.0,11.0,131.0,6.0,19.0,139814000.0,136712000.0,
20,10,84.63000000000001,68387,347451,209942,122955,122163,792,295039,28907,78575,0,2742.5,41.2,5.1,98.0,0.0,0.0,0.0,3.0,3.0,0.0,3.0,7289000.0,0.0,0.0,0.0,0.0,70962.0,3301.0,21465.0,61.0,1457.0,,,277.15,0.0,3.0,3,0,0.0,3,3,0.0,10717.0,20670.0,5522.0,3.0,3.0,3.0,3.0,3.0,3.0,3.0,14.0,19.0,6.0,9.0,2.0,2.0,747.0,110.0,15.0,42.0,14.0,8.0,2.0,19.0,8.0,6.0,0.0,0.0,0.0,5.0,0.0,0.0,7.0,10.0,8.0,19.0,9.0,74.0,0.0,0.0,69066600.0,69429300.0,
20,11,153.36,59935,292321,192556,103894,103212,682,247239,25771,78130,0,2742.5,41.2,5.1,169.0,0.0,0.0,0.0,3.0,3.0,0.0,3.0,13850500.0,4550000.0,0.0,0.0,0.0,72794.0,2010.0,16146.0,6319.0,150.0,,,243.21,0.0,3.0,3,0,0.0,3,3,0.0,9858.0,4666.0,1775.0,3.0,0.0,3.0,3.0,3.0,3.0,3.0,13.0,27.0,2.0,6.0,0.0,2.0,641.0,71.0,37.0,35.0,12.0,9.0,0.0,11.0,8.0,5.0,1.0,1.0,0.0,4.0,0.0,0.0,5.0,10.0,7.0,10.0,12.0,81.0,10.0,282.0,108463900.0,116602900.0,
20,12,119.81,72874,366475,243765,130272,129402,870,309567,21630,110030,0,2742.5,41.2,4.4,128.0,0.0,0.0,0.0,3.0,0.0,0.0,3.0,10838000.0,128000.0,0.0,0.0,0.0,72815.0,13725.0,9164.0,2244.0,1432.0,,,265.5,0.0,3.0,3,0,0.0,0,0,0.0,16446.0,7730.0,5865.0,3.0,0.0,3.0,3.0,3.0,3.0,0.0,14.0,16.0,0.0,2.0,1.0,2.0,1176.0,83.0,7.0,27.0,25.0,11.0,0.0,15.0,9.0,7.0,1.0,0.0,0.0,4.0,0.0,0.0,4.0,20.0,12.0,11.0,19.0,92.0,6.0,74.0,100127700.0,98424700.0,
21,01,114.72,93543,450458,289121,156400,153895,2505,395712,41778,107422,5344,3973.1999999999994,49.0,0.2,343.0,0.0,0.0,0.0,3.0,3.0,3.0,3.0,8674700.0,1950950.0,0.0,0.0,0.0,56866.0,2438.0,17557.0,10652.0,1799.0,422.10999999999996,449.86,871.97,0.0,3.0,3,0,0.0,0,3,0.0,40875.0,9957.0,29035.0,3.0,3.0,3.0,3.0,3.0,3.0,3.0,18.0,28.0,7.0,8.0,6.0,9.0,839.0,190.0,139.0,38.0,40.0,7.0,0.0,11.0,7.0,7.0,0.0,0.0,2.0,2.0,3.0,0.0,3.0,28.0,9.0,15.0,17.0,156.0,28.0,33.0,75332900.0,76394600.0,
21,02,184.84,74127,398055,266745,129889,127102,2787,351253,11489,57491,1817,1536.5,46.8,0.08,319.0,0.0,0.0,0.0,3.0,3.0,3.0,3.0,16021716.0,0.0,0.0,0.0,0.0,61673.0,1439.0,11026.0,18000.0,166.0,239.54000000000002,22.28,261.82,0.0,3.0,3,0,0.0,0,0,0.0,21763.0,21145.0,704.0,3.0,0.0,3.0,3.0,0.0,0.0,0.0,15.0,37.0,0.0,4.0,1.0,4.0,1489.0,161.0,116.0,38.0,26.0,12.0,1.0,6.0,3.0,5.0,1.0,0.0,1.0,1.0,1.0,32.0,3.0,5.0,4.0,6.0,11.0,41.0,3.0,4.0,27588600.0,32537500.0,
21,03,191.23000000000002,63794,353837,190696,112994,107872,5122,333045,33642,55920,2542,2142.2,47.6,0.0,192.0,0.0,0.0,0.0,3.0,3.0,3.0,3.0,7273550.0,0.0,0.0,0.0,0.0,32739.0,1095.0,6748.0,8670.0,413.0,141.75,26.5,168.25,0.0,0.0,3,0,3.0,0,3,0.0,17221.0,10048.0,18927.0,3.0,3.0,3.0,3.0,0.0,3.0,3.0,39.0,59.0,1.0,10.0,5.0,13.0,737.0,160.0,60.0,15.0,26.0,8.0,0.0,7.0,2.0,5.0,0.0,0.0,0.0,1.0,1.0,0.0,2.0,10.0,1.0,15.0,17.0,51.0,4.0,13.0,29475700.0,28867400.0,
21,04,141.70000000000002,44734,261489,153719,77872,72643,5229,247172,45053,49422,2364,3231.5,45.4,0.0,130.0,0.0,0.0,0.0,3.0,3.0,3.0,3.0,3711420.0,13300000.0,0.0,600000.0,0.0,31414.0,1303.0,7169.0,4399.0,2374.0,85.45000000000002,48.54,133.99,0.0,3.0,3,0,3.0,0,3,3.0,24359.0,6083.0,14948.0,3.0,3.0,3.0,3.0,3.0,3.0,3.0,36.0,38.0,3.0,8.0,0.0,18.0,1071.0,123.0,47.0,18.0,32.0,4.0,0.0,9.0,3.0,7.0,0.0,1.0,1.0,14.0,1.0,76.0,3.0,11.0,13.0,18.0,18.0,47.0,22.0,12.0,25536100.0,22184100.0,
21,05,159.34,54247,264220,192163,93183,90484,2699,227104,19921,46038,7665,3973.1999999999994,45.6,0.21,115.0,0.0,0.0,0.0,3.0,3.0,0.0,3.0,60018700.0,567500.0,0.0,0.0,0.0,37231.0,1834.0,10979.0,5405.0,1127.0,260.1,156.5,416.6,0.0,3.0,3,3,0.0,0,3,0.0,15586.0,2706.0,900.0,0.0,3.0,3.0,3.0,0.0,3.0,0.0,12.0,11.0,3.0,6.0,2.0,8.0,791.0,112.0,51.0,29.0,19.0,13.0,1.0,5.0,2.0,2.0,1.0,0.0,1.0,2.0,1.0,32.0,3.0,9.0,7.0,7.0,6.0,47.0,6.0,5.0,29086600.0,28136400.0,
21,06,130.56,51287,259957,164745,87753,82248,5505,233050,27445,73556,3157,3717.2,46.5,3.7,140.0,0.0,0.0,0.0,3.0,3.0,3.0,3.0,2587560.0,634000.0,0.0,0.0,0.0,28623.0,1105.0,8729.0,6965.0,1279.0,224.03,166.13,390.15999999999997,0.0,3.0,3,3,0.0,0,0,0.0,11156.0,9359.0,498.0,3.0,3.0,3.0,3.0,0.0,0.0,0.0,14.0,17.0,3.0,5.0,8.0,10.0,721.0,162.0,76.0,28.0,18.0,9.0,1.0,3.0,2.0,2.0,0.0,0.0,1.0,3.0,1.0,0.0,3.0,13.0,3.0,8.0,9.0,30.0,9.0,81.0,29493400.0,30092000.0,
21,07,64.3,18930,101974,55377,32337,32150,187,96488,8887,21973,506,3550.3,47.0,2.7,276.0,0.0,0.0,0.0,0.0,3.0,0.0,3.0,1583000.0,0.0,0.0,0.0,0.0,4538.0,449.0,1892.0,2740.0,204.0,55.5,21.25,76.75,0.0,0.0,3,0,0.0,0,0,0.0,3105.0,6805.0,268.0,3.0,0.0,3.0,3.0,0.0,0.0,0.0,3.0,5.0,2.0,2.0,1.0,5.0,226.0,43.0,24.0,10.0,4.0,0.0,0.0,1.0,1.0,1.0,0.0,0.0,0.0,3.0,0.0,0.0,0.0,4.0,0.0,4.0,1.0,13.0,7.0,5.0,7869200.0,7752000.0,
21,08,166.79000000000002,45393,233159,140754,78821,74331,4490,212453,20379,58192,9544,1726.9000000000003,46.7,1.0,115.0,0.0,0.0,0.0,3.0,3.0,3.0,3.0,203500.0,7083000.0,0.0,0.0,0.0,22219.0,896.0,8320.0,5288.0,2139.0,130.5,96.5,227.0,0.0,3.0,3,0,0.0,0,3,3.0,12762.0,10426.0,9502.0,3.0,3.0,3.0,3.0,0.0,3.0,3.0,15.0,15.0,1.0,5.0,1.0,8.0,588.0,94.0,44.0,10.0,13.0,10.0,1.0,4.0,3.0,3.0,0.0,0.0,0.0,30.0,1.0,10.0,2.0,12.0,0.0,4.0,5.0,36.0,16.0,16.0,24483100.0,23170500.0,
21,09,524.77,321167,1536933,1035440,527407,518048,9359,1339232,55400,238876,64051,2872.0,45.0,1.0,0.0,0.0,0.0,0.0,3.0,3.0,0.0,3.0,1781500.0,3835500.0,0.0,0.0,0.0,197242.0,7770.0,62765.0,118853.0,6349.0,1074.57,351.87,1426.44,0.0,3.0,3,3,0.0,0,3,3.0,72489.0,12985.0,3036.0,3.0,3.0,3.0,3.0,0.0,3.0,3.0,39.0,107.0,4.0,20.0,8.0,27.0,4605.0,791.0,322.0,67.0,107.0,42.0,1.0,16.0,11.0,15.0,4.0,1.0,2.0,12.0,1.0,46.0,3.0,35.0,7.0,17.0,29.0,206.0,28.0,15.0,211733600.0,209472200.0,
21,10,191.69,50402,303904,168348,94323,88625,5698,293198,29518,44154,3968,1536.5,44.8,1.08,53.0,0.0,0.0,0.0,3.0,3.0,0.0,3.0,5586370.0,5105000.0,0.0,0.0,0.0,33598.0,1407.0,10774.0,13277.0,1544.0,130.4,125.85000000000001,256.25,0.0,3.0,3,0,0.0,0,3,3.0,9590.0,4854.0,1607.0,3.0,0.0,3.0,3.0,0.0,3.0,3.0,28.0,32.0,1.0,7.0,0.0,14.0,1046.0,105.0,35.0,18.0,20.0,13.0,0.0,7.0,5.0,5.0,1.0,0.0,1.0,58.0,0.0,0.0,3.0,11.0,2.0,14.0,11.0,45.0,7.0,23.0,25809600.0,29304200.0,
21,11,324.66999999999996,120746,587266,449189,203739,197897,5842,499836,18793,144984,8386,3335.1,45.0,2.9,106.0,0.0,0.0,0.0,3.0,3.0,0.0,3.0,2950000.0,16135000.0,0.0,0.0,0.0,72398.0,4446.0,22973.0,20587.0,968.0,169.44,57.05,226.49,0.0,3.0,3,3,0.0,0,0,0.0,28773.0,12524.0,7038.0,3.0,0.0,3.0,3.0,0.0,3.0,3.0,26.0,25.0,1.0,6.0,0.0,15.0,1931.0,258.0,112.0,44.0,53.0,27.0,1.0,24.0,15.0,18.0,2.0,0.0,1.0,6.0,3.0,100.0,4.0,14.0,7.0,12.0,9.0,80.0,5.0,23.0,98689900.0,82366600.0,
21,12,166.02,27873,152938,85311,57658,54063,3595,132762,14937,33215,1976,2908.2,46.7,3.9,69.0,0.0,0.0,0.0,3.0,3.0,0.0,3.0,1094140.0,10937000.0,1360000.0,0.0,0.0,94632.0,764.0,4451.0,3406.0,782.0,134.11,51.81,185.92000000000002,0.0,0.0,3,0,0.0,3,3,0.0,4034.0,2049.0,42.0,3.0,0.0,3.0,3.0,0.0,0.0,3.0,12.0,8.0,0.0,5.0,1.0,5.0,351.0,112.0,40.0,16.0,12.0,7.0,0.0,2.0,2.0,2.0,0.0,0.0,0.0,1.0,0.0,0.0,0.0,10.0,2.0,5.0,6.0,31.0,7.0,7.0,17284000.0,16560300.0,
21,13,134.26999999999998,10342,44106,29326,15979,15526,453,37621,5245,5357,1843,3335.1,46.0,2.6,510.0,0.0,0.0,0.0,3.0,0.0,0.0,3.0,475000.0,0.0,0.0,0.0,0.0,4505.0,105.0,1247.0,2338.0,6.0,58.0,15.0,73.0,0.0,0.0,3,0,0.0,0,0,0.0,4536.0,347.0,0.0,0.0,0.0,3.0,0.0,0.0,3.0,0.0,5.0,5.0,1.0,1.0,0.0,2.0,132.0,26.0,15.0,4.0,4.0,2.0,0.0,1.0,1.0,1.0,0.0,0.0,0.0,0.0,0.0,0.0,1.0,2.0,1.0,1.0,2.0,8.0,2.0,2.0,17263200.0,13008300.0,
21,14,208.6,115089,629786,417743,217223,213243,3980,547327,10358,93250,17527,1726.9000000000003,46.8,1.8,260.0,0.0,0.0,0.0,0.0,3.0,3.0,3.0,1467500.0,0.0,0.0,0.0,0.0,81485.0,3114.0,22590.0,2134.0,1344.0,424.7,56.5,481.2,0.0,3.0,3,0,0.0,3,3,0.0,74523.0,13841.0,18835.0,3.0,0.0,3.0,3.0,3.0,3.0,0.0,16.0,38.0,1.0,4.0,0.0,7.0,2205.0,215.0,119.0,37.0,25.0,9.0,1.0,3.0,3.0,3.0,1.0,1.0,1.0,5.0,3.0,121.0,3.0,11.0,6.0,3.0,67.0,96.0,29.0,32.0,60667100.0,60893900.0,
21,15,269.28,49916,272486,139091,92598,88361,4237,250038,30194,43349,563,2908.2,45.0,1.0,120.0,0.0,0.0,0.0,3.0,3.0,3.0,3.0,1738800.0,0.0,0.0,1080000.0,400000.0,32935.0,1665.0,8237.0,6733.0,3954.0,114.86999999999999,117.52,232.39000000000001,36.0,3.0,3,0,0.0,0,3,0.0,14433.0,11402.0,5243.0,3.0,3.0,3.0,3.0,0.0,3.0,3.0,21.0,10.0,1.0,5.0,0.0,7.0,596.0,85.0,35.0,29.0,16.0,3.0,0.0,3.0,3.0,3.0,0.0,0.0,0.0,5.0,0.0,0.0,2.0,9.0,3.0,9.0,11.0,41.0,6.0,16.0,31662500.0,26432300.0,
21,16,312.53000000000003,59813,260353,148174,97362,90944,6418,225985,32490,51840,7099,1662.6,44.0,2.0,225.0,0.0,0.0,0.0,3.0,3.0,3.0,3.0,950440.0,6849400.0,0.0,0.0,0.0,33759.0,1853.0,8943.0,11999.0,1960.0,289.9,191.85999999999999,481.76,0.0,3.0,3,0,0.0,0,3,0.0,18546.0,9930.0,5614.0,3.0,3.0,3.0,3.0,0.0,3.0,0.0,16.0,33.0,5.0,9.0,2.0,8.0,738.0,88.0,41.0,11.0,19.0,12.0,1.0,2.0,1.0,2.0,0.0,0.0,0.0,2.0,1.0,40.0,2.0,9.0,3.0,6.0,6.0,43.0,15.0,10.0,50327100.0,46194300.0,
21,17,59.29,24934,116882,69940,40499,38323,2176,103667,10885,21601,3731,1975.6,47.0,5.0,435.0,0.0,0.0,0.0,0.0,3.0,0.0,3.0,1225000.0,1362000.0,0.0,0.0,0.0,15787.0,459.0,4040.0,4175.0,267.0,105.44,21.71,127.15,0.0,0.0,3,0,0.0,0,0,0.0,6029.0,2392.0,9.0,3.0,3.0,3.0,3.0,0.0,0.0,0.0,6.0,10.0,3.0,4.0,1.0,5.0,345.0,40.0,21.0,4.0,5.0,4.0,0.0,1.0,1.0,1.0,0.0,0.0,0.0,60.0,3.0,102.0,2.0,3.0,0.0,2.0,4.0,19.0,5.0,3.0,27754600.0,18956800.0,
21,18,47.69,14783,66569,35856,24092,21643,2449,59116,8176,15550,4620,2742.5,44.9,7.1,418.0,0.0,0.0,0.0,0.0,3.0,0.0,3.0,3265800.0,0.0,0.0,0.0,0.0,11030.0,716.0,2741.0,1774.0,1217.0,41.5,48.5,90.0,0.0,0.0,3,0,0.0,0,0,0.0,2462.0,4885.0,400.0,3.0,0.0,3.0,3.0,0.0,0.0,0.0,6.0,4.0,2.0,3.0,0.0,4.0,275.0,27.0,15.0,4.0,5.0,5.0,0.0,2.0,2.0,2.0,0.0,0.0,0.0,2.0,0.0,0.0,2.0,3.0,5.0,2.0,2.0,8.0,4.0,3.0,21733100.0,22538600.0,
21,19,79.32,24270,105205,70834,36470,34929,1541,91112,15709,23895,10179,2142.2,34.9,,368.0,0.0,0.0,0.0,3.0,3.0,0.0,3.0,4017900.0,1426564000.0,0.0,0.0,0.0,14684.0,525.0,5234.0,4367.0,426.0,116.5,81.5,198.0,0.0,3.0,3,3,0.0,0,0,0.0,7252.0,1738.0,61.0,0.0,3.0,3.0,3.0,3.0,0.0,0.0,8.0,20.0,1.0,4.0,1.0,6.0,299.0,50.0,20.0,9.0,13.0,8.0,0.0,2.0,2.0,2.0,0.0,0.0,0.0,23.0,1.0,18.0,2.0,5.0,4.0,7.0,7.0,37.0,9.0,7.0,25836400.0,17350500.0,
21,20,353.09000000000003,57788,254258,157352,101126,95812,5314,210018,19883,47685,11015,1852.2,45.0,3.9,181.0,0.0,0.0,0.0,3.0,3.0,3.0,3.0,577000.0,1597000.0,0.0,0.0,0.0,20448.0,886.0,7363.0,15052.0,1195.0,326.62,109.65,436.27,0.0,3.0,3,0,0.0,0,0,0.0,11430.0,2547.0,16003.0,0.0,3.0,3.0,3.0,0.0,0.0,3.0,17.0,25.0,3.0,5.0,3.0,8.0,689.0,129.0,67.0,20.0,15.0,12.0,0.0,2.0,1.0,1.0,0.0,0.0,1.0,15.0,2.0,62.0,1.0,11.0,4.0,6.0,18.0,45.0,7.0,92.0,33846700.0,33199100.0,
21,21,232.23,95288,414520,308566,151549,145028,6521,342470,32009,52416,27498,3601.4999999999995,43.4,1.04,282.0,0.0,0.0,0.0,3.0,3.0,3.0,3.0,10952560.0,22586280.0,0.0,0.0,0.0,53133.0,2621.0,17640.0,19250.0,1395.0,499.58000000000004,137.26999999999998,636.8499999999999,0.0,3.0,3,3,0.0,0,0,0.0,15926.0,6862.0,1106.0,3.0,0.0,3.0,3.0,0.0,3.0,3.0,29.0,28.0,4.0,10.0,0.0,7.0,1633.0,118.0,50.0,30.0,34.0,9.0,1.0,5.0,3.0,5.0,2.0,0.0,1.0,3.0,0.0,0.0,2.0,16.0,4.0,9.0,14.0,72.0,12.0,19.0,56665000.0,58510700.0,
21,22,152.57,45651,192015,132254,70753,67922,2831,160874,19333,31498,7025,1852.2,45.0,1.6,285.0,0.0,0.0,0.0,3.0,3.0,3.0,3.0,4435680.0,2111000.0,0.0,0.0,0.0,19079.0,994.0,6539.0,7758.0,1531.0,247.2,69.5,316.7,0.0,0.0,3,3,0.0,0,0,0.0,9072.0,2257.0,3065.0,0.0,3.0,3.0,3.0,0.0,3.0,3.0,15.0,27.0,2.0,5.0,2.0,8.0,592.0,131.0,48.0,37.0,16.0,8.0,1.0,3.0,2.0,3.0,0.0,0.0,0.0,3.0,2.0,52.0,2.0,12.0,3.0,6.0,5.0,38.0,10.0,11.0,40702100.0,38816100.0,
21,23,27.270000000000003,11601,52924,39116,18094,17052,1042,45723,7968,5419,10139,1824.6999999999998,43.0,5.4,513.0,0.0,0.0,0.0,3.0,3.0,0.0,3.0,7000.0,0.0,0.0,0.0,0.0,7303.0,155.0,1906.0,1413.0,252.0,21.5,35.0,56.5,60.0,0.0,3,3,0.0,0,0,0.0,7108.0,4817.0,2010.0,3.0,3.0,3.0,3.0,0.0,0.0,0.0,6.0,11.0,1.0,2.0,0.0,5.0,293.0,36.0,19.0,4.0,4.0,6.0,0.0,1.0,1.0,1.0,0.0,0.0,0.0,0.0,0.0,0.0,1.0,4.0,1.0,2.0,1.0,11.0,3.0,0.0,14750800.0,11302500.0,
21,24,25.59,16441,73947,57273,24546,23858,688,64648,11046,6689,8419,2908.2,45.0,4.0,520.0,0.0,0.0,30.0,3.0,3.0,3.0,3.0,338500.0,0.0,0.0,0.0,0.0,11006.0,403.0,3135.0,2882.0,177.0,74.68,43.31,117.99000000000001,0.0,3.0,3,0,0.0,0,0,0.0,4953.0,471.0,15.0,3.0,3.0,3.0,3.0,0.0,3.0,0.0,7.0,11.0,0.0,2.0,3.0,6.0,485.0,36.0,31.0,11.0,9.0,4.0,0.0,1.0,1.0,1.0,0.0,0.0,1.0,2.0,1.0,27.0,1.0,2.0,1.0,1.0,2.0,19.0,4.0,1.0,13684100.0,13789000.0,
21,25,165.04999999999998,22147,108892,69548,37433,35319,2114,96311,16420,22912,4788,2121.1,40.0,4.4,167.0,0.0,0.0,0.0,3.0,3.0,3.0,3.0,3335000.0,0.0,0.0,0.0,0.0,13607.0,483.0,3415.0,6358.0,620.0,71.0,74.0,145.0,0.0,3.0,3,0,0.0,0,0,0.0,2138.0,7659.0,437.0,3.0,3.0,3.0,3.0,0.0,0.0,0.0,7.0,20.0,0.0,3.0,1.0,5.0,312.0,63.0,30.0,12.0,11.0,6.0,0.0,1.0,1.0,1.0,0.0,0.0,1.0,50.0,9.0,340.0,4.0,4.0,1.0,5.0,5.0,24.0,8.0,9.0,17155800.0,17625800.0,
21,26,354.46000000000004,132675,601105,420113,213249,207721,5528,526586,29531,130686,22504,1852.2,45.8,6.5,248.0,0.0,0.0,0.0,3.0,3.0,3.0,3.0,724190.0,0.0,0.0,240000.0,726200.0,71918.0,1917.0,16083.0,21502.0,1066.0,405.65,185.5,591.15,0.0,3.0,3,3,0.0,0,3,0.0,18289.0,45800.0,242.0,3.0,3.0,3.0,3.0,0.0,3.0,3.0,20.0,40.0,0.0,9.0,0.0,9.0,1116.0,260.0,183.0,77.0,49.0,9.0,1.0,3.0,3.0,3.0,0.0,1.0,1.0,12.0,2.0,80.0,3.0,12.0,5.0,6.0,5.0,102.0,19.0,144.0,124720300.0,119816100.0,
21,27,82.38000000000001,26516,123492,83601,42802,40946,1856,108161,23656,21934,6062,1965.3000000000002,48.0,3.0,285.0,0.0,0.0,0.0,3.0,3.0,3.0,3.0,452400.0,1212400.0,0.0,0.0,0.0,14670.0,1117.0,5481.0,4143.0,1848.0,55.7,58.54,114.24000000000001,0.0,3.0,3,0,0.0,0,0,0.0,9184.0,10179.0,3513.0,3.0,3.0,3.0,3.0,0.0,3.0,3.0,12.0,25.0,2.0,4.0,2.0,11.0,475.0,58.0,29.0,10.0,12.0,8.0,0.0,3.0,1.0,2.0,0.0,0.0,1.0,15.0,0.0,0.0,1.0,7.0,1.0,4.0,3.0,33.0,12.0,5.0,14310100.0,12638700.0,
22,01,,169,680,517,408,362,46,395,1091,49,238,2710.7,,,8.0,0.0,0.0,183.0,3.0,0.0,0.0,0.0,0.0,220000.0,0.0,0.0,0.0,2140.0,5.0,111.0,380.0,0.0,,,,68.0,3.0,0,0,0.0,0,0,0.0,0.0,0.0,2.0,0.0,0.0,0.0,3.0,0.0,0.0,0.0,1.0,0.0,0.0,0.0,0.0,0.0,50.0,0.0,0.0,0.0,0.0,0.0,0.0,0.0,0.0,0.0,0.0,0.0,0.0,0.0,0.0,0.0,0.0,0.0,1.0,1.0,0.0,1.0,0.0,0.0,,,
22,02,,6141,27644,22477,12559,12211,348,19313,5335,2330,6803,1662.6,26.0,1.8,0.0,0.0,0.0,75.0,3.0,0.0,0.0,0.0,0.0,12860000.0,0.0,0.0,0.0,4152.0,35.0,2304.0,170.0,0.0,,,3.0,0.0,3.0,0,0,0.0,0,0,0.0,0.0,0.0,12.0,0.0,0.0,0.0,3.0,0.0,0.0,0.0,1.0,0.0,1.0,0.0,0.0,0.0,310.0,6.0,4.0,4.0,4.0,5.0,0.0,1.0,1.0,0.0,0.0,0.0,1.0,0.0,1.0,90.0,1.0,4.0,1.0,1.0,0.0,14.0,0.0,16.0,,,
22,03,,470,2155,1781,944,930,14,1625,3315,200,155,1975.6,,,82.0,0.0,0.0,75.0,3.0,0.0,0.0,0.0,0.0,3600000.0,0.0,0.0,0.0,962.0,20.0,537.0,412.0,0.0,,,1.0,0.0,3.0,0,0,0.0,0,0,0.0,0.0,0.0,2.0,0.0,0.0,0.0,3.0,0.0,0.0,0.0,1.0,0.0,1.0,0.0,0.0,0.0,60.0,1.0,1.0,1.0,0.0,0.0,0.0,0.0,0.0,0.0,0.0,0.0,0.0,0.0,1.0,50.0,0.0,0.0,1.0,1.0,0.0,2.0,0.0,5.0,,,
22,04,,299,1475,1073,596,590,6,1166,3930,172,219,2121.1,,,89.0,0.0,0.0,76.0,3.0,0.0,0.0,0.0,0.0,490000.0,0.0,0.0,0.0,92.0,2.0,133.0,215.0,0.0,,,2.0,0.0,3.0,0,0,0.0,0,0,0.0,0.0,0.0,2.0,0.0,0.0,0.0,3.0,0.0,0.0,0.0,1.0,0.0,1.0,0.0,0.0,0.0,50.0,1.0,1.0,0.0,0.0,0.0,0.0,0.0,0.0,0.0,0.0,0.0,0.0,0.0,0.0,0.0,0.0,0.0,1.0,1.0,0.0,0.0,0.0,3.0,,,
23,01,174.0,794322,3372888,2752341,1173062,1171739,1323,2668334,2277,529712,7930,1965.3000000000002,37.5,19.8,0.0,0.0,0.0,0.0,3.0,3.0,0.0,0.0,503200000.0,30206000000.0,0.0,0.0,0.0,439842.0,58946.0,157321.0,69492.0,43102.0,20.35,27.92,48.27,0.0,3.0,0,0,0.0,0,0,0.0,98267.0,1.0,8690.0,0.0,0.0,0.0,0.0,3.0,0.0,0.0,30.0,188.0,6.0,4.0,0.0,2.0,12759.0,387.0,296.0,153.0,130.0,584.0,10.0,25.0,25.0,16.0,3.0,2.0,1.0,105.0,15.0,540.0,5.0,120.0,243.0,155.0,0.0,412.0,0.0,395.0,506600000.0,670100000.0,
23,02,702.37,429375,1810449,1437709,644990,636691,8299,1443020,169888,312080,12874,1975.6,42.9,14.7,10.0,0.0,0.0,0.0,3.0,3.0,0.0,3.0,24964250.0,2006.0,2020000.0,0.0,0.0,289022.0,11250.0,46058.0,44858.0,1893.0,1739.71,903.16,2642.87,0.0,3.0,3,0,0.0,3,3,0.0,146643.0,18212.0,4790.0,0.0,3.0,3.0,3.0,3.0,0.0,0.0,25.0,76.0,22.0,9.0,39.0,36.0,2069.0,500.0,272.0,150.0,84.0,193.0,6.0,10.0,10.0,9.0,2.0,4.0,0.0,22.0,4.0,150.0,2.0,108.0,26.0,56.0,66.0,147.0,32.0,94.0,247935800.0,233583600.0,
23,03,203.48000000000002,166315,824174,597506,293093,286145,6948,666621,70835,147289,3546,3601.4999999999995,39.9,15.1,69.0,0.0,0.0,0.0,3.0,3.0,0.0,3.0,14248500.0,3818000.0,48000.0,0.0,0.0,97514.0,5517.0,28809.0,17521.0,2325.0,480.25,231.58999999999997,711.84,0.0,3.0,3,0,0.0,3,3,0.0,28828.0,40289.0,7373.0,0.0,3.0,3.0,3.0,3.0,0.0,3.0,31.0,62.0,12.0,0.0,24.0,3.0,4014.0,277.0,135.0,74.0,54.0,129.0,4.0,13.0,13.0,12.0,1.0,0.0,0.0,8.0,1.0,40.0,6.0,77.0,9.0,36.0,48.0,119.0,21.0,74.0,137677100.0,130594300.0,
23,04,71.47,47390,197172,140698,77497,75594,1903,153178,13835,19646,1174,1662.6,37.8,15.1,259.0,0.0,0.0,0.0,3.0,3.0,0.0,0.0,3265000.0,1500000.0,0.0,0.0,0.0,31623.0,2323.0,10118.0,3540.0,626.0,116.69,46.470000000000006,163.16,0.0,0.0,3,0,0.0,0,0,0.0,12475.0,12507.0,3842.0,0.0,0.0,3.0,3.0,0.0,0.0,0.0,9.0,26.0,1.0,1.0,5.0,1.0,738.0,56.0,27.0,13.0,11.0,24.0,1.0,2.0,1.0,0.0,0.0,0.0,0.0,3.0,2.0,45.0,1.0,31.0,0.0,8.0,1.0,47.0,12.0,15.0,36769300.0,35180500.0,
23,05,57.55,42469,209882,155542,72202,71111,1091,170726,11450,24501,1528,2710.7,39.9,16.1,106.0,0.0,0.0,0.0,3.0,0.0,0.0,0.0,3250000.0,0.0,375000.0,0.0,0.0,34367.0,4317.0,9459.0,4923.0,516.0,132.71,33.03,165.74,0.0,0.0,3,0,0.0,3,0,0.0,13578.0,0.0,4.0,0.0,0.0,3.0,3.0,0.0,0.0,0.0,7.0,27.0,0.0,4.0,1.0,1.0,378.0,117.0,54.0,34.0,17.0,33.0,0.0,2.0,2.0,2.0,0.0,0.0,0.0,0.0,1.0,100.0,0.0,27.0,0.0,5.0,10.0,30.0,7.0,18.0,13938200.0,13643600.0,
23,06,328.96999999999997,153462,669028,515500,229515,223452,6063,539115,42162,103669,3010,3601.4999999999995,36.9,18.6,122.0,0.0,0.0,0.0,3.0,3.0,0.0,3.0,5535000.0,3260000.0,0.0,0.0,0.0,73052.0,3968.0,22127.0,18409.0,2908.0,40363.189999999995,152.79999999999998,40515.99,0.0,3.0,3,0,0.0,3,0,0.0,40416.0,11791.0,17735.0,0.0,0.0,3.0,3.0,0.0,0.0,3.0,25.0,15.0,8.0,5.0,10.0,3.0,1969.0,215.0,111.0,69.0,55.0,99.0,2.0,8.0,8.0,7.0,1.0,1.0,0.0,15.0,3.0,85.0,6.0,51.0,19.0,21.0,27.0,119.0,32.0,30.0,112180900.0,109296500.0,
23,07,315.37,257915,996033,681063,448681,429478,19203,687381,74779,114259,1102,1965.3000000000002,39.0,17.8,280.0,0.0,0.0,0.0,3.0,3.0,0.0,3.0,12408180.0,1775000.0,2700000.0,15000.0,0.0,133529.0,22029.0,37507.0,21812.0,10755.0,594.0699999999999,205.95,800.0200000000001,0.0,3.0,3,0,0.0,0,0,0.0,56498.0,24781.0,2568.0,0.0,3.0,3.0,3.0,3.0,0.0,0.0,20.0,33.0,14.0,14.0,0.0,4.0,1516.0,345.0,135.0,92.0,63.0,111.0,8.0,10.0,5.0,4.0,1.0,1.0,0.0,7.0,4.0,220.0,1.0,128.0,28.0,29.0,47.0,157.0,34.0,91.0,227611900.0,203451600.0,
23,08,234.5,138997,507952,371109,224904,219654,5250,348366,28109,57703,1157,1726.9000000000003,39.0,15.0,375.0,0.0,0.0,0.0,3.0,3.0,0.0,0.0,18020000.0,3555000.0,5400000.0,0.0,0.0,70739.0,4995.0,28559.0,11296.0,2030.0,324.77,179.38,504.15000000000003,0.0,0.0,3,0,0.0,0,0,0.0,27612.0,7141.0,427.0,0.0,0.0,3.0,3.0,0.0,0.0,0.0,13.0,31.0,5.0,1.0,7.0,11.0,1369.0,183.0,97.0,59.0,30.0,71.0,1.0,5.0,5.0,4.0,0.0,0.0,0.0,3.0,4.0,170.0,1.0,59.0,21.0,21.0,8.0,78.0,16.0,21.0,107819300.0,98612800.0,
23,09,709.6899999999999,75670,311191,237911,130888,128249,2639,222542,25826,113793,7475,1662.6,24.3,4.8,555.0,0.0,0.0,0.0,3.0,3.0,0.0,0.0,2767000.0,784619663.0,0.0,0.0,0.0,68666.0,1336.0,10893.0,7729.0,754.0,350.55,263.39,613.94,0.0,3.0,3,3,0.0,0,0,0.0,16505.0,4705.0,9954.0,0.0,3.0,3.0,3.0,0.0,0.0,3.0,26.0,16.0,5.0,2.0,0.0,7.0,1080.0,155.0,62.0,44.0,26.0,35.0,1.0,3.0,3.0,1.0,0.0,0.0,0.0,12.0,2.0,35.0,1.0,28.0,15.0,15.0,58.0,55.0,19.0,21.0,56535400.0,50292200.0,
23,10,934.4099999999999,432111,1636956,1261491,698662,692688,5974,1146331,63146,236793,3313,2184.8,39.0,13.8,480.0,0.0,0.0,0.0,3.0,3.0,0.0,3.0,77395612.0,8232800.0,0.0,0.0,0.0,260454.0,12393.0,46944.0,32704.0,2520.0,1205.59,274.04,1479.63,0.0,3.0,3,0,0.0,0,3,0.0,76815.0,29600.0,2758.0,3.0,0.0,3.0,3.0,0.0,0.0,3.0,48.0,90.0,32.0,1.0,0.0,4.0,2358.0,458.0,254.0,121.0,64.0,203.0,13.0,31.0,30.0,18.0,1.0,3.0,0.0,20.0,9.0,605.0,7.0,119.0,10.0,77.0,14.0,151.0,303.0,500.0,314498800.0,325647600.0,
23,11,111.47999999999999,81355,332675,257019,127505,125275,2230,249516,19432,37624,1472,2710.7,44.7,8.1,416.0,0.0,0.0,0.0,3.0,0.0,0.0,0.0,4091500.0,103228000.0,12000.0,0.0,0.0,57546.0,1984.0,15106.0,8637.0,2363.0,222.05,116.73,338.78,0.0,0.0,3,0,0.0,0,0,0.0,17990.0,13573.0,817.0,3.0,0.0,3.0,3.0,0.0,0.0,0.0,13.0,12.0,2.0,4.0,10.0,17.0,1291.0,108.0,51.0,41.0,25.0,61.0,1.0,5.0,5.0,5.0,0.0,0.0,0.0,1.0,6.0,160.0,0.0,29.0,9.0,14.0,10.0,57.0,14.0,48.0,60825100.0,60300900.0,
23,12,380.71,240496,967704,781847,354963,346874,8089,745888,64120,113646,3760,3601.4999999999995,41.0,14.6,256.0,0.0,0.0,0.0,3.0,3.0,0.0,3.0,24867430.0,1125000.0,0.0,7500.0,0.0,131839.0,4985.0,35690.0,29160.0,4014.0,649.9300000000001,222.59999999999997,872.5300000000001,0.0,3.0,3,0,0.0,3,0,0.0,31827.0,49360.0,5792.0,3.0,3.0,3.0,3.0,3.0,3.0,0.0,49.0,65.0,17.0,3.0,23.0,8.0,1926.0,392.0,224.0,125.0,69.0,133.0,2.0,19.0,11.0,14.0,0.0,2.0,0.0,32.0,12.0,826.0,5.0,87.0,30.0,49.0,65.0,164.0,41.0,97.0,166674100.0,163561300.0,
23,13,322.26,207365,912989,721878,315704,305353,10351,723623,72939,87485,4815,1852.2,42.9,14.7,70.0,0.0,0.0,0.0,3.0,3.0,0.0,3.0,31670500.0,900000.0,2282000.0,0.0,150000.0,116269.0,5026.0,33833.0,21721.0,5033.0,768.68,350.01,1118.69,0.0,3.0,3,3,0.0,3,3,0.0,30598.0,21597.0,5755.0,0.0,3.0,3.0,3.0,0.0,0.0,0.0,31.0,35.0,12.0,5.0,23.0,22.0,3396.0,318.0,168.0,104.0,75.0,146.0,4.0,10.0,9.0,9.0,1.0,0.0,0.0,22.0,5.0,185.0,8.0,74.0,27.0,41.0,68.0,183.0,54.0,80.0,175669800.0,186574700.0,
23,14,70.95,39198,166562,133487,55517,54586,931,134986,21043,16817,353,1975.6,39.2,18.4,345.0,0.0,0.0,0.0,3.0,3.0,0.0,0.0,1276800.0,6810000.0,0.0,50000.0,0.0,31648.0,1982.0,7804.0,5642.0,352.0,163.95,55.92,219.87,0.0,3.0,3,0,0.0,0,0,0.0,6627.0,9496.0,1683.0,0.0,3.0,3.0,3.0,3.0,0.0,0.0,8.0,5.0,9.0,1.0,6.0,1.0,880.0,57.0,28.0,17.0,13.0,30.0,1.0,3.0,3.0,3.0,0.0,0.0,0.0,5.0,2.0,53.0,0.0,20.0,9.0,8.0,10.0,36.0,8.0,35.0,25330600.0,27073300.0,
23,15,179.87,62073,254767,205217,89058,84399,4659,201133,34131,22993,857,2083.7999999999997,44.2,17.2,400.0,0.0,0.0,0.0,3.0,3.0,0.0,3.0,8755000.0,180000.0,0.0,0.0,0.0,62156.0,2039.0,8241.0,9453.0,35.0,301.25,94.52000000000001,395.77000000000004,0.0,0.0,3,0,0.0,3,0,0.0,24626.0,5117.0,3897.0,0.0,3.0,3.0,3.0,0.0,0.0,0.0,21.0,3.0,3.0,1.0,3.0,4.0,477.0,127.0,74.0,37.0,32.0,42.0,2.0,6.0,6.0,5.0,0.0,1.0,0.0,3.0,4.0,333.0,1.0,29.0,4.0,16.0,7.0,49.0,13.0,8.0,46708300.0,37669900.0,
23,16,302.4,328999,1350155,1069814,526767,511490,15277,1015356,45833,108971,5755,1662.6,39.6,8.1,439.0,0.0,0.0,0.0,3.0,0.0,0.0,3.0,16299600.0,4605000.0,5925030.0,0.0,0.0,133595.0,6164.0,43128.0,26968.0,1464.0,783.58,118.19,901.7700000000001,0.0,3.0,3,0,0.0,3,3,0.0,30448.0,23750.0,1731.0,0.0,3.0,3.0,3.0,3.0,0.0,0.0,16.0,14.0,36.0,15.0,28.0,13.0,3928.0,498.0,270.0,144.0,75.0,160.0,5.0,28.0,23.0,14.0,1.0,2.0,0.0,108.0,11.0,459.0,7.0,102.0,5.0,45.0,21.0,212.0,32.0,41.0,271707400.0,251572600.0,
23,17,141.52999999999997,138200,510599,381594,247436,238620,8816,338268,24113,53049,1962,3601.4999999999995,39.6,18.3,407.0,0.0,0.0,0.0,3.0,0.0,0.0,3.0,5629000.0,6525000.0,60000.0,0.0,0.0,102843.0,13697.0,20132.0,12875.0,733.0,321.33,81.36999999999999,402.70000000000005,0.0,3.0,3,0,3.0,3,0,0.0,19104.0,28656.0,7270.0,0.0,3.0,3.0,3.0,3.0,0.0,0.0,9.0,17.0,5.0,2.0,0.0,12.0,806.0,150.0,79.0,53.0,42.0,65.0,4.0,8.0,6.0,7.0,0.0,1.0,0.0,17.0,2.0,55.0,6.0,43.0,20.0,17.0,54.0,68.0,18.0,157.0,82945900.0,80784100.0,
23,18,184.04000000000002,49382,213381,166469,73928,70262,3666,175860,23660,19824,1086,2742.5,34.6,20.4,350.0,0.0,0.0,0.0,3.0,3.0,0.0,0.0,3855000.0,2500000.0,0.0,50000.0,0.0,31366.0,927.0,6286.0,4714.0,134.0,146.01999999999998,45.5,191.51999999999998,0.0,0.0,3,0,0.0,3,0,0.0,2745.0,2293.0,151.0,0.0,3.0,3.0,3.0,0.0,0.0,0.0,12.0,24.0,3.0,10.0,0.0,1.0,740.0,82.0,43.0,27.0,21.0,36.0,2.0,1.0,1.0,1.0,1.0,1.0,0.0,1.0,1.0,40.0,0.0,17.0,2.0,11.0,5.0,36.0,8.0,12.0,28150000.0,25044400.0,
23,19,347.2,132326,522377,423848,198206,192353,5853,401485,55869,58814,1841,3717.2,38.0,20.9,560.0,0.0,0.0,0.0,3.0,3.0,0.0,3.0,5442400.0,9199000.0,400000.0,0.0,0.0,87818.0,4307.0,18820.0,14662.0,2404.0,324.91,250.26000000000002,575.1700000000001,0.0,3.0,3,3,0.0,3,0,0.0,15676.0,11164.0,2753.0,3.0,3.0,3.0,3.0,0.0,0.0,0.0,27.0,12.0,11.0,1.0,2.0,3.0,1860.0,223.0,130.0,56.0,48.0,65.0,4.0,11.0,11.0,7.0,0.0,0.0,0.0,9.0,8.0,308.0,1.0,40.0,18.0,36.0,21.0,79.0,36.0,81.0,60964400.0,55816700.0,
23,20,357.35999999999996,171369,693673,521448,297940,280613,17327,495236,43257,94598,3432,1746.2,38.0,20.9,603.0,0.0,0.0,0.0,3.0,0.0,3.0,3.0,33015000.0,5607800.0,0.0,100000.0,0.0,101003.0,3607.0,24132.0,15098.0,1619.0,516.77,250.51999999999998,767.29,0.0,0.0,3,0,0.0,3,0,0.0,21853.0,30663.0,1417.0,0.0,3.0,3.0,3.0,0.0,0.0,0.0,40.0,49.0,9.0,0.0,0.0,2.0,1780.0,297.0,128.0,64.0,48.0,92.0,2.0,13.0,12.0,13.0,2.0,1.0,0.0,13.0,4.0,79.0,4.0,34.0,17.0,52.0,73.0,126.0,82.0,58.0,93235300.0,84913100.0,
23,21,45.980000000000004,54064,238326,210583,79742,76737,3005,190367,12786,10960,544,3335.1,33.0,22.6,600.0,0.0,0.0,0.0,3.0,3.0,0.0,3.0,1214000.0,7225000.0,0.0,0.0,0.0,35844.0,1539.0,7939.0,6751.0,8035.0,195.60999999999999,55.879999999999995,251.49,0.0,0.0,3,0,0.0,0,0,0.0,19985.0,4545.0,1690.0,0.0,0.0,3.0,3.0,0.0,0.0,0.0,11.0,2.0,3.0,2.0,4.0,0.0,1437.0,64.0,42.0,33.0,24.0,39.0,2.0,7.0,7.0,5.0,0.0,0.0,0.0,0.0,6.0,155.0,1.0,18.0,4.0,6.0,30.0,52.0,7.0,33.0,29752500.0,27261300.0,
24,01,98.78,62367,273026,224702,91007,90215,792,224897,26961,57066,11105,1824.6999999999998,33.3,16.5,0.0,0.0,0.0,85.0,3.0,3.0,0.0,3.0,80000.0,500000.0,0.0,500000.0,0.0,9711.0,442.0,1062.0,5329.0,81.0,93.41,216.29,309.7,0.0,0.0,3,0,0.0,0,0,0.0,6892.0,2.0,785.0,0.0,0.0,0.0,3.0,0.0,0.0,0.0,5.0,26.0,1.0,0.0,0.0,2.0,892.0,64.0,21.0,21.0,36.0,5.0,0.0,9.0,1.0,7.0,0.0,0.0,0.0,53.0,1.0,20.0,0.0,8.0,5.0,5.0,4.0,29.0,10.0,4.0,35506.0,44498.0,
24,02,33.66,12945,52627,44480,18461,17526,935,42543,9775,6976,2092,2742.5,33.3,6.0,128.0,0.0,0.0,0.0,3.0,3.0,0.0,0.0,424000.0,0.0,0.0,0.0,0.0,7406.0,93.0,2053.0,3468.0,0.0,39.0,37.0,76.0,0.0,0.0,3,0,0.0,0,0,0.0,1445.0,54.0,2458.0,0.0,0.0,0.0,3.0,0.0,3.0,0.0,4.0,4.0,0.0,2.0,0.0,0.0,210.0,12.0,4.0,6.0,12.0,7.0,0.0,3.0,1.0,1.0,0.0,0.0,0.0,28.0,0.0,0.0,0.0,5.0,3.0,3.0,4.0,16.0,1.0,1.0,870434800.0,582403425.0,
24,03,14.370000000000001,9850,39407,34163,12372,12224,148,32441,10515,7410,884,1726.9000000000003,,,52.0,0.0,0.0,200.0,0.0,0.0,0.0,3.0,410000.0,0.0,0.0,0.0,0.0,5670.0,56.0,1262.0,1589.0,0.0,90.0,50.0,140.0,0.0,0.0,3,0,0.0,0,3,0.0,6480.0,726.0,495.0,0.0,0.0,0.0,3.0,0.0,0.0,3.0,4.0,4.0,0.0,0.0,1.0,5.0,200.0,10.0,9.0,3.0,10.0,37.0,0.0,4.0,0.0,4.0,0.0,0.0,0.0,37.0,0.0,0.0,0.0,4.0,5.0,4.0,4.0,53.0,2.0,4.0,657965200.0,15365773900.0,
25,01,17.16,4064,14562,11785,6226,5941,285,11035,3793,2239,60,2908.2,25.1,10.3,654.0,0.0,28.0,109.0,3.0,0.0,3.0,0.0,0.0,0.0,500000.0,0.0,0.0,2805.0,20.0,365.0,579.0,5.0,45.78,0.0,45.78,0.0,3.0,3,3,0.0,0,0,0.0,111.0,1.0,0.0,0.0,0.0,3.0,3.0,3.0,0.0,0.0,3.0,2.0,1.0,1.0,0.0,1.0,123.0,12.0,6.0,5.0,4.0,1.0,0.0,1.0,1.0,1.0,0.0,0.0,0.0,2.0,0.0,0.0,0.0,3.0,0.0,2.0,0.0,7.0,1.0,1.0,5789000.0,4104700.0,
25,02,74.13000000000001,9361,34826,28354,16584,16275,309,23956,10739,6735,2334,1726.9000000000003,25.9,12.5,675.0,0.0,0.0,137.0,3.0,0.0,3.0,0.0,593000.0,0.0,0.0,0.0,0.0,5406.0,32.0,486.0,861.0,154.0,,,147.07,0.0,0.0,3,0,0.0,0,0,0.0,559.0,397.0,750.0,0.0,0.0,0.0,3.0,3.0,3.0,0.0,9.0,0.0,3.0,0.0,0.0,2.0,197.0,44.0,13.0,12.0,12.0,4.0,0.0,3.0,3.0,2.0,0.0,0.0,0.0,1.0,1.0,30.0,0.0,3.0,0.0,5.0,1.0,21.0,7.0,9.0,16412900.0,6971300.0,
25,03,53.91,7920,28281,22175,13385,13005,380,19510,8982,3371,67,2142.2,19.8,8.7,520.0,33.0,0.0,5.0,3.0,0.0,0.0,3.0,490000.0,300000.0,27000.0,0.0,0.0,2668.0,32.0,939.0,772.0,256.0,38.76,0.65,39.41,0.0,3.0,3,0,0.0,0,3,0.0,321.0,56.0,1.0,0.0,0.0,0.0,3.0,3.0,3.0,3.0,6.0,3.0,2.0,2.0,0.0,3.0,182.0,25.0,18.0,12.0,11.0,3.0,1.0,2.0,1.0,1.0,0.0,0.0,0.0,11.0,0.0,4.0,0.0,1.0,0.0,1.0,3.0,15.0,3.0,3.0,7174100.0,6430100.0,
25,04,198.32999999999998,100970,441034,357420,155661,154452,1209,359819,37556,60177,3071,1536.5,27.7,14.6,503.0,0.0,0.0,0.0,3.0,0.0,0.0,3.0,6020100.0,133000.0,0.0,0.0,0.0,100749.0,1314.0,10150.0,14289.0,101.0,596.0300000000001,176.26999999999998,772.3000000000001,0.0,3.0,3,3,0.0,0,3,0.0,24308.0,1581.0,875.0,0.0,3.0,3.0,3.0,3.0,3.0,3.0,34.0,26.0,4.0,6.0,0.0,6.0,1492.0,228.0,128.0,69.0,57.0,12.0,0.0,5.0,5.0,2.0,1.0,0.0,0.0,5.0,2.0,266.0,1.0,24.0,9.0,13.0,8.0,93.0,47.0,122.0,80744700.0,80189400.0,
25,05,67.75,16105,69601,52975,27460,26975,485,53722,16216,8621,144,3231.5,19.8,8.7,360.0,0.0,0.0,0.0,0.0,3.0,3.0,3.0,1692000.0,240000.0,0.0,0.0,0.0,12717.0,2605.0,3561.0,1516.0,25.0,,,126.12,0.0,3.0,3,0,0.0,0,3,0.0,4444.0,2545.0,0.0,3.0,0.0,3.0,3.0,3.0,0.0,3.0,10.0,0.0,1.0,1.0,0.0,5.0,444.0,39.0,15.0,10.0,13.0,1.0,0.0,3.0,3.0,3.0,0.0,0.0,0.0,4.0,0.0,0.0,1.0,6.0,0.0,6.0,0.0,23.0,6.0,2.0,14438300.0,11973500.0,
25,06,34.800000000000004,7503,35775,30167,13693,12837,856,28420,10349,6598,3173,2872.0,18.0,7.6,400.0,0.0,0.0,75.0,3.0,3.0,3.0,0.0,3669500.0,0.0,0.0,0.0,0.0,6828.0,76.0,1319.0,1343.0,21.0,,,83.2,0.0,3.0,3,0,0.0,0,0,0.0,1250.0,304.0,454.0,0.0,0.0,3.0,3.0,3.0,3.0,3.0,11.0,0.0,1.0,1.0,0.0,2.0,281.0,25.0,14.0,11.0,10.0,4.0,0.0,3.0,3.0,3.0,0.0,0.0,0.0,5.0,1.0,25.0,1.0,4.0,0.0,4.0,1.0,18.0,9.0,1.0,9306400.0,6898300.0,
25,07,37.65,10695,46586,40235,20952,18822,2130,32555,7419,8535,695,3973.1999999999994,18.0,7.6,468.0,0.0,0.0,90.0,3.0,3.0,0.0,3.0,2370682.0,0.0,0.0,0.0,0.0,6678.0,52.0,1826.0,2736.0,0.0,,,66.33000000000001,0.0,0.0,3,0,0.0,0,3,3.0,3561.0,1598.0,990.0,0.0,3.0,3.0,3.0,0.0,3.0,0.0,6.0,6.0,1.0,0.0,0.0,4.0,532.0,44.0,29.0,23.0,20.0,6.0,3.0,5.0,2.0,2.0,0.0,0.0,0.0,3.0,0.0,0.0,3.0,4.0,1.0,7.0,0.0,20.0,3.0,3.0,22275000.0,18416100.0,
25,08,124.74000000000001,82123,409509,264643,146166,142722,3444,356798,58727,56456,1959,1965.3000000000002,18.0,7.6,301.0,0.0,0.0,0.0,3.0,3.0,3.0,3.0,9593375.0,0.0,0.0,0.0,100000.0,15741.0,817.0,2974.0,7208.0,502.0,453.69,106.15,575.8399999999999,0.0,3.0,3,0,0.0,0,0,0.0,3563.0,9687.0,1946.0,0.0,3.0,3.0,3.0,3.0,0.0,3.0,24.0,18.0,16.0,2.0,0.0,4.0,1170.0,233.0,78.0,41.0,56.0,14.0,1.0,4.0,1.0,2.0,0.0,0.0,0.0,9.0,0.0,0.0,5.0,32.0,7.0,15.0,0.0,101.0,40.0,25.0,99320500.0,90939900.0,
25,09,68.02,86406,485793,225293,161691,159226,2465,453661,56493,45126,8,3601.4999999999995,29.2,17.2,361.0,0.0,0.0,0.0,0.0,0.0,0.0,3.0,16485500.0,0.0,0.0,0.0,0.0,45946.0,1364.0,6510.0,9095.0,738.0,309.58,171.87,547.57,0.0,3.0,3,0,0.0,0,0,0.0,14169.0,44066.0,17103.0,3.0,3.0,3.0,3.0,0.0,0.0,0.0,16.0,2.0,13.0,3.0,0.0,1.0,476.0,188.0,57.0,29.0,45.0,6.0,2.0,8.0,1.0,0.0,0.0,0.0,0.0,11.0,0.0,0.0,1.0,21.0,1.0,8.0,6.0,83.0,30.0,12.0,32537800.0,31369900.0,
25,10,147.76000000000002,152783,907587,435125,312366,306613,5753,827103,59461,94775,210,1662.6,29.9,16.1,308.0,0.0,0.0,0.0,3.0,3.0,0.0,3.0,17660951.0,0.0,0.0,0.0,0.0,85524.0,5366.0,16194.0,16966.0,3631.0,696.33,51.02,804.35,0.0,3.0,3,0,0.0,0,0,0.0,8925.0,47415.0,3564.0,3.0,3.0,3.0,3.0,0.0,0.0,0.0,28.0,10.0,22.0,2.0,0.0,17.0,1012.0,393.0,140.0,82.0,67.0,3.0,1.0,11.0,9.0,7.0,0.0,0.0,0.0,2.0,0.0,0.0,3.0,29.0,7.0,10.0,5.0,112.0,192.0,77.0,88200900.0,103238000.0,
25,11,63.029999999999994,54285,318778,133813,112141,109622,2519,280575,20689,16572,36,1726.9000000000003,31.1,17.9,276.0,0.0,0.0,0.0,3.0,0.0,0.0,3.0,3058300.0,0.0,0.0,0.0,0.0,32594.0,1107.0,3005.0,5613.0,149.0,,,273.55,0.0,0.0,3,0,0.0,0,0,0.0,1980.0,2950.0,1400.0,0.0,3.0,3.0,3.0,0.0,0.0,0.0,11.0,10.0,2.0,0.0,0.0,1.0,356.0,130.0,35.0,23.0,13.0,5.0,2.0,2.0,2.0,2.0,0.0,0.0,0.0,8.0,0.0,0.0,2.0,14.0,2.0,6.0,0.0,45.0,21.0,5.0,25386300.0,25143300.0,
25,12,51.660000000000004,91552,478612,284723,159965,158798,1167,429687,29490,58522,203,2083.7999999999997,41.1,1.3,522.0,0.0,0.0,0.0,3.0,3.0,0.0,3.0,9770000.0,0.0,0.0,0.0,0.0,43600.0,1605.0,14891.0,9386.0,101.0,,,486.45000000000005,0.0,3.0,3,0,0.0,0,3,0.0,260.0,2317.0,1260.0,3.0,3.0,3.0,3.0,0.0,3.0,0.0,15.0,18.0,14.0,8.0,0.0,2.0,694.0,331.0,113.0,45.0,34.0,10.0,0.0,4.0,2.0,0.0,0.0,0.0,0.0,12.0,0.0,0.0,1.0,25.0,10.0,41.0,0.0,72.0,18.0,54.0,72249700.0,60536700.0,
25,13,64.58000000000001,63694,291333,207832,96318,95319,999,251824,19817,37272,22,3194.1000000000004,29.9,16.3,466.0,0.0,0.0,0.0,3.0,0.0,0.0,3.0,11902000.0,0.0,0.0,0.0,0.0,43860.0,936.0,5689.0,9687.0,47.0,227.79999999999998,80.22999999999999,478.43,0.0,3.0,3,0,0.0,0,0,0.0,10444.0,11064.0,732.0,0.0,0.0,3.0,3.0,3.0,0.0,0.0,16.0,12.0,3.0,4.0,0.0,3.0,1173.0,148.0,68.0,25.0,12.0,11.0,1.0,5.0,3.0,1.0,0.0,1.0,0.0,2.0,0.0,0.0,4.0,17.0,11.0,6.0,3.0,63.0,11.0,1.0,29244400.0,78785300.0,
25,14,55.83,99408,560190,303600,195723,189654,6069,503507,50160,63426,6,2710.7,29.9,16.1,495.0,0.0,0.0,0.0,3.0,3.0,0.0,3.0,21135000.0,0.0,0.0,0.0,0.0,66411.0,1771.0,9859.0,8346.0,144.0,595.54,56.53,652.0699999999999,0.0,3.0,3,3,0.0,0,0,0.0,11144.0,34668.0,1710.0,3.0,3.0,3.0,3.0,0.0,3.0,3.0,15.0,3.0,13.0,5.0,0.0,1.0,474.0,320.0,121.0,54.0,44.0,6.0,2.0,7.0,4.0,2.0,0.0,0.0,2.0,21.0,0.0,0.0,1.0,39.0,1.0,4.0,1.0,89.0,25.0,8.0,50663400.0,49698200.0,
25,15,245.25,183104,1030878,612699,352045,343861,8184,924512,60444,179775,79,1852.2,29.9,16.1,433.0,0.0,0.0,0.0,3.0,3.0,3.0,3.0,38242000.0,0.0,0.0,0.0,0.0,119884.0,5893.0,28038.0,16585.0,6392.0,1169.6399999999999,11.65,1181.29,0.0,3.0,3,0,0.0,3,3,0.0,6345.0,28289.0,877.0,3.0,3.0,3.0,3.0,0.0,0.0,3.0,23.0,5.0,19.0,2.0,0.0,2.0,1854.0,390.0,191.0,119.0,82.0,5.0,2.0,14.0,12.0,12.0,1.0,0.0,0.0,68.0,1.0,116.0,1.0,38.0,2.0,6.0,3.0,148.0,162.0,306.0,135806800.0,134172300.0,
25,16,283.93000000000006,212141,1008239,637966,366547,343837,22710,881713,64944,204673,92,1346.867189158118,29.9,16.1,412.0,0.0,0.0,0.0,3.0,3.0,3.0,3.0,29881000.0,0.0,0.0,0.0,225000.0,68743.0,10356.0,8725.0,59294.0,546.0,,,1703.2400000000002,0.0,3.0,3,0,0.0,0,0,0.0,76007.0,22897.0,273.0,0.0,3.0,3.0,3.0,3.0,0.0,0.0,34.0,11.0,10.0,8.0,0.0,2.0,2095.0,211.0,126.0,69.0,65.0,7.0,0.0,5.0,7.0,3.0,0.0,0.0,0.0,14.0,0.0,0.0,4.0,24.0,3.0,10.0,2.0,141.0,18.0,18.0,172214600.0,144758900.0,
25,17,130.94,79799,474376,250582,156729,151742,4987,436066,63297,80159,70,504.656821927022,29.9,16.1,300.0,0.0,0.0,0.0,3.0,3.0,3.0,3.0,3334125.0,50000.0,0.0,0.0,1474200.0,54399.0,3011.0,8965.0,10545.0,647.0,,,595.4399999999999,0.0,0.0,3,3,0.0,0,0,0.0,6977.0,35837.0,1758.0,0.0,3.0,3.0,3.0,0.0,0.0,0.0,22.0,5.0,12.0,1.0,0.0,3.0,627.0,195.0,109.0,71.0,58.0,6.0,2.0,5.0,3.0,4.0,0.0,0.0,0.0,14.0,0.0,0.0,3.0,36.0,3.0,8.0,8.0,81.0,25.0,7.0,89412300.0,89467800.0,
25,18,180.27000000000004,99055,666741,379033,218394,212658,5736,610104,56349,146379,56,1035.6056353249962,44.1,3.1,348.0,0.0,0.0,0.0,3.0,3.0,3.0,3.0,23507400.0,0.0,0.0,0.0,0.0,61092.0,3606.0,12168.0,11223.0,6047.0,,,1032.6100000000001,0.0,3.0,3,0,0.0,0,3,0.0,8586.0,16522.0,610.0,0.0,3.0,3.0,3.0,3.0,3.0,0.0,11.0,4.0,20.0,2.0,0.0,2.0,2234.0,319.0,95.0,52.0,67.0,17.0,3.0,5.0,4.0,4.0,1.0,1.0,0.0,28.0,0.0,0.0,2.0,26.0,7.0,5.0,12.0,91.0,25.0,5.0,91372100.0,92960700.0,
25,19,74.23,65855,366717,213864,121496,118945,2551,333755,54685,66810,151,1068.0642702702703,32.5,20.7,373.0,0.0,0.0,0.0,3.0,0.0,0.0,3.0,13711140.0,0.0,0.0,0.0,0.0,56468.0,856.0,8466.0,9074.0,34.0,,,362.5,0.0,3.0,3,0,0.0,0,0,0.0,3134.0,7918.0,3763.0,0.0,3.0,3.0,3.0,3.0,0.0,0.0,25.0,8.0,18.0,4.0,0.0,5.0,962.0,190.0,65.0,46.0,43.0,5.0,1.0,6.0,4.0,4.0,0.0,0.0,0.0,16.0,0.0,0.0,0.0,16.0,2.0,10.0,0.0,92.0,28.0,2.0,46690800.0,45505000.0,
25,20,179.8,164361,900888,538431,304696,300246,4450,806390,41348,277645,110,1346.867189158118,46.0,5.0,278.0,0.0,0.0,0.0,3.0,0.0,3.0,3.0,17104116.0,0.0,0.0,0.0,0.0,99365.0,780.0,6440.0,22524.0,0.0,728.73,925.77,1654.5,0.0,3.0,3,0,0.0,3,0,3.0,96048.0,75438.0,0.0,3.0,3.0,3.0,3.0,3.0,3.0,3.0,29.0,14.0,14.0,3.0,0.0,1.0,1594.0,254.0,56.0,38.0,53.0,6.0,21.0,9.0,2.0,1.0,1.0,3.0,0.0,95.0,0.0,0.0,2.0,38.0,4.0,1.0,3.0,119.0,12.0,231.0,167590700.0,189038900.0,
25,21,42.77,58147,326398,188102,107381,106720,661,300179,27442,70555,24,1346.867189158118,32.5,20.7,257.0,0.0,0.0,0.0,3.0,0.0,0.0,3.0,13107255.0,0.0,0.0,0.0,0.0,7469.0,427.0,1368.0,3229.0,18.0,,,292.0,0.0,3.0,3,0,0.0,0,0,0.0,5401.0,1317.0,910.0,0.0,3.0,3.0,3.0,0.0,0.0,0.0,8.0,2.0,14.0,0.0,0.0,9.0,787.0,117.0,42.0,18.0,18.0,2.0,0.0,10.0,7.0,0.0,0.0,0.0,0.0,9.0,0.0,0.0,0.0,16.0,2.0,9.0,2.0,30.0,8.0,6.0,30628500.0,29767500.0,
25,22,42.31,55864,299951,165760,100839,96000,4839,274419,52106,51950,13,1428.472815673329,33.7,17.7,250.0,0.0,0.0,0.0,3.0,3.0,0.0,3.0,11451050.0,240000.0,0.0,0.0,0.0,25200.0,866.0,1992.0,6579.0,76.0,,,327.04,0.0,0.0,3,0,0.0,0,0,0.0,3914.0,15699.0,475.0,3.0,3.0,0.0,3.0,3.0,0.0,0.0,18.0,2.0,11.0,2.0,0.0,3.0,458.0,161.0,83.0,32.0,40.0,3.0,1.0,5.0,1.0,0.0,0.0,0.0,0.0,12.0,0.0,0.0,0.0,14.0,2.0,4.0,1.0,65.0,37.0,7.0,31801400.0,31080400.0,
25,23,51.11,25926,140439,91800,43135,42925,210,130755,27094,27634,11,1145.2677148716673,32.1,18.4,225.0,0.0,0.0,0.0,3.0,3.0,0.0,3.0,4197000.0,0.0,0.0,0.0,0.0,20613.0,587.0,6046.0,2264.0,4.0,,,106.36,0.0,0.0,3,0,0.0,0,0,0.0,2950.0,2930.0,0.0,0.0,3.0,3.0,0.0,0.0,0.0,0.0,10.0,7.0,16.0,1.0,0.0,10.0,331.0,87.0,36.0,21.0,20.0,7.0,1.0,3.0,0.0,0.0,0.0,0.0,0.0,7.0,0.0,0.0,1.0,10.0,0.0,16.0,0.0,37.0,24.0,11.0,10669400.0,9735700.0,
25,24,138.57,59686,343304,146322,117738,115342,2396,313567,61079,49016,0,1068.0642702702703,45.7,5.2,280.0,0.0,0.0,0.0,3.0,3.0,0.0,3.0,9639250.0,0.0,0.0,0.0,0.0,19808.0,1072.0,4597.0,4300.0,33.0,,,484.1,0.0,0.0,3,0,0.0,0,0,0.0,8472.0,12639.0,2897.0,3.0,3.0,3.0,0.0,0.0,0.0,3.0,16.0,14.0,20.0,5.0,0.0,1.0,554.0,180.0,78.0,41.0,35.0,9.0,0.0,5.0,0.0,0.0,0.0,0.0,0.0,13.0,0.0,0.0,0.0,12.0,0.0,8.0,7.0,71.0,39.0,26.0,32389900.0,29805200.0,
25,25,219.09,129959,753096,367780,248900,246831,2069,680565,58061,65054,145,1149.7204990578427,45.7,5.2,197.0,0.0,0.0,0.0,3.0,3.0,0.0,3.0,14444600.0,0.0,0.0,0.0,0.0,63763.0,1372.0,10367.0,4823.0,505.0,86.05,45.8,601.76,0.0,3.0,3,0,0.0,0,0,0.0,1211.0,28003.0,4546.0,3.0,3.0,3.0,3.0,0.0,3.0,0.0,31.0,11.0,6.0,4.0,0.0,3.0,2173.0,215.0,158.0,114.0,30.0,9.0,1.0,6.0,1.0,1.0,1.0,0.0,0.0,17.0,1.0,80.0,2.0,22.0,2.0,7.0,3.0,140.0,27.0,13.0,125003100.0,106127900.0,
25,26,33.58,31027,189641,95231,64688,63308,1380,172168,23814,19240,14,1346.867189158118,31.1,17.9,223.0,0.0,0.0,0.0,3.0,3.0,0.0,3.0,1086000.0,0.0,0.0,0.0,0.0,16254.0,507.0,3011.0,3376.0,80.0,131.0,77.0,230.32999999999998,0.0,3.0,3,0,0.0,0,0,0.0,2410.0,4778.0,655.0,3.0,3.0,3.0,3.0,0.0,3.0,3.0,12.0,2.0,3.0,1.0,0.0,2.0,438.0,69.0,27.0,15.0,12.0,0.0,1.0,0.0,0.0,2.0,1.0,0.0,0.0,6.0,1.0,0.0,1.0,8.0,0.0,4.0,0.0,39.0,14.0,3.0,2287700.0,1797200.0,
25,27,38.67,58111,334708,169472,110051,109144,907,302580,29826,38854,190,1145.2677148716673,30.7,17.2,164.0,0.0,0.0,0.0,3.0,3.0,0.0,3.0,7235300.0,0.0,0.0,0.0,0.0,24294.0,781.0,4399.0,3121.0,29.0,,,349.73,0.0,0.0,3,0,0.0,0,3,0.0,275.0,3447.0,2287.0,0.0,3.0,3.0,3.0,0.0,0.0,0.0,14.0,14.0,7.0,0.0,0.0,2.0,539.0,100.0,31.0,26.0,18.0,8.0,1.0,3.0,3.0,3.0,0.0,0.0,0.0,5.0,1.0,0.0,0.0,15.0,3.0,9.0,0.0,52.0,11.0,2.0,26981100.0,26982300.0,
25,28,51.94,37524,210737,118827,70282,70183,99,187693,25701,24511,294,1175.2326821570443,30.8,19.0,129.0,0.0,0.0,0.0,3.0,3.0,3.0,3.0,3220000.0,0.0,0.0,0.0,0.0,28962.0,473.0,779.0,2893.0,92.0,342.03999999999996,27.11,369.15,0.0,0.0,3,0,0.0,0,3,0.0,10215.0,16883.0,830.0,3.0,3.0,3.0,3.0,0.0,0.0,0.0,13.0,6.0,4.0,4.0,0.0,1.0,374.0,82.0,32.0,15.0,21.0,1.0,1.0,3.0,2.0,2.0,0.0,0.0,0.0,2.0,1.0,15.0,1.0,9.0,0.0,4.0,0.0,48.0,15.0,9.0,24318000.0,20277900.0,
25,29,80.14000000000001,46546,279018,157043,93041,91932,1109,250627,29523,34980,26,1145.2677148716673,31.7,18.4,52.0,0.0,0.0,0.0,3.0,3.0,0.0,3.0,7567000.0,0.0,0.0,0.0,0.0,48129.0,2769.0,43633.0,8603.0,20.0,10.0,6.0,352.46,0.0,0.0,3,0,0.0,0,0,0.0,8849.0,15122.0,3526.0,0.0,3.0,3.0,3.0,0.0,3.0,0.0,18.0,3.0,7.0,1.0,0.0,6.0,828.0,143.0,56.0,11.0,35.0,2.0,1.0,6.0,1.0,1.0,0.0,0.0,0.0,1.0,1.0,20.0,1.0,8.0,1.0,9.0,1.0,50.0,29.0,50.0,32719300.0,29173100.0,
25,30,60.75,43071,261111,143283,86952,86255,697,235659,35008,33265,0,1346.867189158118,31.1,19.0,50.0,0.0,0.0,0.0,3.0,3.0,0.0,3.0,2445000.0,180000.0,0.0,0.0,0.0,23816.0,385.0,3194.0,5669.0,573.0,,,314.72,0.0,0.0,3,3,0.0,0,0,0.0,6921.0,18878.0,2898.0,0.0,3.0,3.0,3.0,0.0,0.0,0.0,14.0,1.0,11.0,1.0,0.0,1.0,425.0,120.0,41.0,27.0,27.0,5.0,1.0,2.0,0.0,1.0,0.0,0.0,0.0,8.0,1.0,0.0,0.0,6.0,0.0,6.0,0.0,53.0,16.0,22.0,21179500.0,19415100.0,
25,31,54.04999999999999,47644,243718,141290,82138,79790,2348,217160,46702,45013,147,1432.572299168975,31.7,18.4,28.0,0.0,0.0,0.0,3.0,3.0,0.0,3.0,7146000.0,0.0,0.0,0.0,0.0,15243.0,329.0,2196.0,3918.0,19.0,,,287.77,0.0,3.0,3,0,0.0,0,3,0.0,8194.0,16560.0,2.0,0.0,3.0,0.0,3.0,0.0,0.0,0.0,19.0,0.0,12.0,5.0,0.0,3.0,371.0,99.0,58.0,29.0,27.0,1.0,0.0,3.0,0.0,0.0,0.0,0.0,0.0,3.0,1.0,0.0,2.0,4.0,0.0,5.0,3.0,65.0,24.0,2.0,15928800.0,19001500.0,
25,32,359.51,279392,1466128,1028077,463039,460027,3012,1268185,23894,184803,941,1861.4745096172157,31.7,18.4,0.0,0.0,0.0,0.0,3.0,3.0,3.0,3.0,3060000.0,0.0,0.0,0.0,0.0,175546.0,3746.0,29941.0,52143.0,5392.0,17.0,20.0,3326.77,0.0,3.0,3,0,0.0,0,0,0.0,25698.0,34382.0,186.0,0.0,3.0,3.0,0.0,3.0,3.0,0.0,49.0,44.0,25.0,30.0,0.0,27.0,5631.0,992.0,184.0,132.0,79.0,6.0,5.0,20.0,17.0,6.0,4.0,1.0,4.0,50.0,5.0,110.0,5.0,41.0,11.0,12.0,32.0,194.0,104.0,259.0,270949100.0,221404000.0,
25,33,71.66999999999999,34016,169225,104231,56459,54608,1851,153453,25027,33406,69,1145.2677148716673,37.1,17.3,50.0,0.0,0.0,0.0,3.0,3.0,0.0,3.0,4035000.0,0.0,0.0,0.0,0.0,18598.0,749.0,1547.0,2844.0,0.0,,,393.21000000000004,0.0,3.0,3,3,0.0,3,0,0.0,1066.0,2376.0,590.0,0.0,3.0,3.0,3.0,3.0,0.0,0.0,10.0,3.0,7.0,0.0,0.0,3.0,616.0,68.0,27.0,20.0,18.0,7.0,2.0,5.0,1.0,2.0,0.0,0.0,0.0,22.0,3.0,157.0,1.0,9.0,2.0,6.0,2.0,45.0,197.0,2.0,26096600.0,19224100.0,
25,34,79.49,60365,365249,209177,130813,128136,2677,323808,34244,61070,586,1083.2246039770812,46.2,5.4,168.0,0.0,0.0,0.0,3.0,3.0,0.0,3.0,15089910.0,0.0,0.0,0.0,0.0,51969.0,2063.0,2886.0,6493.0,1401.0,240.32999999999998,97.85,347.18,0.0,0.0,3,3,0.0,0,0,0.0,5546.0,14867.0,4180.0,0.0,3.0,3.0,3.0,0.0,0.0,0.0,34.0,6.0,10.0,7.0,0.0,3.0,737.0,182.0,102.0,54.0,43.0,9.0,0.0,10.0,6.0,7.0,0.0,0.0,0.0,11.0,0.0,0.0,1.0,20.0,5.0,11.0,0.0,61.0,29.0,36.0,36210500.0,34404800.0,
25,35,49.81,46271,273226,181281,85021,84741,280,248680,37340,50719,20,1175.2326821570443,32.1,18.4,155.0,0.0,0.0,0.0,3.0,3.0,0.0,3.0,11947250.0,0.0,0.0,0.0,0.0,22690.0,2450.0,2653.0,5163.0,286.0,,,240.22,0.0,0.0,3,3,0.0,0,0,0.0,4933.0,11016.0,2522.0,0.0,3.0,3.0,3.0,0.0,0.0,0.0,18.0,24.0,5.0,2.0,0.0,3.0,387.0,182.0,104.0,44.0,31.0,5.0,1.0,5.0,3.0,2.0,0.0,0.0,0.0,309.0,0.0,0.0,1.0,19.0,2.0,6.0,87.0,51.0,25.0,12.0,25652400.0,22857400.0,
25,36,35.94,17270,98654,59975,32631,32550,81,89412,27335,19277,23,1149.7204990578427,33.8,18.2,127.0,39.0,0.0,0.0,3.0,3.0,0.0,3.0,3107050.0,0.0,0.0,0.0,0.0,6410.0,228.0,138.0,1574.0,1.0,,,132.31,5.0,0.0,3,0,0.0,0,0,0.0,1207.0,2675.0,1157.0,0.0,3.0,3.0,3.0,0.0,3.0,0.0,4.0,2.0,8.0,0.0,0.0,0.0,171.0,34.0,24.0,15.0,16.0,1.0,1.0,3.0,0.0,0.0,0.0,0.0,0.0,10.0,0.0,0.0,0.0,6.0,1.0,6.0,1.0,33.0,17.0,3.0,7856800.0,7076100.0,
25,37,307.66,323363,1745276,1258571,526176,526129,47,1511157,15591,229034,811,1346.867189158118,33.8,18.2,77.0,0.0,4.0,0.0,3.0,0.0,0.0,3.0,73192074.0,0.0,0.0,0.0,0.0,126781.0,9376.0,58756.0,58611.0,27.0,1318.24,111.51999999999998,1429.76,0.0,3.0,3,0,0.0,0,0,0.0,5132.0,773.0,1419.0,0.0,3.0,3.0,3.0,3.0,0.0,3.0,15.0,22.0,1.0,0.0,0.0,48.0,1586.0,1090.0,370.0,111.0,126.0,6.0,1.0,23.0,0.0,0.0,1.0,2.0,0.0,60.0,1.0,0.0,2.0,39.0,4.0,32.0,9.0,264.0,189.0,125.0,352468900.0,339828300.0,
25,38,56.22,38765,218648,139969,70818,69745,1073,198379,26734,59294,0,504.656821927022,29.3,16.0,141.0,0.0,0.0,0.0,3.0,3.0,0.0,3.0,8868000.0,0.0,0.0,0.0,0.0,12545.0,584.0,370.0,2641.0,23.0,,,267.26,0.0,3.0,3,0,0.0,0,3,0.0,16541.0,8383.0,2561.0,0.0,3.0,3.0,0.0,3.0,3.0,0.0,12.0,0.0,4.0,4.0,0.0,3.0,375.0,140.0,86.0,16.0,26.0,17.0,1.0,6.0,2.0,1.0,0.0,0.0,0.0,18.0,0.0,0.0,1.0,8.0,1.0,10.0,3.0,37.0,33.0,29.0,18374200.0,17537700.0,
25,39,131.04,86211,462037,311379,153587,147754,5833,412769,44000,134491,141,1346.867189158118,32.7,18.0,250.0,0.0,0.0,0.0,3.0,3.0,0.0,3.0,6127500.0,4574910.0,0.0,0.0,0.0,44155.0,1641.0,6753.0,8605.0,63.0,163.51,142.51999999999998,431.38,0.0,0.0,3,3,0.0,0,0,0.0,4034.0,6496.0,6177.0,3.0,3.0,3.0,3.0,0.0,0.0,3.0,27.0,5.0,11.0,1.0,0.0,1.0,1667.0,159.0,50.0,38.0,27.0,1.0,1.0,5.0,4.0,4.0,1.0,1.0,0.0,14.0,0.0,0.0,3.0,19.0,3.0,8.0,2.0,70.0,25.0,14.0,56663700.0,41557400.0,
25,40,20.64,15959,85008,56189,29144,28007,1137,76404,10532,15049,10,504.656821927022,32.7,18.0,321.0,0.0,0.0,0.0,3.0,0.0,0.0,3.0,3322750.0,0.0,0.0,0.0,0.0,2243.0,423.0,1142.0,1894.0,4.0,23.75,29.0,56.3,0.0,0.0,3,0,0.0,0,0,0.0,1714.0,550.0,750.0,0.0,3.0,3.0,0.0,0.0,0.0,0.0,7.0,1.0,3.0,2.0,0.0,4.0,198.0,39.0,10.0,4.0,9.0,0.0,0.0,5.0,0.0,0.0,0.0,0.0,0.0,2.0,1.0,0.0,0.0,5.0,1.0,5.0,0.0,14.0,9.0,2.0,6457800.0,7023800.0,
25,41,97.3,41425,205967,118606,76866,70888,5978,177779,27690,53214,12,504.656821927022,33.2,18.1,140.0,0.0,0.0,0.0,3.0,3.0,0.0,3.0,4450000.0,0.0,0.0,0.0,0.0,17260.0,563.0,2940.0,3312.0,102.0,,,241.46,0.0,0.0,3,0,0.0,0,0,0.0,10227.0,14641.0,6633.0,0.0,3.0,3.0,3.0,0.0,3.0,0.0,10.0,3.0,7.0,0.0,0.0,3.0,349.0,109.0,50.0,23.0,24.0,5.0,1.0,4.0,1.0,1.0,0.0,0.0,0.0,7.0,1.0,0.0,1.0,8.0,2.0,1.0,4.0,42.0,18.0,6.0,15198200.0,15190400.0,
25,42,42.599999999999994,37916,194857,117012,71424,67004,4420,167997,25343,40131,1,504.656821927022,32.9,19.1,220.0,0.0,0.0,0.0,3.0,3.0,0.0,3.0,1604000.0,2000.0,0.0,0.0,0.0,16570.0,491.0,2068.0,4044.0,639.0,76.47999999999999,23.08,135.66,0.0,0.0,3,0,0.0,0,0,3.0,1810.0,7103.0,985.0,0.0,3.0,3.0,3.0,0.0,3.0,0.0,16.0,8.0,5.0,2.0,0.0,2.0,457.0,106.0,58.0,16.0,23.0,2.0,0.0,3.0,3.0,0.0,1.0,0.0,0.0,20.0,0.0,0.0,1.0,5.0,0.0,5.0,0.0,35.0,14.0,3.0,14884000.0,17013400.0,
25,43,79.08,30075,153166,93501,50874,49729,1145,137139,15740,28609,0,1145.2677148716673,45.5,3.1,137.0,0.0,0.0,0.0,3.0,0.0,0.0,3.0,10077500.0,0.0,0.0,0.0,0.0,14542.0,1143.0,76.0,2868.0,134.0,164.6,95.03999999999999,259.64,0.0,0.0,3,0,0.0,0,3,0.0,240.0,784.0,147.0,0.0,3.0,3.0,3.0,3.0,3.0,0.0,6.0,2.0,6.0,2.0,0.0,4.0,218.0,76.0,34.0,16.0,15.0,12.0,2.0,1.0,0.0,0.0,0.0,0.0,0.0,6.0,0.0,0.0,0.0,8.0,0.0,4.0,1.0,22.0,11.0,26.0,14307600.0,13651600.0,
25,44,50.739999999999995,18192,98608,63564,31998,31080,918,90103,19700,13021,11,990.7742217256614,46.5,4.0,136.0,0.0,0.0,0.0,3.0,3.0,3.0,3.0,11247500.0,0.0,0.0,0.0,0.0,7688.0,212.0,363.0,2533.0,0.0,75.0,73.5,154.5,0.0,0.0,3,0,0.0,0,0,0.0,2.0,0.0,0.0,0.0,3.0,3.0,3.0,0.0,0.0,0.0,14.0,4.0,0.0,0.0,0.0,1.0,510.0,60.0,17.0,14.0,12.0,3.0,2.0,5.0,4.0,0.0,0.0,0.0,0.0,0.0,1.0,33.0,0.0,10.0,0.0,2.0,0.0,31.0,10.0,6.0,9397800.0,8529700.0,
25,45,86.83000000000001,152577,864288,602341,264593,259032,5561,757772,45427,132202,213,1346.867189158118,32.1,18.8,161.0,0.0,0.0,0.0,3.0,3.0,0.0,3.0,7742000.0,0.0,0.0,0.0,0.0,81862.0,2719.0,12854.0,17170.0,48.0,1718.49,147.53,1933.02,0.0,3.0,3,0,0.0,0,3,0.0,22872.0,29486.0,12077.0,0.0,3.0,0.0,3.0,3.0,0.0,3.0,51.0,21.0,18.0,15.0,9.0,9.0,3864.0,172.0,68.0,115.0,167.0,10.0,3.0,12.0,9.0,1.0,1.0,1.0,0.0,142.0,3.0,0.0,3.0,31.0,3.0,7.0,1.0,131.0,291.0,116.0,158368200.0,161783500.0,
25,46,32.38,29887,174008,91105,60230,57948,2282,156676,15800,12695,20,1346.867189158118,30.3,19.3,83.0,0.0,0.0,0.0,3.0,0.0,0.0,3.0,3365000.0,0.0,0.0,0.0,0.0,12807.0,298.0,3907.0,2277.0,36.0,,,299.99,0.0,0.0,3,0,0.0,0,0,0.0,5263.0,9442.0,84.0,0.0,3.0,3.0,3.0,0.0,0.0,0.0,14.0,2.0,4.0,0.0,2.0,2.0,584.0,52.0,30.0,14.0,13.0,6.0,1.0,3.0,2.0,2.0,0.0,0.0,0.0,4.0,0.0,0.0,1.0,7.0,0.0,1.0,0.0,26.0,11.0,1.0,16120600.0,14062300.0,
25,47,47.85,36853,214015,129031,68865,67743,1122,195861,27193,16349,58,1068.0642702702703,31.4,18.7,96.0,0.0,0.0,0.0,3.0,3.0,0.0,3.0,2177500.0,0.0,0.0,0.0,0.0,27692.0,1346.0,5278.0,3556.0,0.0,,,206.42000000000002,0.0,0.0,3,0,0.0,0,0,0.0,9674.0,13860.0,219.0,0.0,3.0,3.0,0.0,0.0,3.0,0.0,13.0,4.0,10.0,0.0,0.0,2.0,929.0,177.0,69.0,36.0,36.0,6.0,1.0,3.0,2.0,0.0,0.0,0.0,0.0,1.0,1.0,0.0,3.0,10.0,7.0,5.0,0.0,45.0,16.0,3.0,28820400.0,28512600.0,
25,48,41.39,33260,182876,89375,65007,63890,1117,159871,33662,18891,0,610.4710158730159,31.7,18.4,27.0,0.0,0.0,0.0,3.0,3.0,0.0,3.0,2452500.0,0.0,0.0,0.0,0.0,19810.0,1095.0,2486.0,2539.0,5.0,,,258.8,0.0,0.0,3,0,0.0,0,0,0.0,2597.0,9226.0,2942.0,0.0,3.0,3.0,3.0,3.0,3.0,0.0,23.0,2.0,6.0,0.0,0.0,1.0,377.0,67.0,31.0,18.0,11.0,3.0,0.0,1.0,0.0,0.0,0.0,0.0,0.0,7.0,0.0,0.0,0.0,4.0,0.0,1.0,0.0,33.0,17.0,0.0,6920800.0,5494700.0,
25,49,100.01,50354,283617,177469,95018,94139,879,252205,28841,32589,0,1346.867189158118,47.0,3.4,130.0,0.0,0.0,0.0,3.0,0.0,0.0,3.0,4952500.0,0.0,0.0,0.0,0.0,1583.0,576.0,1858.0,7589.0,4360.0,6.0,8.0,177.27999999999997,0.0,3.0,3,0,0.0,0,0,0.0,167.0,1136.0,89.0,3.0,3.0,3.0,3.0,3.0,0.0,3.0,24.0,4.0,1.0,2.0,0.0,1.0,794.0,123.0,36.0,23.0,29.0,14.0,1.0,4.0,0.0,0.0,0.0,0.0,0.0,5.0,0.0,0.0,1.0,15.0,1.0,5.0,0.0,45.0,10.0,25.0,38542300.0,43379800.0,
25,50,28.65,16226,93113,62902,30896,29904,992,83272,16669,11422,0,1145.2677148716673,31.4,18.7,109.0,0.0,0.0,0.0,3.0,3.0,0.0,3.0,541250.0,0.0,0.0,0.0,0.0,7888.0,465.0,898.0,1970.0,82.0,,,143.15,0.0,0.0,3,0,0.0,0,0,0.0,1430.0,695.0,1090.0,0.0,3.0,3.0,0.0,0.0,0.0,0.0,10.0,2.0,6.0,0.0,0.0,2.0,561.0,51.0,24.0,10.0,9.0,3.0,1.0,4.0,1.0,0.0,0.0,1.0,0.0,6.0,1.0,0.0,1.0,10.0,0.0,2.0,0.0,26.0,6.0,3.0,13978900.0,16396000.0,
25,51,29.75,8880,46932,25270,16732,15616,1116,42776,11212,6249,0,1177.9676190476189,31.4,18.7,233.0,22.0,0.0,0.0,3.0,0.0,3.0,3.0,975000.0,0.0,0.0,0.0,0.0,4700.0,12.0,374.0,826.0,0.0,,,50.0,0.0,3.0,3,0,0.0,0,0,0.0,750.0,2754.0,675.0,0.0,3.0,3.0,3.0,0.0,3.0,0.0,3.0,1.0,3.0,3.0,0.0,0.0,99.0,21.0,12.0,9.0,9.0,6.0,0.0,3.0,0.0,0.0,0.0,0.0,0.0,3.0,0.0,0.0,0.0,1.0,0.0,0.0,0.0,18.0,6.0,1.0,1712600.0,1700600.0,
25,52,39.08,12377,66741,38747,22895,22031,864,60022,16211,11322,144,1346.867189158118,32.3,19.2,322.0,0.0,0.0,0.0,3.0,3.0,0.0,3.0,568000.0,0.0,0.0,0.0,0.0,6256.0,201.0,79.0,840.0,10.0,,,83.53999999999999,2.0,0.0,3,0,0.0,0,0,0.0,820.0,901.0,1298.0,0.0,3.0,0.0,3.0,0.0,0.0,0.0,2.0,0.0,6.0,5.0,0.0,2.0,99.0,34.0,18.0,13.0,13.0,4.0,0.0,2.0,0.0,0.0,0.0,0.0,0.0,3.0,0.0,0.0,0.0,9.0,0.0,4.0,0.0,27.0,17.0,21.0,5602400.0,6442600.0,
25,53,71.44,24457,141889,87031,47586,44334,3252,128240,19149,24202,0,1346.867189158118,31.4,18.4,175.0,0.0,0.0,0.0,3.0,3.0,0.0,3.0,952500.0,0.0,0.0,0.0,0.0,13082.0,592.0,1362.0,2169.0,0.0,,,256.55,0.0,0.0,3,0,0.0,0,3,0.0,3000.0,5000.0,527.0,0.0,3.0,3.0,3.0,0.0,3.0,0.0,12.0,2.0,4.0,1.0,0.0,3.0,703.0,51.0,21.0,17.0,17.0,7.0,1.0,5.0,2.0,0.0,0.0,0.0,0.0,2.0,1.0,0.0,1.0,7.0,0.0,3.0,0.0,27.0,14.0,8.0,13469200.0,15598900.0,
25,54,156.96,82036,471044,323085,138069,137363,706,437207,21894,73916,213,504.656821927022,43.7,5.9,280.0,0.0,0.0,0.0,3.0,0.0,0.0,3.0,1575000.0,0.0,0.0,0.0,0.0,41634.0,1458.0,9617.0,3615.0,153.0,,,848.74,0.0,0.0,3,0,0.0,0,0,0.0,347.0,405.0,0.0,0.0,3.0,0.0,0.0,0.0,0.0,0.0,6.0,0.0,4.0,5.0,1.0,1.0,694.0,90.0,22.0,14.0,26.0,7.0,3.0,6.0,6.0,2.0,1.0,1.0,0.0,2.0,1.0,50.0,2.0,22.0,2.0,3.0,0.0,65.0,14.0,4.0,124350000.0,136091700.0,
25,55,85.58,43905,262761,162521,80523,78557,1966,245604,51572,28662,0,1346.867189158118,43.7,5.9,315.0,0.0,0.0,0.0,3.0,3.0,3.0,3.0,2817500.0,0.0,0.0,0.0,0.0,22479.0,943.0,3549.0,3603.0,41.0,,,412.0,0.0,3.0,3,0,0.0,0,0,0.0,10635.0,1948.0,206.0,0.0,3.0,3.0,3.0,3.0,0.0,0.0,9.0,3.0,16.0,7.0,0.0,3.0,535.0,129.0,61.0,39.0,36.0,9.0,1.0,9.0,5.0,4.0,0.0,0.0,0.0,12.0,0.0,0.0,1.0,23.0,0.0,5.0,3.0,68.0,23.0,14.0,26041000.0,25216600.0,
25,56,36.78,27693,191213,117185,69751,67063,2688,174244,23744,18669,5,1346.867189158118,37.1,17.3,291.0,0.0,0.0,0.0,3.0,3.0,0.0,3.0,1107500.0,0.0,0.0,0.0,0.0,15670.0,2822.0,2773.0,1879.0,1620.0,182.6,26.0,208.6,0.0,0.0,3,0,0.0,0,3,0.0,3169.0,7639.0,510.0,0.0,3.0,0.0,3.0,3.0,0.0,0.0,31.0,12.0,6.0,2.0,0.0,1.0,550.0,71.0,36.0,17.0,11.0,8.0,0.0,3.0,0.0,0.0,0.0,0.0,0.0,12.0,4.0,0.0,0.0,7.0,1.0,6.0,17.0,34.0,14.0,315.0,12900500.0,13312800.0,
25,57,38.95,27301,178541,105187,58989,56988,2001,166730,40641,28110,21,1346.867189158118,37.1,17.3,76.0,0.0,0.0,0.0,3.0,3.0,0.0,3.0,4114454.0,0.0,0.0,0.0,0.0,9282.0,190.0,1006.0,1234.0,96.0,5.0,8.0,150.41,0.0,0.0,3,0,0.0,0,0,0.0,2963.0,125.0,492.0,0.0,3.0,3.0,3.0,0.0,0.0,0.0,21.0,6.0,10.0,2.0,0.0,1.0,459.0,57.0,27.0,17.0,23.0,3.0,0.0,3.0,1.0,1.0,0.0,0.0,0.0,16.0,0.0,0.0,1.0,15.0,3.0,4.0,0.0,45.0,25.0,23.0,12093100.0,14466100.0,
25,58,40.0,29289,175762,107597,52786,52003,783,168553,22630,21215,0,504.656821927022,31.8,19.4,210.0,0.0,0.0,0.0,3.0,0.0,0.0,3.0,1293000.0,0.0,0.0,0.0,0.0,9154.0,1366.0,5555.0,2472.0,0.0,,,202.7,0.0,0.0,3,0,0.0,0,0,0.0,13365.0,7125.0,2400.0,0.0,3.0,3.0,3.0,0.0,0.0,0.0,4.0,0.0,4.0,2.0,0.0,1.0,412.0,66.0,29.0,21.0,18.0,3.0,1.0,6.0,3.0,1.0,0.0,0.0,0.0,29.0,1.0,0.0,1.0,14.0,0.0,10.0,0.0,42.0,28.0,1.0,19203200.0,21451800.0,
25,59,43.980000000000004,26630,181157,110295,53839,53135,704,170248,28165,18561,1,1145.2677148716673,30.4,17.3,331.0,0.0,0.0,0.0,3.0,3.0,0.0,3.0,3044000.0,0.0,0.0,0.0,0.0,24408.0,1932.0,517.0,1823.0,21.0,9.0,1.0,127.0,0.0,0.0,3,3,0.0,0,0,0.0,15129.0,20602.0,5000.0,0.0,3.0,3.0,3.0,0.0,0.0,0.0,6.0,7.0,10.0,1.0,0.0,3.0,311.0,82.0,29.0,17.0,17.0,3.0,1.0,6.0,3.0,2.0,0.0,0.0,0.0,4.0,0.0,0.0,1.0,15.0,3.0,7.0,0.0,39.0,45.0,8.0,19922100.0,18222200.0,
25,60,44.44999999999999,23074,142335,93313,41840,41013,827,136462,25956,18561,65,1346.867189158118,43.3,6.0,315.0,0.0,0.0,0.0,3.0,3.0,0.0,3.0,8854375.0,0.0,0.0,0.0,0.0,10141.0,257.0,380.0,2111.0,263.0,37.5,22.5,189.84,0.0,0.0,3,0,0.0,0,3,0.0,1430.0,4857.0,758.0,3.0,3.0,3.0,0.0,0.0,0.0,0.0,14.0,8.0,15.0,2.0,0.0,1.0,335.0,115.0,44.0,20.0,22.0,16.0,1.0,6.0,0.0,0.0,0.0,0.0,0.0,21.0,1.0,0.0,6.0,17.0,2.0,3.0,0.0,46.0,14.0,18.0,12382700.0,14577300.0,
25,61,159.68,165026,1064073,665310,356089,349641,6448,966159,65841,125323,70,504.656821927022,31.8,19.4,242.0,0.0,0.0,0.0,3.0,3.0,0.0,3.0,84863740.0,13414000.0,0.0,0.0,0.0,349425.0,4472.0,5613.0,129239.0,532.0,38.0,55.0,1641.9899999999998,0.0,3.0,3,3,0.0,0,0,0.0,11332.0,314.0,667.0,3.0,3.0,0.0,3.0,3.0,0.0,0.0,109.0,27.0,29.0,22.0,0.0,43.0,4011.0,371.0,181.0,114.0,80.0,23.0,2.0,14.0,6.0,7.0,2.0,2.0,2.0,17.0,2.0,0.0,9.0,90.0,23.0,82.0,2.0,89.0,568.0,75.0,150432800.0,152287100.0,
25,62,56.03,29365,182697,107191,64208,61642,2566,164432,10163,30889,0,1159.9800978792823,43.3,6.0,292.0,0.0,0.0,0.0,3.0,0.0,0.0,3.0,2922500.0,0.0,0.0,0.0,0.0,31181.0,737.0,4159.0,3959.0,6.0,,,194.0,0.0,0.0,3,0,0.0,0,3,0.0,379.0,20.0,0.0,0.0,0.0,3.0,3.0,0.0,0.0,0.0,17.0,1.0,3.0,2.0,0.0,5.0,591.0,121.0,38.0,17.0,14.0,9.0,1.0,3.0,3.0,3.0,0.0,0.0,0.0,4.0,0.0,0.0,0.0,12.0,0.0,4.0,0.0,20.0,5.0,4.0,21441200.0,20592200.0,
25,63,30.57,30281,118237,87595,40849,40590,259,103234,20638,17184,28,1377.722367119901,43.3,6.0,344.0,8.0,0.0,0.0,3.0,3.0,0.0,3.0,3558200.0,3500000.0,0.0,0.0,0.0,15919.0,222.0,1334.0,2659.0,69.0,,,94.11,0.0,0.0,3,0,0.0,0,0,3.0,5621.0,440.0,10.0,0.0,0.0,3.0,3.0,0.0,0.0,0.0,7.0,8.0,5.0,3.0,0.0,1.0,583.0,49.0,19.0,11.0,10.0,7.0,0.0,2.0,1.0,1.0,0.0,0.0,0.0,2.0,0.0,0.0,5.0,6.0,15.0,7.0,0.0,27.0,6.0,5.0,1355200.0,5045600.0,
26,01,30.009999999999998,32012,148444,114647,48157,47410,747,121340,23112,32626,613,1180.8386862870548,39.4,5.2,637.0,0.0,0.0,0.0,3.0,0.0,0.0,3.0,215000.0,0.0,0.0,0.0,0.0,5876.0,85.0,1694.0,3375.0,15.0,183.3,91.9,275.2,0.0,0.0,3,0,0.0,0,0,0.0,4406.0,4936.0,8164.0,3.0,3.0,0.0,3.0,0.0,3.0,3.0,4.0,1.0,2.0,3.0,0.0,1.0,765.0,142.0,34.0,31.0,22.0,10.0,1.0,9.0,4.0,4.0,0.0,0.0,0.0,30.0,1.0,40.0,2.0,10.0,8.0,13.0,0.0,18.0,4.0,5.0,22895700.0,21275800.0,
26,02,157.19,87848,393596,279738,135198,133837,1361,323049,37458,114844,9210,1145.2677148716673,36.3,6.0,585.0,0.0,0.0,0.0,3.0,3.0,0.0,3.0,4154000.0,5300000.0,0.0,0.0,0.0,19952.0,398.0,5290.0,4552.0,400.0,469.0,596.71,1065.71,0.0,0.0,3,3,0.0,0,0,3.0,14501.0,9094.0,15033.0,3.0,0.0,0.0,3.0,0.0,3.0,0.0,7.0,13.0,5.0,10.0,0.0,6.0,1212.0,166.0,43.0,40.0,28.0,27.0,1.0,5.0,2.0,2.0,0.0,1.0,1.0,88.0,0.0,0.0,2.0,17.0,15.0,26.0,13.0,34.0,16.0,40.0,17694600.0,15910200.0,
26,03,69.28,70742,348610,267787,117965,116988,977,278095,25700,45889,20435,1346.867189158118,39.0,3.0,573.0,0.0,0.0,0.0,3.0,3.0,0.0,3.0,0.0,240426364.0,0.0,0.0,0.0,40725.0,624.0,28177.0,7114.0,486.0,325.39,29.77,365.15999999999997,0.0,3.0,3,3,0.0,0,0,3.0,26860.0,302.0,1189.0,3.0,0.0,0.0,3.0,3.0,3.0,0.0,10.0,14.0,1.0,2.0,23.0,4.0,1964.0,194.0,23.0,55.0,26.0,9.0,1.0,8.0,4.0,5.0,0.0,0.0,0.0,11.0,0.0,0.0,2.0,12.0,19.0,13.0,8.0,55.0,2.0,22.0,74174800.0,66923700.0,
26,04,60.65,67930,359262,275212,111344,109882,1462,305856,21219,63015,6464,1145.2677148716673,45.0,6.2,405.0,0.0,0.0,0.0,3.0,0.0,0.0,3.0,3345000.0,0.0,0.0,0.0,0.0,14179.0,844.0,4440.0,4012.0,70.0,170.11,159.28,329.39,0.0,0.0,3,0,0.0,0,0,3.0,12801.0,10394.0,2955.0,3.0,0.0,3.0,3.0,0.0,3.0,0.0,5.0,4.0,3.0,3.0,2.0,4.0,831.0,176.0,26.0,31.0,20.0,13.0,3.0,6.0,3.0,5.0,0.0,0.0,0.0,65.0,0.0,0.0,2.0,18.0,11.0,12.0,7.0,31.0,13.0,35.0,12770400.0,11835200.0,
26,05,20.76,35834,157496,115146,50855,50522,333,135682,10588,25621,1519,990.7742217256614,44.0,8.6,30.0,0.0,0.0,0.0,3.0,0.0,0.0,3.0,3600000.0,536200.0,0.0,0.0,0.0,20511.0,504.0,3123.0,3873.0,278.0,144.94,104.55,249.49,0.0,0.0,3,3,0.0,0,0,0.0,18694.0,4368.0,3246.0,3.0,3.0,0.0,3.0,0.0,0.0,3.0,5.0,2.0,0.0,1.0,0.0,4.0,574.0,116.0,7.0,16.0,8.0,81.0,1.0,3.0,1.0,1.0,0.0,0.0,0.0,13.0,0.0,0.0,1.0,4.0,4.0,2.0,0.0,14.0,1.0,37.0,18311900.0,18212100.0,
26,06,106.66,90561,408513,248384,159965,153987,5978,334382,36468,82755,1710,1068.4287838097066,47.0,6.5,180.0,0.0,0.0,0.0,3.0,3.0,0.0,3.0,10633000.0,1213000.0,0.0,0.0,0.0,21124.0,569.0,6618.0,8571.0,561.0,332.81,225.5,558.3100000000001,0.0,3.0,3,0,0.0,0,0,3.0,24656.0,6437.0,12667.0,3.0,3.0,3.0,3.0,3.0,3.0,3.0,8.0,14.0,6.0,1.0,0.0,2.0,1547.0,299.0,24.0,41.0,25.0,19.0,2.0,8.0,5.0,6.0,0.0,1.0,0.0,38.0,2.0,80.0,2.0,15.0,6.0,20.0,3.0,45.0,9.0,9.0,20700000.0,15923000.0,
26,07,226.07999999999998,163364,756459,556216,251759,245949,5810,620059,69767,197547,10635,1377.722367119901,45.0,7.0,20.0,10.0,0.0,0.0,3.0,3.0,3.0,3.0,21917550.0,0.0,0.0,0.0,0.0,58643.0,2185.0,14717.0,11472.0,336.0,1221.44,292.24,1513.6799999999998,0.0,3.0,3,3,0.0,0,3,3.0,38723.0,22261.0,27165.0,0.0,0.0,3.0,3.0,3.0,3.0,3.0,11.0,5.0,7.0,4.0,0.0,3.0,4458.0,467.0,40.0,76.0,35.0,26.0,4.0,8.0,8.0,8.0,0.0,0.0,0.0,42.0,3.0,165.0,5.0,35.0,33.0,29.0,21.0,81.0,15.0,81.0,60520400.0,83125600.0,
26,08,435.89000000000004,711628,3308645,2596619,1057432,1049457,7975,2672868,155996,476701,19687,1428.472815673329,42.0,8.11,0.0,0.0,0.0,0.0,3.0,3.0,0.0,3.0,17502336.0,533000.0,0.0,0.0,0.0,204229.0,5678.0,25779.0,48230.0,358.0,3137.5000000000005,468.90000000000003,3606.4000000000005,0.0,3.0,3,3,0.0,3,3,3.0,125629.0,22023.0,125715.0,3.0,3.0,3.0,3.0,3.0,3.0,3.0,35.0,59.0,20.0,4.0,23.0,8.0,4031.0,1545.0,172.0,336.0,116.0,191.0,5.0,25.0,22.0,20.0,0.0,0.0,0.0,42.0,4.0,30.0,7.0,83.0,30.0,280.0,128.0,196.0,23.0,30.0,323392600.0,268559500.0,
26,09,163.68,147622,657325,473374,206480,202641,3839,553897,120330,133453,2583,1149.7204990578427,41.0,6.0,3.0,0.0,0.0,0.0,3.0,0.0,0.0,3.0,653500.0,30000.0,0.0,0.0,0.0,34648.0,1834.0,9366.0,6416.0,518.0,372.75999999999993,390.43,763.1899999999999,0.0,3.0,3,0,0.0,0,3,3.0,12433.0,2406.0,20322.0,3.0,3.0,3.0,3.0,0.0,3.0,3.0,10.0,16.0,6.0,7.0,8.0,14.0,536.0,240.0,61.0,60.0,34.0,29.0,0.0,5.0,3.0,5.0,0.0,0.0,0.0,11.0,2.0,0.0,3.0,23.0,14.0,44.0,6.0,46.0,9.0,6.0,31756100.0,26489300.0,
26,10,185.39,848085,3978625,3087898,1452303,1444968,7335,2947516,2040,283602,8593,1346.867189158118,40.3,10.0,0.0,0.0,,,3.0,0.0,0.0,3.0,0.0,3600000000.0,2745000000.0,0.0,0.0,,,,78354.0,,1725.0,0.0,1725.0,0.0,3.0,3,0,0.0,0,0,0.0,,,,0.0,0.0,0.0,3.0,3.0,0.0,0.0,73.0,47.0,0.0,1.0,0.0,49.0,14122.0,2054.0,584.0,564.0,240.0,82.0,6.0,53.0,32.0,34.0,9.0,2.0,4.0,,2.0,285.0,5.0,97.0,57.0,,0.0,715.0,,,2108806000.0,2280445000.0,
26,11,215.02,355015,1615129,1190665,556238,552802,3436,1292876,124717,173735,5966,1316.0916584402764,43.0,8.6,1.0,0.0,0.0,0.0,3.0,3.0,0.0,3.0,55652500.0,0.0,0.0,0.0,0.0,8445.0,698.0,4154.0,2424.0,28.0,732.5,558.5,1273.0,0.0,3.0,3,0,0.0,0,3,3.0,16784.0,6988.0,25397.0,3.0,3.0,3.0,3.0,0.0,3.0,3.0,17.0,9.0,16.0,11.0,0.0,15.0,1115.0,957.0,95.0,165.0,44.0,25.0,2.0,15.0,11.0,13.0,0.0,0.0,0.0,60.0,0.0,0.0,2.0,38.0,13.0,144.0,122.0,176.0,307.0,580.0,152111800.0,189015700.0,
26,12,171.50999999999996,270700,1200912,914568,393337,390677,2660,964914,92674,176857,9128,1145.2677148716673,44.0,2.7,10.0,2.0,0.0,0.0,3.0,3.0,0.0,3.0,24655050.0,0.0,0.0,200000.0,0.0,87435.0,1679.0,19906.0,15553.0,24.0,1219.12,336.5,1555.62,0.0,3.0,3,3,0.0,0,0,3.0,90915.0,5804.0,39619.0,3.0,0.0,3.0,3.0,3.0,3.0,3.0,12.0,13.0,15.0,3.0,0.0,22.0,2082.0,590.0,64.0,125.0,57.0,58.0,3.0,16.0,14.0,16.0,0.0,0.0,0.0,120.0,4.0,55.0,2.0,31.0,23.0,80.0,41.0,92.0,12.0,29.0,165452900.0,150321600.0,
26,13,360.24,146747,705820,553480,235552,224177,11375,585443,51111,111971,19419,1145.2677148716673,48.0,6.0,60.0,0.0,0.0,0.0,3.0,3.0,3.0,3.0,14470820.0,200500.0,0.0,30000.0,0.0,47860.0,2335.0,8274.0,12395.0,686.0,867.75,782.0,2003.75,0.0,3.0,3,3,0.0,0,0,3.0,30186.0,12248.0,30048.0,3.0,0.0,3.0,3.0,3.0,3.0,3.0,17.0,9.0,10.0,6.0,0.0,6.0,2567.0,490.0,56.0,68.0,41.0,52.0,3.0,13.0,9.0,8.0,0.0,0.0,0.0,39.0,10.0,40.0,11.0,33.0,36.0,41.0,23.0,110.0,33.0,64.0,64074600.0,75887100.0,
26,14,77.73,41693,200724,147933,66350,65171,1179,166128,18038,57548,1903,1068.4287838097066,54.0,8.0,140.0,0.0,0.0,0.0,3.0,3.0,0.0,3.0,2092450.0,0.0,0.0,0.0,0.0,23254.0,385.0,2342.0,7383.0,275.0,100.57,154.74,255.31,0.0,0.0,3,3,0.0,0,0,3.0,4696.0,1511.0,3135.0,3.0,0.0,3.0,3.0,0.0,0.0,3.0,3.0,10.0,6.0,5.0,0.0,4.0,1135.0,166.0,7.0,23.0,14.0,19.0,2.0,8.0,4.0,4.0,1.0,0.0,0.0,26.0,1.0,50.0,2.0,10.0,4.0,12.0,11.0,33.0,4.0,13.0,26994800.0,18525700.0,
26,15,69.79,36269,177521,125301,56650,54596,2054,153356,28454,44883,4351,504.656821927022,45.0,7.15,76.0,0.0,0.0,0.0,3.0,0.0,0.0,3.0,3224000.0,0.0,0.0,0.0,0.0,16344.0,657.0,2545.0,3997.0,362.0,130.04,42.010000000000005,172.05,0.0,0.0,3,0,0.0,0,0,0.0,13074.0,2802.0,654.0,3.0,3.0,3.0,3.0,0.0,0.0,3.0,5.0,4.0,4.0,2.0,1.0,4.0,651.0,152.0,8.0,12.0,16.0,11.0,1.0,5.0,3.0,1.0,0.0,0.0,0.0,45.0,1.0,42.0,3.0,8.0,8.0,12.0,6.0,30.0,5.0,48.0,20864400.0,20074200.0,
26,16,667.73,411984,1823846,1292344,571873,562782,9091,1551119,170894,399163,69894,1180.8386862870548,47.5,5.0,80.0,0.0,0.0,0.0,3.0,3.0,0.0,3.0,52046642.0,2250100.0,0.0,0.0,0.0,158098.0,2257.0,20667.0,33924.0,1426.0,1462.1100000000001,853.35,2315.46,0.0,3.0,3,3,0.0,0,3,3.0,143544.0,18604.0,27316.0,3.0,0.0,3.0,3.0,3.0,3.0,3.0,29.0,64.0,20.0,11.0,2.0,12.0,5495.0,737.0,47.0,140.0,64.0,66.0,6.0,18.0,16.0,14.0,0.0,1.0,1.0,314.0,3.0,160.0,21.0,58.0,37.0,86.0,28.0,160.0,12.0,242.0,146263300.0,129433600.0,
26,17,60.39,42885,194669,131250,63277,62134,1143,166286,18216,54996,4202,1350.0447838736495,45.1,8.25,179.0,0.0,0.0,0.0,3.0,3.0,0.0,3.0,1887900.0,454000.0,0.0,0.0,0.0,19853.0,1044.0,5942.0,5666.0,356.0,264.15,144.54,482.40000000000003,0.0,0.0,3,0,0.0,3,0,0.0,5797.0,1215.0,7091.0,3.0,0.0,0.0,3.0,0.0,0.0,3.0,5.0,10.0,3.0,4.0,2.0,1.0,844.0,108.0,7.0,14.0,20.0,18.0,1.0,6.0,5.0,6.0,0.0,0.0,0.0,81.0,0.0,0.0,2.0,9.0,5.0,10.0,5.0,44.0,12.0,18.0,16110500.0,15091500.0,
27,01,14.14,15825,64427,52633,26068,25690,378,48887,1903,0,502,1346.867189158118,33.3,15.4,0.0,0.0,0.0,1190.0,3.0,0.0,0.0,0.0,0.0,6884000.0,0.0,0.0,0.0,11648.0,153.0,3224.0,3360.0,211.0,,,68.84,0.0,0.0,3,0,0.0,0,0,0.0,1027.0,1500.0,0.0,0.0,0.0,0.0,3.0,3.0,0.0,0.0,4.0,9.0,0.0,9.0,0.0,1.0,592.0,23.0,17.0,14.0,9.0,0.0,0.0,1.0,1.0,1.0,0.0,0.0,0.0,10.0,1.0,34.0,2.0,5.0,1.0,3.0,3.0,7.0,44.0,19.0,27371000.0,27092900.0,
28,01,78.0,126227,492195,393107,196799,196254,545,379030,9175,91837,0,1201.126386687797,42.4,3.4,0.0,0.0,0.0,0.0,3.0,0.0,0.0,0.0,,0.0,0.0,0.0,0.0,103793.0,2441.0,13580.0,24036.0,868.0,,,1427.0,0.0,3.0,3,0,0.0,0,0,0.0,2200.0,0.0,2009.0,3.0,0.0,0.0,0.0,3.0,0.0,0.0,3.0,32.0,1.0,4.0,5.0,1.0,1389.0,148.0,98.0,71.0,16.0,7.0,2.0,11.0,9.0,9.0,1.0,1.0,0.0,160.0,1.0,0.0,8.0,9.0,11.0,60.0,0.0,109.0,3.0,246.0,947383600.0,1487609300.0,
29,01,0.78,1923,9857,7732,4922,4560,362,6803,1492,487,3516,1037.731427072403,30.7,21.7,0.0,0.0,0.0,10.0,3.0,3.0,0.0,0.0,350000.0,150000.0,0.0,0.0,0.0,2027.0,526.0,459.0,224.0,39.0,17.0,1.0,18.0,0.0,0.0,3,0,0.0,0,0,0.0,409.0,999.0,999.0,0.0,0.0,0.0,3.0,0.0,0.0,0.0,2.0,6.0,0.0,1.0,0.0,0.0,56.0,4.0,1.0,2.0,2.0,4.0,0.0,0.0,0.0,0.0,0.0,0.0,0.0,2.0,0.0,0.0,1.0,2.0,1.0,1.0,0.0,6.0,2.0,2.0,367100.0,1935000.0,
30,01,5.6,4684,23491,19341,9597,8769,828,17308,1974,511,2409,504.656821927022,45.1,20.9,0.0,0.0,0.0,12.0,3.0,3.0,0.0,0.0,25000.0,0.0,0.0,0.0,0.0,9255.0,581.0,1396.0,1073.0,1472.0,4.0,0.0,4.0,0.0,3.0,0,0,0.0,0,0,0.0,4188.0,25.0,0.0,0.0,0.0,0.0,3.0,0.0,0.0,0.0,1.0,0.0,1.0,2.0,0.0,0.0,130.0,7.0,5.0,4.0,1.0,2.0,0.0,1.0,1.0,1.0,0.0,0.0,0.0,7.0,0.0,0.0,2.0,2.0,1.0,2.0,2.0,6.0,0.0,0.0,4708800.0,6039500.0,
30,02,17.76,4228,17788,14346,5876,5186,690,14762,2847,985,123,1377.722367119901,38.0,22.0,763.0,0.0,0.0,15.0,3.0,3.0,0.0,0.0,750000.0,30000.0,0.0,0.0,0.0,4041.0,61.0,488.0,1433.0,0.0,20.0,8.0,28.0,15.0,0.0,3,0,0.0,0,3,0.0,17.0,0.0,0.0,0.0,0.0,3.0,0.0,0.0,0.0,0.0,0.0,0.0,1.0,1.0,0.0,2.0,25.0,9.0,5.0,4.0,1.0,0.0,0.0,0.0,0.0,0.0,0.0,0.0,0.0,22.0,1.0,6.0,1.0,1.0,1.0,3.0,4.0,6.0,1.0,0.0,2149100.0,1880100.0,
31,01,685.34,1628678,7062607,5380149,2704072,2695513,8559,5767553,81286,1587127,0,1346.867189158118,39.2,7.5,0.0,0.0,0.0,0.0,3.0,3.0,0.0,3.0,79480000.0,2098970000.0,0.0,0.0,0.0,1409444.0,76704.0,223028.0,324322.0,1839.0,,,1430.0,0.0,3.0,3,0,0.0,0,0,0.0,34804.0,820.0,0.0,3.0,3.0,3.0,3.0,3.0,0.0,3.0,79.0,514.0,10.0,72.0,0.0,161.0,17132.0,1837.0,1487.0,1031.0,739.0,89.0,19.0,50.0,22.0,45.0,10.0,3.0,0.0,133.0,16.0,1116.0,10.0,14.0,146.0,68.0,149.0,1036.0,89.0,798.0,4255878500.0,4111392500.0,
32,01,13.3,4472,23989,20148,7952,7432,520,21162,11991,0,26685,1003.4742639695575,31.1,24.6,0.0,0.0,0.0,287.0,3.0,3.0,0.0,0.0,900000.0,0.0,0.0,0.0,0.0,5266.0,69.0,843.0,1757.0,0.0,78.5,42.25,120.75,0.0,0.0,3,0,0.0,0,0,0.0,1242.0,0.0,1548.0,0.0,0.0,0.0,3.0,0.0,3.0,0.0,2.0,3.0,9.0,0.0,1.0,0.0,90.0,20.0,6.0,4.0,2.0,1.0,0.0,0.0,0.0,0.0,0.0,0.0,0.0,30.0,1.0,16.0,1.0,0.0,5.0,5.0,5.0,4.0,4.0,0.0,,,
33,01,67.22999999999999,72405,350693,277755,122738,121293,1445,278699,11430,42693,0,1112.176189902398,31.9,24.5,0.0,0.0,0.0,0.0,0.0,0.0,0.0,3.0,,0.0,0.0,0.0,0.0,32287.0,1254.0,8400.0,6179.0,3188.0,170.25,2.75,173.0,0.0,0.0,3,0,0.0,0,0,0.0,45.0,89.0,0.0,0.0,0.0,0.0,3.0,3.0,0.0,0.0,5.0,2.0,2.0,0.0,0.0,2.0,2124.0,167.0,89.0,48.0,15.0,,2.0,3.0,3.0,3.0,1.0,1.0,1.0,117.0,3.0,135.0,3.0,27.0,8.0,4.0,0.0,38.0,5.0,123.0,51407400.0,41279100.0,
33,02,35.17,11503,53458,41467,18735,18291,444,43069,2355,6695,0,1840.2654623655915,32.1,24.7,162.0,0.0,0.0,0.0,3.0,0.0,0.0,3.0,,,0.0,0.0,0.0,5076.0,135.0,3013.0,1407.0,22.0,66.72,15.5,82.22,0.0,3.0,3,0,0.0,0,0,0.0,0.0,32.0,0.0,0.0,0.0,3.0,3.0,0.0,0.0,0.0,1.0,0.0,0.0,0.0,0.0,0.0,300.0,31.0,16.0,8.0,2.0,,0.0,2.0,2.0,2.0,0.0,0.0,0.0,39.0,1.0,25.0,0.0,4.0,3.0,,,8.0,11.0,16.0,5046000.0,5059700.0,
33,03,9.0,4752,29155,27434,7392,7051,341,26055,14732,123,0,1083.2246039770812,,,653.0,0.0,0.0,2.0,0.0,3.0,0.0,3.0,0.0,0.0,0.0,0.0,0.0,4072.0,84.0,1050.0,2027.0,236.0,37.47,33.86,71.33,0.0,3.0,3,0,0.0,0,0,0.0,40.0,9.0,0.0,0.0,0.0,0.0,3.0,0.0,0.0,0.0,1.0,0.0,1.0,0.0,0.0,0.0,159.0,14.0,7.0,6.0,1.0,,0.0,1.0,1.0,1.0,0.0,0.0,0.0,0.0,0.0,0.0,1.0,1.0,2.0,0.0,4.0,5.0,1.0,16.0,3002600.0,3862600.0,
33,04,30.0,4119,16965,13040,6843,6731,112,13454,1999,4040,0,504.656821927022,,,840.0,0.0,0.0,26.0,0.0,3.0,0.0,3.0,,0.0,0.0,0.0,0.0,1081.0,38.0,387.0,264.0,283.0,,,,0.0,3.0,3,0,0.0,0,0,0.0,1.0,0.0,4.0,0.0,3.0,0.0,3.0,0.0,0.0,0.0,1.0,0.0,0.0,0.0,0.0,0.0,50.0,13.0,4.0,3.0,1.0,,0.0,1.0,1.0,1.0,0.0,0.0,0.0,5.0,0.0,0.0,0.0,2.0,0.0,0.0,3.0,2.0,2.0,9.0,2797000.0,2499800.0,
