pc91_state_id,pc91_district_id,pc91_pca_area,pc91_pca_res_house,pc91_pca_no_hh,pc91_pca_tot_p,pc91_pca_tot_m,pc91_pca_tot_f,pc91_pca_m_06,pc91_pca_f_06,pc91_pca_p_06,pc91_pca_m_sc,pc91_pca_f_sc,pc91_pca_p_sc,pc91_pca_m_st,pc91_pca_f_st,pc91_pca_p_st,pc91_pca_m_lit,pc91_pca_f_lit,pc91_pca_p_lit,pc91_pca_mainwork_m,pc91_pca_mainwork_f,pc91_pca_mainwork_p,pc91_pca_main_cl_m,pc91_pca_main_cl_f,pc91_pca_main_cl_p,pc91_pca_main_al_m,pc91_pca_main_al_f,pc91_pca_main_al_p,pc91_pca_main_liv_m,pc91_pca_main_liv_f,pc91_pca_main_liv_p,pc91_pca_main_min_m,pc91_pca_main_min_f,pc91_pca_main_min_p,pc91_pca_main_hh_m,pc91_pca_main_hh_f,pc91_pca_main_hh_p,pc91_pca_main_man_m,pc91_pca_main_man_f,pc91_pca_main_man_p,pc91_pca_main_con_m,pc91_pca_main_con_f,pc91_pca_main_con_p,pc91_pca_main_trade_m,pc91_pca_main_trade_f,pc91_pca_main_trade_p,pc91_pca_main_trans_m,pc91_pca_main_trans_f,pc91_pca_main_trans_p,pc91_pca_main_ot_m,pc91_pca_main_ot_f,pc91_pca_main_ot_p,pc91_pca_margwork_m,pc91_pca_margwork_f,pc91_pca_margwork_p,pc91_pca_non_work_m,pc91_pca_non_work_f,pc91_pca_non_work_p
02,01,570383.3499084711,504090.0,508093.0,2318147.0,1152344.0,1165803.0,196446.0,193725.0,390171.0,108149.0,108164.0,216313.0,67226.0,66831.0,134057.0,469707.0,228572.0,698279.0,642878.0,376973.0,1019851.0,223050.0,110013.0,333063.0,211521.0,211421.0,422942.0,34898.0,6081.0,40979.0,1607.0,786.0,2393.0,23359.0,15176.0,38535.0,19088.0,4560.0,23648.0,5523.0,392.0,5915.0,47017.0,12275.0,59292.0,15493.0,223.0,15716.0,61322.0,16046.0,77368.0,7498.0,100109.0,107607.0,501968.0,688721.0,1190689.0
02,02,529032.6011821926,455267.0,459902.0,2107412.0,1053603.0,1053809.0,167661.0,166909.0,334570.0,111363.0,108712.0,220075.0,94716.0,94859.0,189575.0,406757.0,199249.0,606006.0,614689.0,343851.0,958540.0,239259.0,128748.0,368007.0,159839.0,167715.0,327554.0,18420.0,2213.0,20633.0,2047.0,858.0,2905.0,22202.0,9966.0,32168.0,33803.0,2585.0,36388.0,6498.0,667.0,7165.0,50377.0,12472.0,62849.0,21681.0,399.0,22080.0,60563.0,18228.0,78791.0,6629.0,95337.0,101966.0,432285.0,614621.0,1046906.0
02,03,673389.9592363834,716668.0,731870.0,3283918.0,1662643.0,1621275.0,257302.0,253334.0,510636.0,131070.0,125848.0,256918.0,235723.0,232774.0,468497.0,788910.0,473319.0,1262229.0,927879.0,386371.0,1314250.0,308684.0,168436.0,477120.0,169720.0,140425.0,310145.0,27850.0,2700.0,30550.0,4865.0,1320.0,6185.0,23213.0,11538.0,34751.0,80372.0,4769.0,85141.0,28596.0,4188.0,32784.0,79597.0,18286.0,97883.0,63696.0,1575.0,65271.0,141286.0,33134.0,174420.0,7337.0,93968.0,101305.0,727427.0,1140936.0,1868363.0
02,04,675382.9810332358,919796.0,1042831.0,4541031.0,2272875.0,2268156.0,371533.0,369235.0,740768.0,414038.0,412019.0,826057.0,88183.0,87709.0,175892.0,1051861.0,802487.0,1854348.0,1282602.0,388580.0,1671182.0,221826.0,27258.0,249084.0,568170.0,274095.0,842265.0,41275.0,1820.0,43095.0,2810.0,1079.0,3889.0,36973.0,17474.0,54447.0,80867.0,7089.0,87956.0,16504.0,1616.0,18120.0,121030.0,16572.0,137602.0,49734.0,726.0,50460.0,143413.0,40838.0,184251.0,7308.0,68774.0,76082.0,982965.0,1810802.0,2793767.0
02,05,674976.5790596008,729748.0,796857.0,3481142.0,1745708.0,1735434.0,274011.0,269548.0,543559.0,312105.0,306339.0,618444.0,41952.0,42300.0,84252.0,881368.0,690114.0,1571482.0,1005481.0,437759.0,1443240.0,199388.0,17300.0,216688.0,455214.0,340427.0,795641.0,21735.0,3056.0,24791.0,2096.0,776.0,2872.0,18099.0,13762.0,31861.0,65411.0,8739.0,74150.0,13178.0,1438.0,14616.0,92630.0,13602.0,106232.0,37997.0,633.0,38630.0,99733.0,38026.0,137759.0,6516.0,56755.0,63271.0,733711.0,1240920.0,1974631.0
02,06,817071.589389801,798247.0,851655.0,3698833.0,1878789.0,1820044.0,287991.0,277652.0,565643.0,313277.0,299953.0,613230.0,47109.0,44658.0,91767.0,963182.0,702387.0,1665569.0,1067120.0,479924.0,1547044.0,214749.0,28573.0,243322.0,384944.0,366868.0,751812.0,26587.0,3557.0,30144.0,4688.0,2321.0,7009.0,24362.0,12549.0,36911.0,88304.0,7329.0,95633.0,22359.0,2580.0,24939.0,116297.0,16760.0,133057.0,80526.0,1541.0,82067.0,104304.0,37846.0,142150.0,4479.0,49872.0,54351.0,807190.0,1290248.0,2097438.0
02,07,1123873.0808258057,896769.0,939730.0,4106999.0,2084480.0,2022519.0,310346.0,300904.0,611250.0,293589.0,279818.0,573407.0,93636.0,87952.0,181588.0,1003130.0,617234.0,1620364.0,1187341.0,691611.0,1878952.0,294635.0,89718.0,384353.0,456296.0,511031.0,967327.0,20747.0,4575.0,25322.0,7050.0,3119.0,10169.0,14071.0,8633.0,22704.0,84249.0,16302.0,100551.0,23700.0,1509.0,25209.0,116701.0,18258.0,134959.0,56063.0,805.0,56868.0,113829.0,37661.0,151490.0,7266.0,79588.0,86854.0,889873.0,1251320.0,2141193.0
02,08,1498151.1411094666,587919.0,594207.0,2759166.0,1400469.0,1358697.0,221563.0,214734.0,436297.0,281314.0,271326.0,552640.0,51044.0,47810.0,98854.0,626452.0,309596.0,936048.0,775382.0,499188.0,1274570.0,244267.0,93061.0,337328.0,296460.0,351794.0,648254.0,22544.0,4317.0,26861.0,2611.0,1518.0,4129.0,19730.0,12157.0,31887.0,35710.0,7256.0,42966.0,14366.0,1189.0,15555.0,52661.0,9181.0,61842.0,21269.0,362.0,21631.0,65764.0,18353.0,84117.0,4295.0,63198.0,67493.0,620792.0,796311.0,1417103.0
02,09,1087573.387742281,543028.0,548166.0,2392260.0,1208380.0,1183880.0,185768.0,174000.0,359768.0,264056.0,258763.0,522819.0,109986.0,104076.0,214062.0,597222.0,373588.0,970810.0,683513.0,341486.0,1024999.0,177935.0,40043.0,217978.0,246671.0,241976.0,488647.0,25430.0,4071.0,29501.0,2390.0,1722.0,4112.0,20066.0,10397.0,30463.0,36389.0,5322.0,41711.0,18136.0,1414.0,19550.0,56515.0,12931.0,69446.0,27523.0,488.0,28011.0,72458.0,23122.0,95580.0,6509.0,59817.0,66326.0,518358.0,782577.0,1300935.0
02,10,1179520.7190566063,685355.0,691905.0,3259392.0,1657641.0,1601751.0,243999.0,236626.0,480625.0,305053.0,294158.0,599211.0,54067.0,50792.0,104859.0,885142.0,497488.0,1382630.0,950809.0,449920.0,1400729.0,372889.0,155174.0,528063.0,260069.0,229974.0,490043.0,19955.0,8936.0,28891.0,4751.0,982.0,5733.0,23045.0,9288.0,32333.0,50378.0,7074.0,57452.0,17361.0,2167.0,19528.0,73215.0,12381.0,85596.0,34958.0,518.0,35476.0,94188.0,23426.0,117614.0,5422.0,90667.0,96089.0,701410.0,1061164.0,1762574.0
02,11,1224860.8075265884,481275.0,483024.0,2267769.0,1159962.0,1107807.0,174817.0,169165.0,343982.0,173582.0,164357.0,337939.0,24617.0,22797.0,47414.0,622062.0,303667.0,925729.0,641416.0,274558.0,915974.0,221284.0,51261.0,272545.0,189824.0,178646.0,368470.0,13123.0,3197.0,16320.0,3934.0,948.0,4882.0,23510.0,12538.0,36048.0,33079.0,3698.0,36777.0,13423.0,1286.0,14709.0,55323.0,6370.0,61693.0,24350.0,248.0,24598.0,63566.0,16366.0,79932.0,4407.0,76259.0,80666.0,514139.0,756990.0,1271129.0
02,12,1823150.3000526428,617267.0,619927.0,3183814.0,1635996.0,1547818.0,275087.0,264675.0,539762.0,232055.0,219755.0,451810.0,57472.0,53735.0,111207.0,761076.0,354277.0,1115353.0,908663.0,472885.0,1381548.0,358105.0,132280.0,490385.0,248930.0,284582.0,533512.0,21609.0,2477.0,24086.0,1708.0,367.0,2075.0,33085.0,12421.0,45506.0,43918.0,5988.0,49906.0,21133.0,2822.0,23955.0,69090.0,9685.0,78775.0,33885.0,593.0,34478.0,77200.0,21670.0,98870.0,4750.0,84658.0,89408.0,722583.0,990275.0,1712858.0
02,13,1499712.3313980103,545887.0,550140.0,2973024.0,1522618.0,1450406.0,283324.0,270714.0,554038.0,265918.0,252190.0,518108.0,29201.0,27254.0,56455.0,659794.0,307180.0,966974.0,830173.0,510807.0,1340980.0,246524.0,85297.0,331821.0,306223.0,358126.0,664349.0,9819.0,2109.0,11928.0,16299.0,7799.0,24098.0,17484.0,14011.0,31495.0,42222.0,8790.0,51012.0,20866.0,2268.0,23134.0,67187.0,8896.0,76083.0,26955.0,414.0,27369.0,76594.0,23097.0,99691.0,2571.0,39286.0,41857.0,689874.0,900313.0,1590187.0
02,14,1735935.1390895844,555824.0,560102.0,3077050.0,1559616.0,1517434.0,298644.0,292925.0,591569.0,276017.0,266363.0,542380.0,116871.0,110534.0,227405.0,514448.0,220796.0,735244.0,859753.0,627848.0,1487601.0,403235.0,183168.0,586403.0,242791.0,384663.0,627454.0,24334.0,2533.0,26867.0,3784.0,1236.0,5020.0,15582.0,12066.0,27648.0,36214.0,16761.0,52975.0,13257.0,2309.0,15566.0,47764.0,8496.0,56260.0,16813.0,280.0,17093.0,55979.0,16336.0,72315.0,3164.0,54020.0,57184.0,696699.0,835566.0,1532265.0
02,15,729610.6204743385,486410.0,494564.0,2551966.0,1314560.0,1237406.0,232313.0,225887.0,458200.0,224289.0,215097.0,439386.0,56438.0,52956.0,109394.0,654053.0,373331.0,1027384.0,685186.0,327690.0,1012876.0,170726.0,85779.0,256505.0,122850.0,166075.0,288925.0,16053.0,3432.0,19485.0,10589.0,5121.0,15710.0,7006.0,3170.0,10176.0,124797.0,15391.0,140188.0,37380.0,7906.0,45286.0,69943.0,10472.0,80415.0,41673.0,2157.0,43830.0,84169.0,28187.0,112356.0,2964.0,24138.0,27102.0,626410.0,885578.0,1511988.0
02,17,970420.6596784145,401103.0,413164.0,2269800.0,1152079.0,1117721.0,208359.0,204352.0,412711.0,205310.0,200412.0,405722.0,48950.0,46092.0,95042.0,426073.0,175796.0,601869.0,630591.0,420675.0,1051266.0,274954.0,144940.0,419894.0,169939.0,216990.0,386929.0,12936.0,1423.0,14359.0,3601.0,1767.0,5368.0,13719.0,15772.0,29491.0,52467.0,20482.0,72949.0,7955.0,1659.0,9614.0,37314.0,4437.0,41751.0,12212.0,272.0,12484.0,45494.0,12933.0,58427.0,3107.0,30017.0,33124.0,518381.0,667029.0,1185410.0
02,18,848532.5594129562,378551.0,394424.0,2034818.0,1008651.0,1026167.0,174823.0,171205.0,346028.0,150454.0,157246.0,307700.0,61108.0,59512.0,120620.0,394797.0,182592.0,577389.0,543157.0,430923.0,974080.0,204852.0,121953.0,326805.0,147114.0,159588.0,306702.0,12816.0,574.0,13390.0,1207.0,730.0,1937.0,22806.0,109718.0,132524.0,30225.0,18119.0,48344.0,8862.0,1801.0,10663.0,49292.0,3356.0,52648.0,13771.0,159.0,13930.0,52212.0,14925.0,67137.0,3509.0,32687.0,36196.0,461985.0,562557.0,1024542.0
02,19,1494718.8288059235,410709.0,422147.0,2078568.0,1050011.0,1028557.0,196028.0,193213.0,389241.0,194636.0,190311.0,384947.0,179869.0,175033.0,354902.0,384848.0,172191.0,557039.0,551283.0,315920.0,867203.0,203996.0,90018.0,294014.0,141681.0,161154.0,302835.0,9918.0,539.0,10457.0,51872.0,1572.0,53444.0,14693.0,27540.0,42233.0,27773.0,18615.0,46388.0,6957.0,1129.0,8086.0,34959.0,3254.0,38213.0,12203.0,185.0,12388.0,47231.0,11914.0,59145.0,4955.0,49770.0,54725.0,493773.0,662867.0,1156640.0
02,20,1095120.081544876,633085.0,643856.0,3037486.0,1529791.0,1507695.0,242468.0,237474.0,479942.0,284788.0,278835.0,563623.0,42903.0,40724.0,83627.0,653087.0,297501.0,950588.0,854826.0,622736.0,1477562.0,296877.0,161488.0,458365.0,224395.0,303792.0,528187.0,18168.0,1196.0,19364.0,40111.0,3340.0,43451.0,38495.0,78743.0,117238.0,67919.0,36135.0,104054.0,16560.0,2736.0,19296.0,52744.0,6457.0,59201.0,20230.0,354.0,20584.0,80744.0,28282.0,109026.0,4384.0,45855.0,50239.0,669571.0,839317.0,1508888.0
02,21,1136493.1602609158,575118.0,586830.0,2818832.0,1436666.0,1382166.0,243172.0,237527.0,480699.0,248777.0,235877.0,484654.0,199138.0,186181.0,385319.0,620327.0,298488.0,918815.0,775240.0,501300.0,1276540.0,291772.0,122162.0,413934.0,222295.0,314941.0,537236.0,12107.0,1322.0,13429.0,4767.0,1410.0,6177.0,27255.0,17880.0,45135.0,52675.0,11740.0,64415.0,17221.0,2932.0,20153.0,51337.0,7230.0,58567.0,28179.0,562.0,28741.0,67632.0,21221.0,88853.0,5226.0,64848.0,70074.0,656200.0,815918.0,1472118.0
02,22,1235644.1368497163,452049.0,473413.0,2215809.0,1130027.0,1085782.0,194213.0,190435.0,384648.0,184625.0,175529.0,360154.0,284152.0,274806.0,558958.0,468273.0,273387.0,741660.0,622876.0,336540.0,959416.0,205767.0,55323.0,261090.0,217602.0,246374.0,463976.0,9916.0,2160.0,12076.0,28241.0,2236.0,30477.0,13950.0,4415.0,18365.0,30139.0,2415.0,32554.0,11173.0,1628.0,12801.0,38916.0,6497.0,45413.0,15830.0,268.0,16098.0,51342.0,15224.0,66566.0,4629.0,52347.0,56976.0,502522.0,696895.0,1199417.0
02,23,1375153.4303736687,565079.0,585108.0,2852092.0,1453905.0,1398187.0,251716.0,247021.0,498737.0,257011.0,247195.0,504206.0,143135.0,132503.0,275638.0,607448.0,286861.0,894309.0,792488.0,499789.0,1292277.0,306316.0,110563.0,416879.0,229736.0,325858.0,555594.0,13842.0,3021.0,16863.0,3174.0,1251.0,4425.0,47970.0,20549.0,68519.0,47140.0,6179.0,53319.0,15461.0,4046.0,19507.0,48321.0,11463.0,59784.0,22088.0,304.0,22392.0,58440.0,16555.0,74995.0,4351.0,81232.0,85583.0,657066.0,817166.0,1474232.0
03,02,10.180000305175781,8557.0,9648.0,41378.0,22740.0,18638.0,4464.0,4269.0,8733.0,120.0,86.0,206.0,10621.0,10371.0,20992.0,10148.0,5236.0,15384.0,12287.0,4942.0,17229.0,3770.0,3275.0,7045.0,499.0,340.0,839.0,326.0,39.0,365.0,2.0,0.0,2.0,145.0,14.0,159.0,224.0,48.0,272.0,1629.0,416.0,2045.0,847.0,154.0,1001.0,186.0,1.0,187.0,4659.0,655.0,5314.0,62.0,208.0,270.0,10391.0,13488.0,23879.0
03,04,0.0,20654.0,23374.0,103609.0,54832.0,48777.0,10791.0,10367.0,21158.0,282.0,190.0,472.0,34599.0,34931.0,69530.0,24213.0,13551.0,37764.0,28523.0,16867.0,45390.0,11920.0,14017.0,25937.0,572.0,394.0,966.0,506.0,77.0,583.0,0.0,0.0,0.0,74.0,17.0,91.0,577.0,66.0,643.0,3042.0,225.0,3267.0,1648.0,127.0,1775.0,578.0,17.0,595.0,9606.0,1927.0,11533.0,140.0,315.0,455.0,26169.0,31595.0,57764.0
03,06,0.0,6695.0,6764.0,35036.0,19979.0,15057.0,3631.0,3542.0,7173.0,130.0,56.0,186.0,10685.0,10101.0,20786.0,10954.0,5761.0,16715.0,10420.0,3408.0,13828.0,2603.0,2569.0,5172.0,257.0,50.0,307.0,95.0,6.0,101.0,8.0,0.0,8.0,16.0,17.0,33.0,387.0,35.0,422.0,1090.0,69.0,1159.0,1144.0,26.0,1170.0,242.0,1.0,243.0,4578.0,635.0,5213.0,7.0,12.0,19.0,9552.0,11637.0,21189.0
03,07,0.0,19248.0,19587.0,99643.0,53542.0,46101.0,10149.0,10118.0,20267.0,294.0,153.0,447.0,34116.0,34214.0,68330.0,22776.0,12390.0,35166.0,27906.0,15633.0,43539.0,12761.0,12452.0,25213.0,2743.0,1582.0,4325.0,666.0,117.0,783.0,0.0,0.0,0.0,43.0,4.0,47.0,583.0,42.0,625.0,2799.0,231.0,3030.0,1484.0,71.0,1555.0,471.0,6.0,477.0,6356.0,1128.0,7484.0,160.0,497.0,657.0,25476.0,29971.0,55447.0
03,08,0.0,4480.0,4492.0,21672.0,12098.0,9574.0,2287.0,2293.0,4580.0,129.0,81.0,210.0,3641.0,3541.0,7182.0,5832.0,2773.0,8605.0,6505.0,3016.0,9521.0,1198.0,1303.0,2501.0,1688.0,1267.0,2955.0,246.0,89.0,335.0,0.0,0.0,0.0,5.0,2.0,7.0,554.0,7.0,561.0,319.0,10.0,329.0,713.0,18.0,731.0,236.0,9.0,245.0,1546.0,311.0,1857.0,56.0,46.0,102.0,5537.0,6512.0,12049.0
03,09,0.0,20757.0,21686.0,109706.0,61043.0,48663.0,12169.0,11778.0,23947.0,708.0,595.0,1303.0,20660.0,20273.0,40933.0,28847.0,13357.0,42204.0,33498.0,12523.0,46021.0,13843.0,9861.0,23704.0,2060.0,748.0,2808.0,957.0,239.0,1196.0,4.0,0.0,4.0,59.0,28.0,87.0,2472.0,283.0,2755.0,2523.0,94.0,2617.0,1938.0,62.0,2000.0,982.0,5.0,987.0,8660.0,1203.0,9863.0,266.0,2118.0,2384.0,27279.0,34022.0,61301.0
03,11,0.0,15872.0,15964.0,85508.0,45919.0,39589.0,9436.0,8928.0,18364.0,253.0,89.0,342.0,34734.0,34036.0,68770.0,15849.0,5679.0,21528.0,25486.0,17932.0,43418.0,14653.0,16906.0,31559.0,213.0,63.0,276.0,574.0,186.0,760.0,59.0,0.0,59.0,9.0,2.0,11.0,1450.0,136.0,1586.0,1834.0,49.0,1883.0,935.0,25.0,960.0,266.0,8.0,274.0,5493.0,557.0,6050.0,161.0,706.0,867.0,20272.0,20951.0,41223.0
04,01,254861.19033765793,203847.0,204138.0,1232966.0,633086.0,599880.0,144646.0,141456.0,286102.0,32821.0,30236.0,63057.0,16055.0,15777.0,31832.0,235158.0,135073.0,370231.0,312122.0,22034.0,334156.0,163770.0,7351.0,171121.0,65740.0,5495.0,71235.0,7204.0,2063.0,9267.0,58.0,0.0,58.0,2859.0,935.0,3794.0,9133.0,943.0,10076.0,6312.0,66.0,6378.0,22994.0,777.0,23771.0,5624.0,46.0,5670.0,28428.0,4358.0,32786.0,1576.0,27419.0,28995.0,319388.0,550427.0,869815.0
04,02,32770.02000904083,126158.0,126983.0,800659.0,412600.0,388059.0,81410.0,79384.0,160794.0,15675.0,14439.0,30114.0,167810.0,161651.0,329461.0,164174.0,95430.0,259604.0,208452.0,62737.0,271189.0,134509.0,43234.0,177743.0,31199.0,12230.0,43429.0,4501.0,2174.0,6675.0,36.0,2.0,38.0,784.0,702.0,1486.0,3406.0,173.0,3579.0,2888.0,30.0,2918.0,11131.0,521.0,11652.0,3819.0,42.0,3861.0,16179.0,3629.0,19808.0,924.0,12417.0,13341.0,203224.0,312905.0,516129.0
04,03,16.639999389648438,134924.0,135743.0,807523.0,416216.0,391307.0,86750.0,85289.0,172039.0,45479.0,41265.0,86744.0,71331.0,70211.0,141542.0,193282.0,118491.0,311773.0,203640.0,40682.0,244322.0,113625.0,23464.0,137089.0,30945.0,10764.0,41709.0,2465.0,717.0,3182.0,1322.0,41.0,1363.0,900.0,1056.0,1956.0,5412.0,195.0,5607.0,3659.0,50.0,3709.0,14505.0,536.0,15041.0,9670.0,194.0,9864.0,21137.0,3665.0,24802.0,2445.0,36690.0,39135.0,210131.0,313935.0,524066.0
04,04,17.959999084472656,111785.0,112128.0,668053.0,343107.0,324946.0,76574.0,74816.0,151390.0,18901.0,17845.0,36746.0,58212.0,56887.0,115099.0,147857.0,94009.0,241866.0,165728.0,28929.0,194657.0,93028.0,13813.0,106841.0,27614.0,9028.0,36642.0,2452.0,358.0,2810.0,84.0,1.0,85.0,1329.0,1568.0,2897.0,3078.0,350.0,3428.0,3118.0,46.0,3164.0,12572.0,514.0,13086.0,3372.0,22.0,3394.0,19081.0,3229.0,22310.0,2121.0,28215.0,30336.0,175258.0,267802.0,443060.0
04,05,22.829999923706055,218169.0,218196.0,1385659.0,714677.0,670982.0,150156.0,144107.0,294263.0,47383.0,43304.0,90687.0,55150.0,55302.0,110452.0,296976.0,174910.0,471886.0,339204.0,27128.0,366332.0,202021.0,11838.0,213859.0,53144.0,7747.0,60891.0,4001.0,794.0,4795.0,81.0,2.0,83.0,2929.0,1503.0,4432.0,8404.0,504.0,8908.0,5945.0,47.0,5992.0,24923.0,444.0,25367.0,7869.0,51.0,7920.0,29887.0,4198.0,34085.0,3252.0,46454.0,49706.0,372221.0,597400.0,969621.0
04,06,13.899999618530273,164941.0,164942.0,1016390.0,524953.0,491437.0,96158.0,92955.0,189113.0,46166.0,43028.0,89194.0,90313.0,89328.0,179641.0,287071.0,176091.0,463162.0,237247.0,32080.0,269327.0,122836.0,11207.0,134043.0,40404.0,9148.0,49552.0,6321.0,3000.0,9321.0,82.0,2.0,84.0,2211.0,3008.0,5219.0,6320.0,811.0,7131.0,4937.0,46.0,4983.0,17227.0,432.0,17659.0,6274.0,43.0,6317.0,30635.0,4383.0,35018.0,4376.0,63039.0,67415.0,283330.0,396318.0,679648.0
04,07,259.07000732421875,354540.0,355572.0,2000071.0,1064649.0,935422.0,176288.0,171058.0,347346.0,79010.0,71733.0,150743.0,109286.0,105054.0,214340.0,654494.0,420481.0,1074975.0,514270.0,59904.0,574174.0,186004.0,15225.0,201229.0,39366.0,7821.0,47187.0,10912.0,1560.0,12472.0,1026.0,177.0,1203.0,6652.0,7136.0,13788.0,34345.0,2395.0,36740.0,17627.0,437.0,18064.0,73460.0,2665.0,76125.0,38356.0,1599.0,39955.0,106522.0,20889.0,127411.0,7093.0,70517.0,77610.0,543286.0,805001.0,1348287.0
04,08,14.859999656677246,211364.0,216131.0,1298860.0,670244.0,628616.0,133107.0,129220.0,262327.0,33531.0,30819.0,64350.0,113567.0,111390.0,224957.0,272871.0,162464.0,435335.0,332712.0,73031.0,405743.0,206711.0,36402.0,243113.0,46335.0,10536.0,56871.0,21718.0,18936.0,40654.0,52.0,0.0,52.0,1131.0,1609.0,2740.0,5834.0,499.0,6333.0,3564.0,64.0,3628.0,18241.0,476.0,18717.0,3751.0,29.0,3780.0,25375.0,4480.0,29855.0,6513.0,109742.0,116255.0,331019.0,445843.0,776862.0
04,09,27.369998931884766,248936.0,252000.0,1424287.0,744778.0,679509.0,138458.0,135550.0,274008.0,42266.0,38734.0,81000.0,77866.0,74632.0,152498.0,343761.0,209980.0,553741.0,376349.0,126072.0,502421.0,183888.0,55183.0,239071.0,41700.0,16703.0,58403.0,50375.0,43053.0,93428.0,76.0,14.0,90.0,1547.0,1064.0,2611.0,10953.0,1257.0,12210.0,5022.0,81.0,5103.0,27731.0,735.0,28466.0,7866.0,109.0,7975.0,47191.0,7873.0,55064.0,7392.0,63210.0,70602.0,361037.0,490227.0,851264.0
04,10,15.739999771118164,119270.0,120663.0,751517.0,389125.0,362392.0,76479.0,74399.0,150878.0,31122.0,29058.0,60180.0,90446.0,86710.0,177156.0,213460.0,140677.0,354137.0,176183.0,65369.0,241552.0,113491.0,51154.0,164645.0,11860.0,3048.0,14908.0,8712.0,6138.0,14850.0,134.0,15.0,149.0,444.0,329.0,773.0,3983.0,208.0,4191.0,2836.0,51.0,2887.0,11510.0,271.0,11781.0,3139.0,38.0,3177.0,20074.0,4117.0,24191.0,8776.0,71749.0,80525.0,204166.0,225274.0,429440.0
04,11,4.5,74223.0,75304.0,478830.0,248457.0,230373.0,54454.0,53596.0,108050.0,15898.0,14584.0,30482.0,107552.0,102760.0,210312.0,126930.0,72690.0,199620.0,113530.0,47303.0,160833.0,85922.0,42243.0,128165.0,5495.0,2504.0,7999.0,1348.0,246.0,1594.0,15.0,0.0,15.0,199.0,222.0,421.0,1633.0,73.0,1706.0,1340.0,26.0,1366.0,6770.0,192.0,6962.0,1405.0,14.0,1419.0,9403.0,1783.0,11186.0,5977.0,48517.0,54494.0,128950.0,134553.0,263503.0
04,12,17.920000076293945,103187.0,103246.0,639682.0,329613.0,310069.0,70693.0,69522.0,140215.0,45763.0,42373.0,88136.0,49480.0,49003.0,98483.0,145424.0,94273.0,239697.0,167547.0,17148.0,184695.0,116434.0,11511.0,127945.0,19547.0,1790.0,21337.0,2092.0,456.0,2548.0,37.0,10.0,47.0,338.0,598.0,936.0,5800.0,373.0,6173.0,1478.0,20.0,1498.0,8405.0,149.0,8554.0,2258.0,13.0,2271.0,11158.0,2228.0,13386.0,1344.0,37095.0,38439.0,160722.0,255826.0,416548.0
04,13,35.52000427246094,312641.0,312781.0,1893171.0,981379.0,911792.0,198314.0,193350.0,391664.0,98294.0,91399.0,189693.0,35365.0,34483.0,69848.0,489376.0,332605.0,821981.0,488500.0,65493.0,553993.0,269676.0,33911.0,303587.0,72792.0,9008.0,81800.0,16292.0,9936.0,26228.0,426.0,239.0,665.0,1887.0,1530.0,3417.0,19059.0,1389.0,20448.0,7211.0,125.0,7336.0,40535.0,667.0,41202.0,16441.0,251.0,16692.0,44181.0,8437.0,52618.0,8820.0,108490.0,117310.0,484059.0,737809.0,1221868.0
04,14,38536.23999977112,148061.0,149127.0,828096.0,431346.0,396750.0,78889.0,77724.0,156613.0,24145.0,22117.0,46262.0,43797.0,41119.0,84916.0,234374.0,158721.0,393095.0,206404.0,86844.0,293248.0,112417.0,48888.0,161305.0,16606.0,7751.0,24357.0,27362.0,24279.0,51641.0,422.0,48.0,470.0,802.0,815.0,1617.0,6588.0,343.0,6931.0,2954.0,71.0,3025.0,15234.0,451.0,15685.0,3978.0,57.0,4035.0,20041.0,4141.0,24182.0,7584.0,38485.0,46069.0,217358.0,271421.0,488779.0
04,15,60.439998626708984,156631.0,158070.0,871206.0,455525.0,415681.0,72285.0,70333.0,142618.0,34462.0,31849.0,66311.0,53496.0,51811.0,105307.0,280894.0,196426.0,477320.0,210279.0,89260.0,299539.0,84104.0,48380.0,132484.0,10590.0,5379.0,15969.0,32768.0,25271.0,58039.0,1606.0,33.0,1639.0,1498.0,1691.0,3189.0,9447.0,457.0,9904.0,5567.0,129.0,5696.0,21811.0,702.0,22513.0,7723.0,202.0,7925.0,35165.0,7016.0,42181.0,8251.0,26334.0,34585.0,236995.0,300087.0,537082.0
04,16,30.149999618530273,165474.0,166874.0,907983.0,476009.0,431974.0,77543.0,75671.0,153214.0,16759.0,15544.0,32303.0,17606.0,16890.0,34496.0,286532.0,200015.0,486547.0,223247.0,108192.0,331439.0,91391.0,56356.0,147747.0,15025.0,5668.0,20693.0,42826.0,38618.0,81444.0,10986.0,266.0,11252.0,796.0,710.0,1506.0,6585.0,348.0,6933.0,3249.0,54.0,3303.0,17603.0,406.0,18009.0,5356.0,113.0,5469.0,29430.0,5653.0,35083.0,13059.0,36251.0,49310.0,239703.0,287531.0,527234.0
04,17,41.54999923706055,189337.0,193758.0,1042457.0,547266.0,495191.0,93573.0,90857.0,184430.0,22149.0,19778.0,41927.0,41670.0,41250.0,82920.0,302721.0,197669.0,500390.0,253426.0,107843.0,361269.0,75220.0,39108.0,114328.0,15160.0,7406.0,22566.0,59074.0,51991.0,111065.0,7491.0,127.0,7618.0,1031.0,447.0,1478.0,15572.0,485.0,16057.0,4962.0,93.0,5055.0,26389.0,804.0,27193.0,10270.0,279.0,10549.0,38257.0,7103.0,45360.0,14276.0,36461.0,50737.0,279564.0,350887.0,630451.0
04,18,77.08999633789062,176148.0,177555.0,959347.0,507435.0,451912.0,94164.0,91389.0,185553.0,13531.0,11606.0,25137.0,26500.0,24993.0,51493.0,245128.0,144345.0,389473.0,246502.0,103810.0,350312.0,82269.0,41761.0,124030.0,13667.0,6770.0,20437.0,58691.0,48646.0,107337.0,6423.0,187.0,6610.0,647.0,395.0,1042.0,20634.0,749.0,21383.0,5403.0,74.0,5477.0,28233.0,716.0,28949.0,8477.0,159.0,8636.0,22058.0,4353.0,26411.0,8902.0,31324.0,40226.0,252031.0,316778.0,568809.0
04,19,131.98999786376953,113213.0,113386.0,662723.0,347607.0,315116.0,71345.0,69627.0,140972.0,14879.0,13112.0,27991.0,175289.0,166429.0,341718.0,153467.0,84321.0,237788.0,175189.0,76934.0,252123.0,125920.0,64684.0,190604.0,10515.0,5954.0,16469.0,5019.0,1870.0,6889.0,297.0,42.0,339.0,229.0,325.0,554.0,4199.0,494.0,4693.0,3462.0,113.0,3575.0,8482.0,318.0,8800.0,1894.0,28.0,1922.0,15172.0,3106.0,18278.0,2358.0,29048.0,31406.0,170060.0,209134.0,379194.0
04,20,17.790000915527344,30317.0,30323.0,150801.0,81196.0,69605.0,14667.0,14528.0,29195.0,2312.0,1606.0,3918.0,51064.0,47770.0,98834.0,44166.0,26073.0,70239.0,41847.0,15904.0,57751.0,20402.0,12926.0,33328.0,983.0,263.0,1246.0,1551.0,141.0,1692.0,831.0,52.0,883.0,80.0,60.0,140.0,1271.0,104.0,1375.0,2017.0,80.0,2097.0,2756.0,202.0,2958.0,1909.0,38.0,1947.0,10047.0,2038.0,12085.0,662.0,4997.0,5659.0,38687.0,48704.0,87391.0
04,21,12.1899995803833,143800.0,143825.0,827063.0,425018.0,402045.0,81293.0,79774.0,161067.0,62576.0,58026.0,120602.0,751.0,679.0,1430.0,220152.0,144233.0,364385.0,201663.0,20962.0,222625.0,92018.0,4033.0,96051.0,34651.0,2385.0,37036.0,12794.0,7440.0,20234.0,262.0,3.0,265.0,2217.0,1935.0,4152.0,6694.0,600.0,7294.0,5046.0,102.0,5148.0,19022.0,365.0,19387.0,7193.0,150.0,7343.0,21766.0,3949.0,25715.0,2768.0,13613.0,16381.0,220587.0,367470.0,588057.0
04,22,8.75,77253.0,77529.0,449048.0,232735.0,216313.0,45760.0,45161.0,90921.0,28154.0,25953.0,54107.0,374.0,341.0,715.0,119809.0,70249.0,190058.0,113860.0,16782.0,130642.0,57631.0,3016.0,60647.0,19691.0,3022.0,22713.0,10022.0,7468.0,17490.0,87.0,19.0,106.0,594.0,536.0,1130.0,3877.0,243.0,4120.0,1362.0,27.0,1389.0,6526.0,254.0,6780.0,2960.0,33.0,2993.0,11110.0,2164.0,13274.0,1663.0,9112.0,10775.0,117212.0,190419.0,307631.0
04,23,16.079999923706055,217466.0,217529.0,1215385.0,629196.0,586189.0,112972.0,110760.0,223732.0,92782.0,85842.0,178624.0,8354.0,8209.0,16563.0,355124.0,231828.0,586952.0,306622.0,54415.0,361037.0,123991.0,12102.0,136093.0,52140.0,10490.0,62630.0,28990.0,21530.0,50520.0,1313.0,115.0,1428.0,945.0,1042.0,1987.0,11362.0,798.0,12160.0,7149.0,155.0,7304.0,26781.0,720.0,27501.0,11329.0,260.0,11589.0,42622.0,7203.0,49825.0,3804.0,22228.0,26032.0,318770.0,509546.0,828316.0
05,01,300789.19985973835,474943.0,527321.0,3618211.0,1938340.0,1679871.0,358300.0,335664.0,693964.0,297930.0,262164.0,560094.0,2916.0,2454.0,5370.0,1091311.0,555873.0,1647184.0,852477.0,127292.0,979769.0,258908.0,15329.0,274237.0,243782.0,87976.0,331758.0,5077.0,255.0,5332.0,512.0,21.0,533.0,16221.0,2299.0,18520.0,27008.0,1391.0,28399.0,10067.0,405.0,10472.0,76642.0,2660.0,79302.0,22859.0,253.0,23112.0,191401.0,16703.0,208104.0,1565.0,13077.0,14642.0,1084298.0,1539502.0,2623800.0
05,02,226139.7596797943,262322.0,290842.0,1997995.0,1052731.0,945264.0,202896.0,195097.0,397993.0,204980.0,182668.0,387648.0,188.0,148.0,336.0,526379.0,224677.0,751056.0,486955.0,137505.0,624460.0,210595.0,35725.0,246083.0,180874.0,92610.0,273482.0,710.0,115.0,817.0,128.0,14.0,130.0,11460.0,2682.0,14116.0,8666.0,1237.0,9892.0,2532.0,147.0,2667.0,22859.0,961.0,23721.0,3839.0,39.0,3831.0,45292.0,3975.0,49267.0,2164.0,28803.0,30616.0,563612.0,778956.0,1342568.0
05,03,385789.3298011422,339879.0,390853.0,2880447.0,1518950.0,1361497.0,309029.0,283353.0,592382.0,219276.0,194304.0,413580.0,4096.0,3186.0,7282.0,787042.0,292404.0,1079446.0,656172.0,74904.0,731076.0,286463.0,10182.0,296645.0,233074.0,57836.0,290910.0,2655.0,142.0,2786.0,657.0,13.0,667.0,10474.0,1471.0,11926.0,8251.0,464.0,8712.0,3918.0,124.0,4042.0,38219.0,1266.0,39485.0,7116.0,57.0,7173.0,65345.0,3349.0,68694.0,4311.0,31054.0,34938.0,858467.0,1255539.0,2114006.0
05,04,711919.8986215591,360988.0,406362.0,2900685.0,1534035.0,1366650.0,316793.0,300533.0,617326.0,289542.0,256114.0,545656.0,24973.0,22103.0,47076.0,748638.0,288159.0,1036797.0,700703.0,104450.0,805153.0,323710.0,19805.0,343486.0,248528.0,77041.0,325558.0,2985.0,193.0,3112.0,2413.0,194.0,2601.0,9446.0,1386.0,10746.0,10210.0,543.0,10718.0,4364.0,215.0,4564.0,34040.0,1081.0,35090.0,4591.0,35.0,4626.0,60416.0,3957.0,64373.0,4426.0,45295.0,47321.0,828906.0,1216905.0,2045811.0
05,05,324045.48993223906,200946.0,214261.0,1539988.0,804038.0,735950.0,160606.0,155741.0,316347.0,188123.0,170151.0,358274.0,305.0,199.0,504.0,397629.0,154745.0,552374.0,364177.0,67028.0,431205.0,180103.0,17552.0,197655.0,120043.0,45150.0,165193.0,814.0,51.0,844.0,365.0,16.0,377.0,6299.0,1045.0,7325.0,4459.0,308.0,4754.0,1164.0,84.0,1248.0,10387.0,331.0,10716.0,2299.0,40.0,2335.0,38244.0,2451.0,40695.0,1820.0,21035.0,21467.0,438041.0,647887.0,1085928.0
05,06,152614.15998512506,159491.0,165393.0,1174900.0,612089.0,562811.0,116600.0,112742.0,229342.0,113069.0,103014.0,216083.0,148.0,90.0,238.0,312719.0,120641.0,433360.0,279695.0,63470.0,343165.0,133474.0,14428.0,147902.0,103714.0,46396.0,150110.0,365.0,20.0,383.0,343.0,14.0,354.0,6003.0,838.0,6839.0,1858.0,69.0,1926.0,1150.0,101.0,1251.0,8490.0,280.0,8770.0,1669.0,9.0,1678.0,22629.0,1315.0,23944.0,916.0,12889.0,13742.0,331478.0,486452.0,817930.0
05,07,487672.5998546183,359327.0,383209.0,2664803.0,1386528.0,1278275.0,280847.0,275957.0,556804.0,409929.0,378364.0,788293.0,849.0,619.0,1468.0,610597.0,242580.0,853177.0,649800.0,186171.0,835971.0,297717.0,52788.0,350505.0,213477.0,123370.0,336847.0,819.0,95.0,895.0,747.0,21.0,767.0,13803.0,2807.0,16483.0,10638.0,639.0,11273.0,4251.0,193.0,4444.0,31321.0,993.0,32312.0,8833.0,101.0,8933.0,68194.0,5164.0,73358.0,2060.0,36326.0,37135.0,734668.0,1055778.0,1790446.0
05,08,246169.25001049042,178565.0,190678.0,1359694.0,702249.0,657445.0,141579.0,137831.0,279410.0,171973.0,160024.0,331997.0,603.0,643.0,1246.0,307522.0,113377.0,420899.0,330893.0,82013.0,412906.0,183456.0,25386.0,208842.0,96470.0,53341.0,149811.0,811.0,79.0,885.0,768.0,80.0,848.0,4237.0,936.0,5170.0,4502.0,329.0,4829.0,1747.0,76.0,1823.0,19162.0,498.0,19658.0,3175.0,9.0,3184.0,16565.0,1279.0,17843.0,1658.0,16865.0,18132.0,369698.0,558567.0,928265.0
05,09,256659.28980606794,283296.0,360470.0,2572980.0,1310635.0,1262345.0,281103.0,269952.0,551055.0,154734.0,146572.0,301306.0,1682.0,1549.0,3231.0,619619.0,225412.0,845031.0,546956.0,59651.0,606607.0,290298.0,15346.0,305644.0,151192.0,38326.0,189518.0,1806.0,92.0,1891.0,296.0,0.0,295.0,8292.0,1638.0,9847.0,11853.0,387.0,12229.0,3416.0,84.0,3497.0,28185.0,861.0,29044.0,8586.0,46.0,8613.0,43032.0,2871.0,45903.0,2554.0,14376.0,16896.0,761125.0,1188318.0,1949443.0
05,10,219731.38011336327,243724.0,296235.0,2170971.0,1076503.0,1094468.0,239323.0,230368.0,469691.0,120807.0,121060.0,241867.0,6422.0,6228.0,12650.0,481441.0,184331.0,665772.0,445884.0,53557.0,499441.0,273957.0,17700.0,291657.0,94914.0,31449.0,126363.0,1561.0,62.0,1618.0,203.0,3.0,205.0,5959.0,1158.0,7058.0,12893.0,331.0,13216.0,3688.0,52.0,3740.0,24404.0,575.0,24979.0,5266.0,19.0,5278.0,23039.0,2208.0,25247.0,2998.0,16459.0,19398.0,627621.0,1024452.0,1652073.0
05,11,196968.61998263,211637.0,240460.0,1704310.0,866210.0,838100.0,182592.0,176395.0,358987.0,106333.0,102049.0,208382.0,9749.0,9418.0,19167.0,352854.0,117450.0,470304.0,393329.0,47069.0,440398.0,245804.0,13297.0,259101.0,100722.0,31248.0,131970.0,769.0,40.0,797.0,192.0,8.0,200.0,3846.0,515.0,4352.0,6425.0,198.0,6621.0,1782.0,28.0,1810.0,11357.0,231.0,11585.0,1435.0,18.0,1453.0,20997.0,1486.0,22483.0,1763.0,10793.0,12428.0,471118.0,780238.0,1251356.0
05,12,435572.459959507,364081.0,378124.0,2333666.0,1243018.0,1090648.0,245023.0,235938.0,480961.0,177612.0,157637.0,335249.0,16279.0,14825.0,31104.0,395401.0,123134.0,518535.0,642344.0,129706.0,772050.0,249526.0,17431.0,266957.0,313928.0,107449.0,421377.0,1812.0,181.0,1990.0,207.0,39.0,245.0,8013.0,1011.0,9012.0,7283.0,360.0,7643.0,2076.0,84.0,2160.0,17715.0,494.0,18209.0,2621.0,18.0,2639.0,39163.0,2639.0,41802.0,2875.0,40578.0,42090.0,597799.0,920364.0,1518163.0
05,13,390009.51910197735,449794.0,481599.0,3043061.0,1616436.0,1426625.0,326948.0,308540.0,635488.0,211196.0,186518.0,397714.0,687.0,591.0,1278.0,511267.0,153102.0,664369.0,811867.0,92871.0,904738.0,349384.0,15615.0,364999.0,377347.0,72444.0,449791.0,2659.0,84.0,2742.0,298.0,3.0,301.0,7192.0,1477.0,8545.0,7871.0,166.0,8037.0,2769.0,34.0,2803.0,21503.0,360.0,21863.0,5169.0,25.0,5194.0,37675.0,2663.0,40338.0,1778.0,32512.0,33619.0,802791.0,1301242.0,2104033.0
05,14,258174.18016684055,343367.0,413463.0,2391495.0,1270512.0,1120983.0,250154.0,231297.0,481451.0,154432.0,135402.0,289834.0,247.0,147.0,394.0,401012.0,136177.0,537189.0,651929.0,32101.0,684030.0,260456.0,4633.0,265089.0,310966.0,23226.0,334192.0,2379.0,105.0,2483.0,189.0,7.0,192.0,7165.0,1021.0,8167.0,10506.0,259.0,10765.0,3650.0,33.0,3683.0,21646.0,654.0,22297.0,4870.0,24.0,4894.0,30102.0,2139.0,32241.0,2392.0,28120.0,30401.0,616191.0,1060762.0,1676953.0
05,15,306781.02039361,427110.0,483406.0,2953903.0,1551637.0,1402266.0,306070.0,288581.0,594651.0,242830.0,221532.0,464362.0,591.0,565.0,1156.0,603298.0,248697.0,851995.0,749354.0,73987.0,823341.0,314314.0,13107.0,327421.0,295992.0,51444.0,347436.0,4710.0,235.0,4945.0,250.0,1.0,251.0,8805.0,1279.0,10084.0,17365.0,571.0,17936.0,5414.0,48.0,5462.0,38242.0,991.0,39233.0,14431.0,86.0,14517.0,49831.0,6225.0,56056.0,2528.0,29132.0,31660.0,799755.0,1299147.0,2098902.0
05,16,195804.9300159514,265543.0,317383.0,2146065.0,1117437.0,1028628.0,233681.0,220999.0,454680.0,221351.0,204547.0,425898.0,716.0,692.0,1408.0,491577.0,194481.0,686058.0,501901.0,38161.0,540062.0,247227.0,7411.0,254637.0,170335.0,26335.0,196670.0,1234.0,74.0,1286.0,132.0,1.0,132.0,8464.0,843.0,9289.0,10423.0,530.0,10951.0,3150.0,86.0,3236.0,19981.0,577.0,20554.0,7095.0,38.0,7133.0,33860.0,2266.0,36126.0,1160.0,7003.0,8093.0,614376.0,983464.0,1597840.0
05,17,185358.16013354808,250058.0,302250.0,1814773.0,956310.0,858463.0,191573.0,184153.0,375726.0,137867.0,125249.0,263116.0,516.0,386.0,902.0,372093.0,158598.0,530691.0,443533.0,61284.0,504817.0,162242.0,9213.0,171455.0,191731.0,43162.0,234893.0,2355.0,176.0,2528.0,287.0,38.0,323.0,10044.0,2724.0,12751.0,12432.0,1460.0,13886.0,4148.0,217.0,4364.0,19746.0,1076.0,20819.0,8999.0,104.0,9103.0,31549.0,3114.0,34663.0,697.0,6734.0,7431.0,512080.0,790445.0,1302525.0
05,18,257275.1297942698,369199.0,455029.0,2716929.0,1410489.0,1306440.0,294263.0,277078.0,571341.0,251670.0,238315.0,489985.0,304.0,238.0,542.0,562417.0,217918.0,780335.0,660022.0,69979.0,730001.0,280285.0,12192.0,292477.0,261427.0,49719.0,311146.0,4058.0,217.0,4243.0,246.0,14.0,259.0,11710.0,1781.0,13486.0,15480.0,673.0,16146.0,3334.0,43.0,3377.0,31160.0,1457.0,32597.0,13052.0,142.0,13189.0,39270.0,3741.0,43011.0,2697.0,30647.0,32748.0,747770.0,1205814.0,1953584.0
05,19,248530.1997408867,388108.0,426865.0,2510959.0,1313974.0,1196985.0,263112.0,250987.0,514099.0,190755.0,174787.0,365542.0,144.0,115.0,259.0,507643.0,190025.0,697668.0,622774.0,77476.0,700250.0,253890.0,12979.0,266869.0,261500.0,57091.0,318591.0,3213.0,265.0,3455.0,263.0,5.0,267.0,8272.0,1708.0,9973.0,12890.0,330.0,13220.0,3416.0,44.0,3460.0,28873.0,1214.0,30086.0,9146.0,50.0,9196.0,41311.0,3790.0,45101.0,1988.0,38146.0,39301.0,689212.0,1081363.0,1770575.0
05,20,346146.49009752274,446881.0,500589.0,2832024.0,1465997.0,1366027.0,289076.0,275625.0,564701.0,188273.0,173414.0,361687.0,325.0,272.0,597.0,570694.0,182607.0,753301.0,713189.0,125989.0,839178.0,338015.0,34247.0,372262.0,285984.0,84747.0,370731.0,1976.0,237.0,2213.0,160.0,3.0,163.0,10536.0,2799.0,13335.0,8640.0,424.0,9064.0,2599.0,73.0,2672.0,18762.0,904.0,19666.0,4230.0,31.0,4261.0,42287.0,2524.0,44811.0,4435.0,76639.0,81074.0,748373.0,1163399.0,1911772.0
05,21,396765.9800926447,427706.0,429529.0,2475254.0,1306217.0,1169037.0,265570.0,247327.0,512897.0,199528.0,183621.0,383149.0,3841.0,3518.0,7359.0,433034.0,135450.0,568484.0,652179.0,191341.0,843520.0,328228.0,50009.0,378237.0,250952.0,136176.0,387128.0,1956.0,355.0,2284.0,63.0,10.0,73.0,4343.0,1112.0,5442.0,5295.0,464.0,5750.0,2340.0,121.0,2460.0,19266.0,809.0,20066.0,3388.0,20.0,3407.0,36348.0,2265.0,38613.0,3021.0,81313.0,83695.0,651017.0,896383.0,1547400.0
05,22,173130.54997116327,196894.0,203026.0,1177706.0,624689.0,553017.0,126790.0,119498.0,246288.0,100668.0,91775.0,192443.0,4214.0,4107.0,8321.0,195705.0,62465.0,258170.0,316860.0,107273.0,424133.0,155335.0,25424.0,180759.0,131256.0,79773.0,211029.0,1138.0,166.0,1302.0,47.0,2.0,49.0,2415.0,495.0,2907.0,2060.0,143.0,2203.0,647.0,44.0,691.0,8374.0,264.0,8638.0,1005.0,6.0,1011.0,14583.0,956.0,15539.0,616.0,19002.0,19081.0,307213.0,426742.0,733955.0
05,23,312278.9704210758,337407.0,346442.0,1878885.0,987241.0,891644.0,205818.0,198542.0,404360.0,121271.0,113207.0,234478.0,42596.0,39549.0,82145.0,304139.0,116454.0,420593.0,523181.0,134330.0,657511.0,212733.0,18662.0,231395.0,247251.0,111320.0,358571.0,1582.0,62.0,1632.0,25.0,2.0,27.0,3582.0,1082.0,4451.0,5159.0,335.0,5476.0,1436.0,73.0,1508.0,16789.0,637.0,17422.0,2347.0,13.0,2360.0,32277.0,2144.0,34421.0,1519.0,25248.0,25736.0,462541.0,732066.0,1194607.0
05,24,297442.33021616936,313858.0,330071.0,1825380.0,956056.0,869324.0,203499.0,198461.0,401960.0,82742.0,77304.0,160046.0,52257.0,49535.0,101792.0,295314.0,113268.0,408582.0,490274.0,94642.0,584916.0,197644.0,11346.0,208990.0,216653.0,78290.0,294901.0,2139.0,166.0,2202.0,55.0,28.0,59.0,4681.0,1001.0,5640.0,6556.0,444.0,6994.0,2348.0,163.0,2508.0,20885.0,845.0,21718.0,4051.0,55.0,4105.0,35262.0,2304.0,37566.0,2161.0,28291.0,29773.0,463621.0,746391.0,1210012.0
05,25,147338.49010396004,170065.0,176114.0,987227.0,528632.0,458595.0,107293.0,101195.0,208488.0,75551.0,67475.0,143026.0,26.0,9.0,35.0,181034.0,70746.0,251780.0,253552.0,50443.0,303995.0,99895.0,9143.0,109038.0,119487.0,38320.0,157807.0,1245.0,32.0,1276.0,249.0,8.0,253.0,3744.0,724.0,4466.0,2813.0,246.0,3056.0,1182.0,13.0,1195.0,8807.0,351.0,9158.0,3199.0,25.0,3223.0,12931.0,1581.0,14512.0,1745.0,17248.0,18925.0,273335.0,390904.0,664239.0
05,26,622534.549936682,452548.0,483332.0,3060027.0,1625534.0,1434493.0,318846.0,304286.0,623132.0,264276.0,239705.0,503981.0,36606.0,34054.0,70660.0,726773.0,286439.0,1013212.0,759220.0,184258.0,943478.0,334832.0,53577.0,388409.0,268386.0,109866.0,378161.0,2238.0,195.0,2418.0,1444.0,44.0,1485.0,17290.0,8652.0,25538.0,9091.0,2880.0,11912.0,3302.0,140.0,3437.0,31502.0,1976.0,33476.0,20742.0,236.0,20941.0,70393.0,6692.0,77085.0,4507.0,61786.0,62233.0,861807.0,1188449.0,2050256.0
05,27,554790.5797314048,489493.0,526471.0,3202471.0,1707506.0,1494965.0,340028.0,324350.0,664377.0,176797.0,156656.0,333453.0,57622.0,53113.0,110735.0,701724.0,285403.0,987127.0,805873.0,164496.0,970369.0,338315.0,42326.0,380579.0,314673.0,108651.0,423281.0,4488.0,447.0,4914.0,1166.0,15.0,1179.0,25655.0,5013.0,30557.0,10178.0,949.0,11125.0,4269.0,193.0,4460.0,31713.0,1405.0,33099.0,9534.0,89.0,9620.0,65882.0,5408.0,71290.0,5535.0,73638.0,75967.0,896098.0,1256831.0,2152929.0
05,28,210193.06995619275,148419.0,154699.0,861182.0,448072.0,413110.0,86933.0,85569.0,172502.0,37921.0,34972.0,72893.0,109314.0,106733.0,216047.0,175352.0,58947.0,234299.0,227198.0,53846.0,281044.0,137026.0,25830.0,162856.0,60302.0,24457.0,84759.0,712.0,126.0,835.0,1092.0,23.0,1113.0,6038.0,1747.0,7766.0,1530.0,124.0,1643.0,777.0,28.0,804.0,5115.0,217.0,5317.0,1183.0,11.0,1193.0,13423.0,1283.0,14706.0,4174.0,55768.0,54952.0,216700.0,303496.0,520196.0
05,29,349368.600379318,222848.0,233823.0,1301088.0,671731.0,629357.0,139140.0,135447.0,274587.0,36611.0,34177.0,70788.0,257135.0,250186.0,507321.0,196899.0,80615.0,277514.0,347780.0,95788.0,443568.0,191097.0,42800.0,233897.0,94573.0,34750.0,129323.0,1739.0,372.0,2087.0,1505.0,350.0,1849.0,8580.0,5254.0,13572.0,9860.0,7337.0,17180.0,1568.0,946.0,2459.0,14750.0,1172.0,15895.0,6326.0,63.0,6388.0,17782.0,2744.0,20526.0,4227.0,76015.0,69806.0,319724.0,457554.0,777278.0
05,30,547069.1898689866,256322.0,269076.0,1495709.0,765002.0,730707.0,150528.0,148170.0,298698.0,53577.0,50517.0,104094.0,314616.0,306868.0,621484.0,302875.0,104307.0,407182.0,408834.0,129099.0,537933.0,271897.0,82642.0,354539.0,65315.0,36888.0,102203.0,2953.0,403.0,3322.0,2106.0,134.0,2231.0,11226.0,4572.0,15590.0,7762.0,390.0,8147.0,2326.0,61.0,2385.0,16397.0,547.0,16937.0,6428.0,56.0,6479.0,22424.0,3406.0,25830.0,6741.0,130876.0,125181.0,349427.0,470732.0,820159.0
05,31,243614.00989101455,137377.0,152945.0,933113.0,488229.0,444884.0,101607.0,100263.0,201870.0,60254.0,55443.0,115697.0,60945.0,58140.0,119085.0,209235.0,68024.0,277259.0,237269.0,37612.0,274881.0,138338.0,20879.0,159217.0,36701.0,10987.0,47688.0,1621.0,140.0,1687.0,3529.0,151.0,3673.0,7104.0,2063.0,9129.0,6359.0,851.0,7198.0,2850.0,168.0,3015.0,12153.0,252.0,12404.0,4759.0,40.0,4799.0,23855.0,2081.0,25936.0,3575.0,46995.0,47453.0,247385.0,360277.0,607662.0
05,32,257116.29986011982,483681.0,496819.0,2674651.0,1465076.0,1209575.0,253232.0,244770.0,498002.0,227718.0,187896.0,415614.0,116569.0,108713.0,225282.0,841878.0,365502.0,1207380.0,644009.0,56074.0,700083.0,122977.0,14186.0,137163.0,53564.0,12555.0,66119.0,6194.0,155.0,6349.0,163184.0,11097.0,174281.0,9410.0,2097.0,11507.0,83913.0,2309.0,86222.0,16542.0,939.0,17481.0,69188.0,1578.0,70766.0,37303.0,637.0,37940.0,81734.0,10521.0,92255.0,5664.0,33373.0,39037.0,815403.0,1120128.0,1935531.0
05,33,662167.6095490456,316551.0,352770.0,2225480.0,1147701.0,1077779.0,241422.0,239782.0,481204.0,150970.0,145332.0,296302.0,139560.0,132364.0,271924.0,479315.0,147921.0,627236.0,532309.0,90383.0,622692.0,289725.0,51990.0,341690.0,82770.0,28468.0,111238.0,2292.0,175.0,2419.0,31776.0,2773.0,34482.0,9629.0,1879.0,11392.0,13732.0,418.0,14143.0,9541.0,219.0,9733.0,28823.0,532.0,29331.0,14632.0,61.0,14642.0,49389.0,3868.0,53257.0,10284.0,119205.0,123300.0,605108.0,868191.0,1473299.0
05,34,1068908.919696927,415690.0,461257.0,2843544.0,1471966.0,1371578.0,309887.0,305154.0,615041.0,276311.0,260846.0,537157.0,129321.0,121265.0,250586.0,620230.0,226532.0,846762.0,676097.0,136979.0,813076.0,332516.0,68616.0,401132.0,113311.0,50660.0,163971.0,6028.0,899.0,6844.0,59669.0,4759.0,64427.0,13746.0,3799.0,17283.0,20941.0,609.0,21549.0,10247.0,448.0,10695.0,41107.0,1202.0,42306.0,22251.0,410.0,22661.0,56281.0,5577.0,61858.0,9879.0,123624.0,128452.0,785990.0,1110975.0,1896965.0
05,35,1194649.4703006446,364964.0,390572.0,2451191.0,1269807.0,1181384.0,285151.0,278679.0,563830.0,317616.0,296944.0,614560.0,226486.0,216780.0,443266.0,441140.0,145821.0,586961.0,604434.0,150025.0,754459.0,314325.0,49057.0,363382.0,190726.0,92600.0,283322.0,3309.0,411.0,3698.0,4006.0,384.0,4386.0,12247.0,2234.0,14387.0,8234.0,449.0,8658.0,2221.0,132.0,2353.0,20055.0,658.0,20705.0,7294.0,27.0,7316.0,42017.0,4073.0,46090.0,6365.0,104753.0,106255.0,659008.0,926606.0,1585614.0
05,36,147700.56032180786,48128.0,50374.0,288886.0,146552.0,142334.0,30796.0,30315.0,61111.0,5573.0,5346.0,10919.0,82045.0,80919.0,162964.0,63658.0,29253.0,92911.0,69275.0,31927.0,101202.0,48044.0,23613.0,71657.0,7692.0,6581.0,14273.0,233.0,14.0,245.0,731.0,10.0,740.0,1403.0,504.0,1900.0,1403.0,119.0,1518.0,428.0,13.0,441.0,2697.0,112.0,2809.0,776.0,4.0,780.0,5868.0,957.0,6825.0,1139.0,16112.0,16937.0,76138.0,94295.0,170433.0
05,37,902620.9710140228,203352.0,212818.0,1153976.0,580729.0,573247.0,112977.0,111660.0,224637.0,31091.0,30208.0,61299.0,408004.0,408984.0,816988.0,241815.0,126822.0,368637.0,300989.0,124755.0,425744.0,240715.0,94600.0,335315.0,24357.0,22621.0,46978.0,244.0,83.0,315.0,158.0,17.0,172.0,7442.0,2302.0,9729.0,1779.0,264.0,2014.0,1476.0,322.0,1797.0,6392.0,473.0,6859.0,1237.0,17.0,1254.0,17189.0,4056.0,21245.0,4254.0,108596.0,109274.0,275486.0,339896.0,615382.0
05,38,725208.1205339432,379807.0,393299.0,2214048.0,1152736.0,1061312.0,209959.0,203212.0,413171.0,64292.0,58947.0,123239.0,490510.0,473912.0,964422.0,613949.0,313816.0,927765.0,554775.0,176047.0,730822.0,286207.0,107923.0,394130.0,54799.0,42812.0,97611.0,2764.0,380.0,3126.0,5386.0,599.0,5979.0,13284.0,3809.0,17033.0,13863.0,781.0,14638.0,6433.0,309.0,6742.0,34767.0,1645.0,36357.0,12054.0,114.0,12167.0,125218.0,17675.0,142893.0,8942.0,130031.0,133840.0,589019.0,755234.0,1344253.0
05,39,337257.239862442,282325.0,294813.0,1613088.0,846456.0,766632.0,129908.0,124500.0,254408.0,39838.0,37356.0,77194.0,236318.0,230254.0,466572.0,510044.0,292195.0,802239.0,402234.0,92885.0,495119.0,107372.0,27013.0,134385.0,63463.0,44027.0,107490.0,2093.0,247.0,2298.0,11414.0,702.0,12027.0,9313.0,2335.0,11621.0,94511.0,5367.0,99868.0,8342.0,1175.0,9517.0,38558.0,1872.0,40419.0,12513.0,340.0,12853.0,54655.0,9807.0,64462.0,4638.0,53342.0,55679.0,439584.0,620405.0,1059989.0
05,40,785545.7100737095,336906.0,345096.0,1787955.0,909796.0,878159.0,174578.0,172341.0,346919.0,45482.0,44014.0,89496.0,488892.0,489177.0,978069.0,402518.0,158403.0,560921.0,466250.0,177393.0,643643.0,265353.0,96429.0,361782.0,78464.0,65605.0,144069.0,1754.0,169.0,1898.0,4146.0,622.0,4749.0,9723.0,3144.0,12809.0,17319.0,2009.0,19303.0,5311.0,754.0,6063.0,15847.0,1028.0,16863.0,11984.0,715.0,12697.0,56349.0,6918.0,63267.0,8489.0,139917.0,140513.0,435057.0,560849.0,995906.0
05,41,273880.62954568863,282665.0,294104.0,1611638.0,845257.0,766381.0,176871.0,174393.0,351264.0,114876.0,105272.0,220148.0,10839.0,9980.0,20819.0,247204.0,82925.0,330129.0,445870.0,99246.0,545116.0,193305.0,13798.0,207103.0,207785.0,81452.0,289237.0,1566.0,105.0,1662.0,39.0,29.0,64.0,2320.0,1200.0,3286.0,4754.0,470.0,5207.0,986.0,61.0,1044.0,12826.0,573.0,13397.0,1476.0,33.0,1507.0,20813.0,1525.0,22338.0,1296.0,19418.0,19951.0,398091.0,647717.0,1045808.0
05,42,186936.64011135697,186858.0,189829.0,984107.0,508988.0,475119.0,105468.0,103572.0,209040.0,33715.0,31442.0,65157.0,18107.0,16723.0,34830.0,133648.0,38566.0,172214.0,291288.0,21828.0,313116.0,121731.0,2856.0,124587.0,140236.0,16957.0,157193.0,548.0,20.0,537.0,39.0,2.0,40.0,884.0,272.0,1104.0,3582.0,563.0,4065.0,519.0,11.0,530.0,10195.0,325.0,10520.0,1034.0,12.0,1046.0,12520.0,810.0,13330.0,837.0,10606.0,11047.0,216863.0,442685.0,659548.0
06,01,156648.66010570526,124294.0,130363.0,664804.0,338620.0,326184.0,38479.0,37200.0,75679.0,8450.0,8110.0,16560.0,80.0,70.0,150.0,258567.0,198987.0,457554.0,165084.0,55541.0,220625.0,20816.0,12910.0,33726.0,10648.0,8283.0,18931.0,7068.0,1224.0,8292.0,8152.0,1458.0,9610.0,3661.0,1431.0,5092.0,24470.0,5149.0,29619.0,14402.0,1650.0,16052.0,26666.0,6624.0,33290.0,13980.0,444.0,14424.0,35221.0,16368.0,51589.0,5060.0,13991.0,19051.0,168476.0,256652.0,425128.0
06,02,175473.1097869873,100207.0,104234.0,504989.0,256170.0,248819.0,31431.0,30206.0,61637.0,3939.0,3865.0,7804.0,119.0,107.0,226.0,180467.0,141575.0,322042.0,122070.0,40864.0,162934.0,14385.0,8417.0,22802.0,8521.0,7832.0,16353.0,6386.0,939.0,7325.0,5032.0,1790.0,6822.0,3201.0,606.0,3807.0,18637.0,2110.0,20747.0,7722.0,1263.0,8985.0,19297.0,5124.0,24421.0,16823.0,851.0,17674.0,22066.0,11932.0,33998.0,2545.0,7581.0,10126.0,131555.0,200374.0,331929.0
07,01,967543.7305145264,258660.0,260080.0,1563558.0,802162.0,761396.0,128069.0,117337.0,245406.0,64229.0,59779.0,124008.0,3836.0,3318.0,7154.0,471585.0,305574.0,777159.0,422626.0,91371.0,513997.0,159663.0,44499.0,204162.0,47402.0,26781.0,74183.0,16190.0,1424.0,17614.0,2205.0,711.0,2916.0,8885.0,1756.0,10641.0,55605.0,4001.0,59606.0,9193.0,1238.0,10431.0,48563.0,1668.0,50231.0,24044.0,300.0,24344.0,50876.0,8993.0,59869.0,2798.0,55516.0,58314.0,376738.0,614509.0,991247.0
07,02,1067312.5697860718,424083.0,433427.0,2514122.0,1291958.0,1222164.0,205581.0,188302.0,393883.0,95448.0,88371.0,183819.0,2485.0,2210.0,4695.0,833852.0,585829.0,1419681.0,684023.0,162396.0,846419.0,206786.0,81621.0,288407.0,78780.0,45573.0,124353.0,18285.0,1965.0,20250.0,1572.0,334.0,1906.0,6480.0,2708.0,9188.0,149289.0,8420.0,157709.0,17441.0,1862.0,19303.0,95167.0,2876.0,98043.0,38349.0,801.0,39150.0,71874.0,16236.0,88110.0,4289.0,76529.0,80818.0,603646.0,983239.0,1586885.0
07,03,989820.5511703491,212358.0,214051.0,1208872.0,629169.0,579703.0,109941.0,99545.0,209486.0,71415.0,65123.0,136538.0,4984.0,4497.0,9481.0,352180.0,195182.0,547362.0,329632.0,91056.0,420688.0,110199.0,26302.0,136501.0,71404.0,46322.0,117726.0,14068.0,2315.0,16383.0,1641.0,388.0,2029.0,11943.0,3220.0,15163.0,43103.0,4062.0,47165.0,6884.0,824.0,7708.0,27972.0,1432.0,29404.0,12412.0,190.0,12602.0,30006.0,6001.0,36007.0,3568.0,65218.0,68786.0,295969.0,423429.0,719398.0
07,04,877791.3703231812,367413.0,372556.0,2292026.0,1175854.0,1116172.0,217223.0,200892.0,418115.0,71241.0,67254.0,138495.0,1813.0,1533.0,3346.0,679005.0,405775.0,1084780.0,621108.0,177628.0,798736.0,170844.0,63849.0,234693.0,105771.0,88484.0,194255.0,16256.0,1850.0,18106.0,871.0,252.0,1123.0,13955.0,3484.0,17439.0,167249.0,5788.0,173037.0,11292.0,979.0,12271.0,60143.0,2009.0,62152.0,27972.0,805.0,28777.0,46755.0,10128.0,56883.0,3891.0,76022.0,79913.0,550855.0,862522.0,1413377.0
07,05,632625.8794021606,195291.0,199486.0,1252589.0,632129.0,620460.0,108800.0,101387.0,210187.0,58276.0,55968.0,114244.0,1134.0,903.0,2037.0,372902.0,253159.0,626061.0,337912.0,83323.0,421235.0,130785.0,37211.0,167996.0,66069.0,35130.0,101199.0,11736.0,2147.0,13883.0,1066.0,53.0,1119.0,3761.0,1105.0,4866.0,64310.0,1533.0,65843.0,4159.0,573.0,4732.0,25269.0,864.0,26133.0,8648.0,83.0,8731.0,22109.0,4624.0,26733.0,2547.0,75545.0,78092.0,291670.0,461592.0,753262.0
07,06,842464.2908935547,394503.0,396595.0,2394859.0,1222262.0,1172597.0,195542.0,181031.0,376573.0,109963.0,103461.0,213424.0,5934.0,5121.0,11055.0,743428.0,474297.0,1217725.0,638869.0,140364.0,779233.0,258329.0,59588.0,317917.0,123317.0,58425.0,181742.0,23216.0,2574.0,25790.0,8328.0,1642.0,9970.0,8410.0,1011.0,9421.0,55103.0,3288.0,58391.0,12432.0,745.0,13177.0,65447.0,2179.0,67626.0,30712.0,586.0,31298.0,53575.0,10326.0,63901.0,7706.0,135436.0,143142.0,575687.0,896797.0,1472484.0
07,07,1702680.4594917297,244844.0,246554.0,1262507.0,642823.0,619684.0,117095.0,108828.0,225923.0,77541.0,72694.0,150235.0,46119.0,41604.0,87723.0,337853.0,208898.0,546751.0,329445.0,82506.0,411951.0,87869.0,21574.0,109443.0,68354.0,38126.0,106480.0,20497.0,1193.0,21690.0,2838.0,1024.0,3862.0,4743.0,4039.0,8782.0,27813.0,4839.0,32652.0,12565.0,1580.0,14145.0,35016.0,1678.0,36694.0,31250.0,903.0,32153.0,38500.0,7550.0,46050.0,2793.0,43321.0,46114.0,310585.0,493857.0,804442.0
07,08,1221276.590675354,362493.0,371390.0,2162578.0,1119370.0,1043208.0,223311.0,207843.0,431154.0,119090.0,110893.0,229983.0,77422.0,71984.0,149406.0,491880.0,188447.0,680327.0,576253.0,110733.0,686986.0,314841.0,42343.0,357184.0,105555.0,49429.0,154984.0,13525.0,7346.0,20871.0,940.0,257.0,1197.0,6988.0,1919.0,8907.0,39771.0,1000.0,40771.0,6451.0,444.0,6895.0,34759.0,1747.0,36506.0,11866.0,85.0,11951.0,41557.0,6163.0,47720.0,4691.0,157240.0,161931.0,538426.0,775235.0,1313661.0
07,09,713903.0192127228,324624.0,326652.0,1761086.0,896010.0,865076.0,147256.0,137386.0,284642.0,77830.0,74551.0,152381.0,161957.0,162242.0,324199.0,558023.0,313466.0,871489.0,459514.0,142207.0,601721.0,251169.0,45448.0,296617.0,72988.0,64942.0,137930.0,8321.0,17130.0,25451.0,1768.0,264.0,2032.0,8181.0,1683.0,9864.0,16142.0,657.0,16799.0,7267.0,392.0,7659.0,32949.0,2508.0,35457.0,16662.0,132.0,16794.0,44067.0,9051.0,53118.0,3827.0,167653.0,171480.0,432669.0,555216.0,987885.0
07,10,872339.940694809,549582.0,558136.0,2937810.0,1506400.0,1431410.0,252800.0,226815.0,479615.0,137321.0,126334.0,263655.0,5970.0,4937.0,10907.0,979648.0,621514.0,1601162.0,782790.0,198234.0,981024.0,288562.0,35259.0,323821.0,158647.0,87291.0,245938.0,20195.0,50083.0,70278.0,4795.0,105.0,4900.0,9172.0,2580.0,11752.0,99676.0,3392.0,103068.0,18022.0,1143.0,19165.0,77672.0,4927.0,82599.0,34387.0,348.0,34735.0,71662.0,13106.0,84768.0,7540.0,263947.0,271487.0,716070.0,969229.0,1685299.0
07,11,57898.03978729248,80539.0,81630.0,408992.0,213429.0,195563.0,34298.0,30147.0,64445.0,20263.0,18302.0,38565.0,3087.0,2515.0,5602.0,166967.0,133184.0,300151.0,105234.0,16732.0,121966.0,20469.0,1618.0,22087.0,18255.0,7823.0,26078.0,3011.0,713.0,3724.0,2085.0,62.0,2147.0,898.0,216.0,1114.0,14212.0,866.0,15078.0,4742.0,335.0,5077.0,8770.0,705.0,9475.0,5642.0,156.0,5798.0,27150.0,4238.0,31388.0,788.0,12055.0,12843.0,107407.0,166776.0,274183.0
07,12,799385.2373270988,912371.0,920123.0,4801812.0,2528697.0,2273115.0,394740.0,354021.0,748761.0,293472.0,260374.0,553846.0,22945.0,19629.0,42574.0,1765373.0,1197234.0,2962607.0,1288428.0,205564.0,1493992.0,134844.0,13690.0,148534.0,135997.0,79609.0,215606.0,19464.0,13662.0,33126.0,3841.0,153.0,3994.0,9378.0,4817.0,14195.0,382110.0,15754.0,397864.0,46722.0,3914.0,50636.0,259089.0,15700.0,274789.0,100161.0,4258.0,104419.0,196822.0,54007.0,250829.0,7889.0,90639.0,98528.0,1232380.0,1976912.0,3209292.0
07,13,651708.4899787903,642551.0,648071.0,3440897.0,1793428.0,1647469.0,283378.0,254593.0,537971.0,107162.0,96328.0,203490.0,21656.0,19367.0,41023.0,1215385.0,695511.0,1910896.0,961086.0,193020.0,1154106.0,386719.0,21878.0,408597.0,238446.0,101135.0,339581.0,20799.0,43904.0,64703.0,1814.0,84.0,1898.0,17361.0,1851.0,19212.0,83799.0,3075.0,86874.0,13967.0,598.0,14565.0,84157.0,3326.0,87483.0,34099.0,465.0,34564.0,79925.0,16704.0,96629.0,6583.0,267010.0,273593.0,825759.0,1187439.0,2013198.0
07,14,868484.5709114075,462964.0,472842.0,2956456.0,1514820.0,1441636.0,287879.0,283420.0,571299.0,55374.0,53013.0,108387.0,708593.0,686457.0,1395050.0,728129.0,316269.0,1044398.0,776446.0,207960.0,984406.0,537136.0,118092.0,655228.0,72533.0,70126.0,142659.0,7739.0,1721.0,9460.0,1761.0,369.0,2130.0,6286.0,2048.0,8334.0,31763.0,1078.0,32841.0,11633.0,399.0,12032.0,36232.0,1582.0,37814.0,21644.0,312.0,21956.0,49719.0,12233.0,61952.0,8076.0,398862.0,406938.0,730298.0,834814.0,1565112.0
07,15,752553.3103256226,567368.0,596231.0,3089610.0,1614979.0,1474631.0,240635.0,224856.0,465491.0,100195.0,91681.0,191876.0,423050.0,398647.0,821697.0,1018886.0,650192.0,1669078.0,888509.0,181821.0,1070330.0,253035.0,27219.0,280254.0,196157.0,104130.0,300287.0,13869.0,3922.0,17791.0,6118.0,570.0,6688.0,7219.0,1893.0,9112.0,147439.0,5694.0,153133.0,26853.0,2110.0,28963.0,92719.0,5802.0,98521.0,40714.0,1222.0,41936.0,104386.0,29259.0,133645.0,5338.0,176827.0,182165.0,721132.0,1115983.0,1837115.0
07,16,762267.8402161598,293300.0,297779.0,1546145.0,800525.0,745620.0,128203.0,123674.0,251877.0,34123.0,31942.0,66065.0,360259.0,343697.0,703956.0,492226.0,309159.0,801385.0,446871.0,128366.0,575237.0,133061.0,20547.0,153608.0,143148.0,87916.0,231064.0,8640.0,2087.0,10727.0,5807.0,763.0,6570.0,5607.0,936.0,6543.0,50847.0,2999.0,53846.0,13550.0,952.0,14502.0,32124.0,2008.0,34132.0,18834.0,357.0,19191.0,35253.0,9801.0,45054.0,3305.0,89664.0,92969.0,350349.0,527590.0,877939.0
07,17,720409.7698974609,629228.0,657209.0,3397900.0,1787888.0,1610012.0,284365.0,268362.0,552727.0,63674.0,60790.0,124464.0,617050.0,608030.0,1225080.0,1091648.0,739629.0,1831277.0,1043981.0,285855.0,1329836.0,190501.0,71765.0,262266.0,169752.0,146586.0,316338.0,14984.0,2695.0,17679.0,2510.0,765.0,3275.0,15544.0,7923.0,23467.0,379977.0,16266.0,396243.0,24257.0,2166.0,26423.0,121676.0,8129.0,129805.0,38412.0,699.0,39111.0,86368.0,28861.0,115229.0,3655.0,133227.0,136882.0,740252.0,1190930.0,1931182.0
07,18,500831.8907623291,392265.0,411523.0,2173672.0,1110632.0,1063040.0,168459.0,162760.0,331219.0,32533.0,33301.0,65834.0,595673.0,585731.0,1181404.0,692295.0,493305.0,1185600.0,623332.0,212948.0,836280.0,204852.0,83825.0,288677.0,116815.0,92427.0,209242.0,20828.0,1247.0,22075.0,803.0,184.0,987.0,5702.0,1970.0,7672.0,138523.0,8334.0,146857.0,13036.0,1236.0,14272.0,47207.0,4862.0,52069.0,25415.0,621.0,26036.0,50151.0,18242.0,68393.0,5405.0,150143.0,155548.0,481895.0,699949.0,1181844.0
07,19,171729.52039718628,27747.0,28268.0,144091.0,72674.0,71417.0,15799.0,15784.0,31583.0,536.0,513.0,1049.0,67980.0,67406.0,135386.0,33867.0,19644.0,53511.0,38735.0,28814.0,67549.0,26052.0,21584.0,47636.0,5410.0,5492.0,10902.0,807.0,56.0,863.0,10.0,7.0,17.0,499.0,430.0,929.0,608.0,146.0,754.0,794.0,72.0,866.0,1070.0,118.0,1188.0,349.0,8.0,357.0,3136.0,901.0,4037.0,150.0,5134.0,5284.0,33789.0,37469.0,71258.0
08,01,208652.03979110718,185807.0,192008.0,1116878.0,592538.0,524340.0,97879.0,86950.0,184829.0,137562.0,119213.0,256775.0,0.0,0.0,0.0,371369.0,247631.0,619000.0,300693.0,19202.0,319895.0,68086.0,495.0,68581.0,50134.0,1376.0,51510.0,3311.0,158.0,3469.0,103.0,8.0,111.0,6488.0,496.0,6984.0,29368.0,1349.0,30717.0,14094.0,1601.0,15695.0,33408.0,897.0,34305.0,12646.0,274.0,12920.0,83055.0,12548.0,95603.0,318.0,3010.0,3328.0,291527.0,502128.0,793655.0
08,02,176795.34009313583,129388.0,133270.0,821880.0,436415.0,385465.0,76311.0,67808.0,144119.0,109691.0,95464.0,205155.0,0.0,0.0,0.0,251200.0,159046.0,410246.0,218148.0,8463.0,226611.0,57773.0,243.0,58016.0,52908.0,1255.0,54163.0,1759.0,73.0,1832.0,28.0,0.0,28.0,5083.0,567.0,5650.0,29319.0,1011.0,30330.0,7413.0,81.0,7494.0,21604.0,385.0,21989.0,11469.0,121.0,11590.0,30792.0,4727.0,35519.0,387.0,2072.0,2459.0,217880.0,374930.0,592810.0
08,03,159947.38998031616,93514.0,98482.0,641943.0,341612.0,300331.0,60885.0,52775.0,113660.0,67670.0,59248.0,126918.0,0.0,0.0,0.0,194334.0,116192.0,310526.0,171448.0,8247.0,179695.0,58254.0,430.0,58684.0,46492.0,3252.0,49744.0,1240.0,44.0,1284.0,12.0,0.0,12.0,1881.0,139.0,2020.0,9744.0,622.0,10366.0,4416.0,107.0,4523.0,17009.0,144.0,17153.0,4623.0,31.0,4654.0,27777.0,3478.0,31255.0,345.0,4391.0,4736.0,169819.0,287693.0,457512.0
08,04,237932.28024291992,121668.0,129225.0,817016.0,441021.0,375995.0,83128.0,71008.0,154136.0,95178.0,79862.0,175040.0,0.0,0.0,0.0,195854.0,86579.0,282433.0,221418.0,13068.0,234486.0,106477.0,5091.0,111568.0,53673.0,4760.0,58433.0,1711.0,46.0,1757.0,12.0,0.0,12.0,3312.0,183.0,3495.0,10032.0,559.0,10591.0,4672.0,46.0,4718.0,17499.0,173.0,17672.0,5405.0,17.0,5422.0,18625.0,2193.0,20818.0,1013.0,18436.0,19449.0,218590.0,344491.0,563081.0
08,05,195081.91985702515,134077.0,142056.0,885797.0,475056.0,410741.0,89496.0,78321.0,167817.0,95610.0,81754.0,177364.0,0.0,0.0,0.0,258400.0,144733.0,403133.0,235874.0,17703.0,253577.0,70260.0,2803.0,73063.0,65348.0,7365.0,72713.0,2097.0,74.0,2171.0,9.0,0.0,9.0,4575.0,545.0,5120.0,16321.0,750.0,17071.0,5962.0,142.0,6104.0,23699.0,417.0,24116.0,6515.0,100.0,6615.0,41088.0,5507.0,46595.0,568.0,4652.0,5220.0,238614.0,388386.0,627000.0
08,06,175435.37965393066,132134.0,137828.0,833501.0,449504.0,383997.0,88098.0,77651.0,165749.0,80614.0,68490.0,149104.0,0.0,0.0,0.0,242288.0,126127.0,368415.0,222117.0,18390.0,240507.0,74694.0,4487.0,79181.0,44853.0,6352.0,51205.0,923.0,34.0,957.0,1.0,0.0,1.0,6008.0,462.0,6470.0,33154.0,2684.0,35838.0,4619.0,29.0,4648.0,23296.0,332.0,23628.0,6291.0,34.0,6325.0,28278.0,3976.0,32254.0,671.0,10972.0,11643.0,226716.0,354635.0,581351.0
08,07,134936.14010620117,120010.0,120267.0,754866.0,410133.0,344733.0,76107.0,66929.0,143036.0,72945.0,61737.0,134682.0,0.0,0.0,0.0,257854.0,134084.0,391938.0,195663.0,24860.0,220523.0,60451.0,9297.0,69748.0,32258.0,7379.0,39637.0,1093.0,94.0,1187.0,9.0,0.0,9.0,3035.0,183.0,3218.0,25149.0,1686.0,26835.0,4653.0,219.0,4872.0,17450.0,517.0,17967.0,10866.0,154.0,11020.0,40699.0,5331.0,46030.0,740.0,10139.0,10879.0,213730.0,309734.0,523464.0
08,08,444163.6000442505,276479.0,280005.0,1808606.0,977075.0,831531.0,174822.0,153104.0,327926.0,180474.0,152398.0,332872.0,0.0,0.0,0.0,611227.0,310306.0,921533.0,454074.0,76001.0,530075.0,182654.0,42864.0,225518.0,68062.0,16488.0,84550.0,4191.0,310.0,4501.0,26.0,4.0,30.0,4705.0,466.0,5171.0,31906.0,2670.0,34576.0,12092.0,603.0,12695.0,39928.0,676.0,40604.0,20151.0,187.0,20338.0,90359.0,11733.0,102092.0,3169.0,34997.0,38166.0,519832.0,720533.0,1240365.0
08,09,211120.70991134644,248375.0,254726.0,1477240.0,808223.0,669017.0,159106.0,140602.0,299708.0,129529.0,107674.0,237203.0,0.0,0.0,0.0,481290.0,222579.0,703869.0,386592.0,37494.0,424086.0,97755.0,13871.0,111626.0,41291.0,8025.0,49316.0,2440.0,102.0,2542.0,2477.0,417.0,2894.0,3578.0,234.0,3812.0,107872.0,3178.0,111050.0,15706.0,616.0,16322.0,41613.0,1156.0,42769.0,14118.0,135.0,14253.0,59742.0,9760.0,69502.0,1932.0,22140.0,24072.0,419699.0,609383.0,1029082.0
08,10,274665.5404205322,164360.0,170390.0,1146090.0,612620.0,533470.0,133460.0,119418.0,252878.0,83645.0,72075.0,155720.0,0.0,0.0,0.0,325225.0,144670.0,469895.0,283211.0,34877.0,318088.0,110844.0,16861.0,127705.0,35261.0,8395.0,43656.0,2836.0,197.0,3033.0,993.0,44.0,1037.0,3975.0,489.0,4464.0,25060.0,1154.0,26214.0,9033.0,332.0,9365.0,26720.0,731.0,27451.0,13589.0,143.0,13732.0,54900.0,6531.0,61431.0,1765.0,47590.0,49355.0,327644.0,451003.0,778647.0
08,11,154827.26983261108,95322.0,98295.0,623301.0,323460.0,299841.0,61553.0,55010.0,116563.0,63178.0,57139.0,120317.0,0.0,0.0,0.0,215179.0,113051.0,328230.0,136430.0,13459.0,149889.0,56277.0,7062.0,63339.0,15447.0,3139.0,18586.0,1285.0,100.0,1385.0,476.0,15.0,491.0,2849.0,387.0,3236.0,13780.0,342.0,14122.0,4728.0,114.0,4842.0,12209.0,139.0,12348.0,6098.0,47.0,6145.0,23281.0,2114.0,25395.0,1765.0,21537.0,23302.0,185265.0,264845.0,450110.0
08,12,193970.99003982544,92817.0,98791.0,681869.0,357004.0,324865.0,70771.0,63111.0,133882.0,54627.0,50783.0,105410.0,0.0,0.0,0.0,220897.0,96196.0,317093.0,157834.0,14770.0,172604.0,75534.0,9221.0,84755.0,15143.0,2731.0,17874.0,1325.0,61.0,1386.0,447.0,54.0,501.0,2462.0,224.0,2686.0,6276.0,197.0,6473.0,4787.0,38.0,4825.0,12990.0,139.0,13129.0,4206.0,7.0,4213.0,34664.0,2098.0,36762.0,1978.0,36875.0,38853.0,197192.0,273220.0,470412.0
08,13,461065.50049972534,163538.0,173272.0,1139718.0,606378.0,533340.0,116856.0,103503.0,220359.0,115800.0,100362.0,216162.0,0.0,0.0,0.0,347215.0,150888.0,498103.0,271764.0,45718.0,317482.0,140816.0,33128.0,173944.0,33953.0,7078.0,41031.0,3257.0,113.0,3370.0,639.0,28.0,667.0,4636.0,304.0,4940.0,13689.0,553.0,14242.0,5869.0,173.0,6042.0,19966.0,272.0,20238.0,7543.0,37.0,7580.0,41396.0,4032.0,45428.0,3271.0,49269.0,52540.0,331343.0,438353.0,769696.0
08,14,269745.46986961365,141052.0,149306.0,963104.0,524014.0,439090.0,99483.0,85376.0,184859.0,102791.0,85618.0,188409.0,0.0,0.0,0.0,259255.0,106554.0,365809.0,254779.0,26558.0,281337.0,125342.0,15353.0,140695.0,49678.0,7008.0,56686.0,3114.0,93.0,3207.0,19.0,0.0,19.0,4432.0,275.0,4707.0,11258.0,537.0,11795.0,5594.0,71.0,5665.0,19884.0,213.0,20097.0,7989.0,95.0,8084.0,27469.0,2913.0,30382.0,1384.0,29522.0,30906.0,267851.0,383010.0,650861.0
08,15,656769.7494812012,277832.0,292606.0,1844634.0,991016.0,853618.0,186981.0,162206.0,349187.0,230018.0,198054.0,428072.0,0.0,0.0,0.0,493797.0,222089.0,715886.0,497267.0,73009.0,570276.0,222154.0,41603.0,263757.0,110226.0,20009.0,130235.0,8642.0,378.0,9020.0,21.0,0.0,21.0,6333.0,561.0,6894.0,28635.0,1805.0,30440.0,10550.0,371.0,10921.0,46758.0,489.0,47247.0,14053.0,87.0,14140.0,49895.0,7706.0,57601.0,1614.0,35156.0,36770.0,492135.0,745453.0,1237588.0
08,16,427243.15983581543,135214.0,143592.0,903536.0,479407.0,424129.0,88038.0,77724.0,165762.0,127976.0,112817.0,240793.0,0.0,0.0,0.0,223896.0,117852.0,341748.0,251537.0,26972.0,278509.0,107605.0,11162.0,118767.0,66838.0,10266.0,77104.0,3523.0,80.0,3603.0,3.0,0.0,3.0,2973.0,319.0,3292.0,14470.0,988.0,15458.0,4558.0,182.0,4740.0,25979.0,289.0,26268.0,6391.0,23.0,6414.0,19197.0,3663.0,22860.0,1405.0,31359.0,32764.0,226465.0,365798.0,592263.0
09,01,649951.7399997711,71754.0,73783.0,393286.0,201759.0,191527.0,37453.0,36145.0,73598.0,39747.0,37920.0,77667.0,56241.0,55268.0,111509.0,98517.0,44397.0,142914.0,103597.0,24421.0,128018.0,65490.0,20014.0,85504.0,1085.0,288.0,1373.0,3815.0,339.0,4154.0,271.0,17.0,288.0,1383.0,198.0,1581.0,1978.0,174.0,2152.0,9858.0,373.0,10231.0,4456.0,174.0,4630.0,1515.0,40.0,1555.0,13746.0,2804.0,16550.0,5321.0,57735.0,63056.0,92841.0,109371.0,202212.0
09,02,583681.3199996948,216139.0,218384.0,1174072.0,580021.0,594051.0,92547.0,86913.0,179460.0,123668.0,124830.0,248498.0,1317.0,303.0,1620.0,390570.0,311344.0,701914.0,259555.0,63865.0,323420.0,119832.0,49988.0,169820.0,17019.0,2218.0,19237.0,6799.0,454.0,7253.0,1967.0,11.0,1978.0,6328.0,1212.0,7540.0,11608.0,1018.0,12626.0,15470.0,631.0,16101.0,18389.0,551.0,18940.0,8091.0,156.0,8247.0,54052.0,7626.0,61678.0,7715.0,72413.0,80128.0,312751.0,457773.0,770524.0
09,03,108554.94999980927,68926.0,69116.0,368785.0,175177.0,193608.0,29368.0,27551.0,56919.0,42885.0,44482.0,87367.0,189.0,34.0,223.0,124107.0,109441.0,233548.0,73418.0,36704.0,110122.0,33871.0,33818.0,67689.0,1768.0,267.0,2035.0,1124.0,28.0,1152.0,73.0,0.0,73.0,1799.0,215.0,2014.0,3130.0,86.0,3216.0,4816.0,126.0,4942.0,5735.0,144.0,5879.0,2648.0,32.0,2680.0,18454.0,1988.0,20442.0,3905.0,40332.0,44237.0,97854.0,116572.0,214426.0
09,04,151421.22999954224,69659.0,70717.0,378269.0,187582.0,190687.0,30251.0,27917.0,58168.0,43784.0,41194.0,84978.0,48.0,7.0,55.0,127678.0,99299.0,226977.0,89828.0,14030.0,103858.0,45035.0,10440.0,55475.0,7661.0,610.0,8271.0,1730.0,91.0,1821.0,45.0,2.0,47.0,2063.0,253.0,2316.0,7311.0,565.0,7876.0,4035.0,64.0,4099.0,5777.0,78.0,5855.0,2511.0,41.0,2552.0,13660.0,1886.0,15546.0,1443.0,21241.0,22684.0,96311.0,155416.0,251727.0
09,05,113657.13000106812,52344.0,52555.0,295387.0,147555.0,147832.0,24577.0,22688.0,47265.0,38551.0,37730.0,76281.0,4109.0,3874.0,7983.0,95892.0,70770.0,166662.0,67956.0,23716.0,91672.0,40261.0,21801.0,62062.0,1113.0,122.0,1235.0,1440.0,49.0,1489.0,98.0,14.0,112.0,1233.0,144.0,1377.0,3094.0,116.0,3210.0,4076.0,58.0,4134.0,3371.0,103.0,3474.0,1851.0,26.0,1877.0,11419.0,1283.0,12702.0,3445.0,36637.0,40082.0,76154.0,87479.0,163633.0
09,06,393275.890001297,142028.0,143600.0,776372.0,385746.0,390626.0,65091.0,62995.0,128086.0,112941.0,112057.0,224998.0,4792.0,4625.0,9417.0,245787.0,160945.0,406732.0,182592.0,108259.0,290851.0,114451.0,99990.0,214441.0,2920.0,1208.0,4128.0,4457.0,306.0,4763.0,279.0,8.0,287.0,2879.0,599.0,3478.0,4782.0,384.0,5166.0,11727.0,305.0,12032.0,9106.0,345.0,9451.0,4334.0,80.0,4414.0,27657.0,5034.0,32691.0,6833.0,57271.0,64104.0,196321.0,225096.0,421417.0
09,07,49411.930000305176,57234.0,57407.0,302432.0,157529.0,144903.0,27743.0,26798.0,54541.0,45162.0,42327.0,87489.0,5582.0,5332.0,10914.0,90382.0,45503.0,135885.0,83801.0,44537.0,128338.0,59403.0,40886.0,100289.0,2211.0,690.0,2901.0,2024.0,186.0,2210.0,24.0,2.0,26.0,1060.0,331.0,1391.0,1746.0,298.0,2044.0,2690.0,226.0,2916.0,3773.0,275.0,4048.0,1267.0,24.0,1291.0,9603.0,1619.0,11222.0,1342.0,15277.0,16619.0,72386.0,85089.0,157475.0
09,09,416592.61000442505,122617.0,123521.0,617404.0,325897.0,291507.0,48477.0,46459.0,94936.0,86786.0,80696.0,167482.0,2410.0,1959.0,4369.0,210740.0,126801.0,337541.0,176405.0,89581.0,265986.0,83486.0,76305.0,159791.0,7037.0,2029.0,9066.0,11828.0,1546.0,13374.0,74.0,8.0,82.0,1137.0,132.0,1269.0,4456.0,226.0,4682.0,12995.0,919.0,13914.0,12550.0,696.0,13246.0,5597.0,257.0,5854.0,37245.0,7463.0,44708.0,3431.0,30776.0,34207.0,146061.0,171150.0,317211.0
09,10,179769.88999938965,70573.0,71250.0,382268.0,200238.0,182030.0,31606.0,30053.0,61659.0,61595.0,57932.0,119527.0,1342.0,1107.0,2449.0,125914.0,77035.0,202949.0,105311.0,28417.0,133728.0,50625.0,22871.0,73496.0,2302.0,427.0,2729.0,2973.0,227.0,3200.0,249.0,3.0,252.0,1563.0,189.0,1752.0,15823.0,1258.0,17081.0,6552.0,352.0,6904.0,6568.0,320.0,6888.0,3433.0,72.0,3505.0,15223.0,2698.0,17921.0,3102.0,35399.0,38501.0,91825.0,118214.0,210039.0
09,11,223437.82999801636,65351.0,65694.0,379695.0,200193.0,179502.0,35439.0,34487.0,69926.0,59825.0,54780.0,114605.0,3278.0,2835.0,6113.0,104131.0,55757.0,159888.0,108604.0,43692.0,152296.0,69727.0,39779.0,109506.0,4260.0,831.0,5091.0,2814.0,62.0,2876.0,1447.0,9.0,1456.0,1541.0,120.0,1661.0,6957.0,415.0,7372.0,4897.0,62.0,4959.0,4523.0,187.0,4710.0,1852.0,27.0,1879.0,10586.0,2200.0,12786.0,2774.0,21826.0,24600.0,88815.0,113984.0,202799.0
11,01,175052.01025009155,959654.0,965100.0,4839162.0,2542950.0,2296212.0,355711.0,337912.0,693623.0,367478.0,344297.0,711775.0,27938.0,25693.0,53631.0,1814197.0,1347504.0,3161701.0,1349655.0,286332.0,1635987.0,78471.0,18298.0,96769.0,46068.0,29246.0,75314.0,12717.0,3177.0,15894.0,9635.0,3464.0,13099.0,11965.0,9641.0,21606.0,424566.0,67583.0,492149.0,118108.0,14962.0,133070.0,286706.0,34380.0,321086.0,116109.0,8131.0,124240.0,245310.0,97450.0,342760.0,5386.0,16925.0,22311.0,1187909.0,1992955.0,3180864.0
11,02,582249.8012742996,309082.0,312092.0,1673194.0,860231.0,812963.0,133378.0,127599.0,260977.0,167087.0,159512.0,326599.0,25475.0,23830.0,49305.0,447103.0,261474.0,708577.0,477616.0,145427.0,623043.0,248725.0,60616.0,309341.0,77417.0,55345.0,132762.0,15715.0,3555.0,19270.0,3134.0,792.0,3926.0,12728.0,5206.0,17934.0,40529.0,9538.0,50067.0,6732.0,718.0,7450.0,31038.0,3103.0,34141.0,9271.0,144.0,9415.0,32327.0,6410.0,38737.0,4599.0,91914.0,96513.0,378016.0,575622.0,953638.0
11,03,1313865.429758072,575846.0,623808.0,3583606.0,1834005.0,1749601.0,316944.0,302531.0,619475.0,206526.0,200429.0,406955.0,42143.0,40933.0,83076.0,1011113.0,559931.0,1571044.0,987792.0,353010.0,1340802.0,428351.0,117922.0,546273.0,209048.0,186828.0,395876.0,19262.0,2265.0,21527.0,1608.0,329.0,1937.0,30732.0,10230.0,40962.0,78355.0,9649.0,88004.0,27746.0,1402.0,29148.0,77848.0,7648.0,85496.0,27324.0,434.0,27758.0,87518.0,16303.0,103821.0,10114.0,166810.0,176924.0,836099.0,1229781.0,2065880.0
11,04,945536.7396354675,323713.0,326719.0,1890092.0,961989.0,928103.0,187804.0,179800.0,367604.0,184440.0,180714.0,365154.0,83967.0,82726.0,166693.0,454541.0,239249.0,693790.0,511550.0,298439.0,809989.0,192932.0,72836.0,265768.0,149319.0,186783.0,336102.0,9040.0,1009.0,10049.0,12136.0,4407.0,16543.0,7141.0,4284.0,11425.0,27061.0,6386.0,33447.0,12520.0,1190.0,13710.0,44183.0,8111.0,52294.0,17766.0,1432.0,19198.0,39452.0,12001.0,51453.0,5583.0,37461.0,43044.0,444856.0,592203.0,1037059.0
11,05,537543.0807857513,201229.0,205133.0,1255798.0,643191.0,612607.0,130458.0,125531.0,255989.0,133099.0,126934.0,260033.0,53465.0,50750.0,104215.0,302345.0,148715.0,451060.0,312809.0,153801.0,466610.0,106530.0,31261.0,137791.0,103054.0,109685.0,212739.0,4802.0,308.0,5110.0,1831.0,372.0,2203.0,4644.0,1872.0,6516.0,12562.0,1473.0,14035.0,6351.0,485.0,6836.0,27514.0,1206.0,28720.0,12333.0,259.0,12592.0,33188.0,6880.0,40068.0,1217.0,32816.0,34033.0,329165.0,425990.0,755155.0
11,06,1685530.6600112915,483988.0,490499.0,2927990.0,1491019.0,1436971.0,284405.0,271791.0,556196.0,257768.0,252094.0,509862.0,20162.0,19373.0,39535.0,840868.0,466806.0,1307674.0,752675.0,357613.0,1110288.0,281376.0,68618.0,349994.0,230616.0,248424.0,479040.0,16835.0,2053.0,18888.0,2946.0,521.0,3467.0,26385.0,9036.0,35421.0,42920.0,8609.0,51529.0,17086.0,808.0,17894.0,57117.0,6724.0,63841.0,18349.0,214.0,18563.0,59045.0,12606.0,71651.0,6045.0,102822.0,108867.0,732299.0,976536.0,1708835.0
11,07,708703.9089546204,196911.0,199901.0,1017283.0,514526.0,502757.0,74432.0,72760.0,147192.0,99513.0,96339.0,195852.0,13446.0,13088.0,26534.0,310520.0,220644.0,531164.0,291962.0,120314.0,412276.0,121740.0,26371.0,148111.0,53535.0,48397.0,101932.0,40558.0,31433.0,71991.0,2940.0,468.0,3408.0,2933.0,1345.0,4278.0,10310.0,1695.0,12005.0,5952.0,945.0,6897.0,22549.0,2068.0,24617.0,5892.0,168.0,6060.0,25553.0,7424.0,32977.0,4081.0,41101.0,45182.0,218483.0,341342.0,559825.0
11,08,1061531.8122644424,383133.0,388099.0,2180443.0,1121647.0,1058796.0,185013.0,177524.0,362537.0,222775.0,209893.0,432668.0,163218.0,155163.0,318381.0,626425.0,382157.0,1008582.0,596865.0,246996.0,843861.0,249012.0,63856.0,312868.0,131066.0,140527.0,271593.0,17775.0,2546.0,20321.0,2894.0,673.0,3567.0,11906.0,6955.0,18861.0,42175.0,8472.0,50647.0,17069.0,1517.0,18586.0,59984.0,7958.0,67942.0,15658.0,253.0,15911.0,49326.0,14239.0,63565.0,8087.0,86530.0,94617.0,516695.0,725270.0,1241965.0
11,09,788017.6992645264,457631.0,463861.0,2694264.0,1306256.0,1388008.0,193036.0,186417.0,379453.0,88292.0,87256.0,175548.0,53174.0,52985.0,106159.0,939525.0,816594.0,1756119.0,665709.0,446740.0,1112449.0,138741.0,80583.0,219324.0,99380.0,79499.0,178879.0,62568.0,12348.0,74916.0,3975.0,653.0,4628.0,8216.0,3936.0,12152.0,92947.0,220032.0,312979.0,32982.0,2008.0,34990.0,102419.0,13670.0,116089.0,41846.0,1386.0,43232.0,82635.0,32625.0,115260.0,9643.0,40822.0,50465.0,630904.0,900446.0,1531350.0
11,10,1303937.6096485704,556391.0,594875.0,3503150.0,1802418.0,1700732.0,311296.0,296234.0,607530.0,210272.0,200227.0,410499.0,54397.0,50702.0,105099.0,1064196.0,634835.0,1699031.0,951924.0,398018.0,1349942.0,324901.0,80127.0,405028.0,268318.0,259301.0,527619.0,17016.0,1429.0,18445.0,2192.0,451.0,2643.0,21655.0,9666.0,31321.0,76062.0,12887.0,88949.0,25381.0,1226.0,26607.0,102851.0,9674.0,112525.0,37771.0,1099.0,38870.0,75777.0,22158.0,97935.0,10819.0,115302.0,126121.0,839675.0,1187412.0,2027087.0
11,11,1597726.1307411194,438250.0,440719.0,2582169.0,1316088.0,1266081.0,269659.0,258689.0,528348.0,312677.0,297964.0,610641.0,54774.0,52161.0,106935.0,544949.0,246679.0,791628.0,670426.0,369496.0,1039922.0,250962.0,65530.0,316492.0,198298.0,262757.0,461055.0,21400.0,2775.0,24175.0,10161.0,4245.0,14406.0,11728.0,5178.0,16906.0,28627.0,4700.0,33327.0,15610.0,2086.0,17696.0,52708.0,5850.0,58558.0,18714.0,438.0,19152.0,62218.0,15937.0,78155.0,3677.0,68592.0,72269.0,641985.0,827993.0,1469978.0
11,12,674073.4603099823,291478.0,295423.0,1569684.0,785144.0,784540.0,121120.0,117177.0,238297.0,137293.0,136086.0,273379.0,8328.0,8253.0,16581.0,457334.0,299614.0,756948.0,434318.0,155211.0,589529.0,258572.0,77674.0,336246.0,43988.0,41157.0,85145.0,25886.0,17863.0,43749.0,2316.0,593.0,2909.0,3277.0,2103.0,5380.0,15263.0,2208.0,17471.0,8200.0,1128.0,9328.0,30762.0,3150.0,33912.0,11942.0,256.0,12198.0,34112.0,9079.0,43191.0,6375.0,98733.0,105108.0,344451.0,530596.0,875047.0
11,13,407257.94023513794,107372.0,109119.0,488455.0,246869.0,241586.0,36313.0,34760.0,71073.0,29723.0,29286.0,59009.0,20552.0,19760.0,40312.0,158656.0,126624.0,285280.0,143463.0,76785.0,220248.0,31089.0,12765.0,43854.0,18717.0,14471.0,33188.0,47857.0,37756.0,85613.0,538.0,367.0,905.0,905.0,355.0,1260.0,6171.0,1274.0,7445.0,3973.0,720.0,4693.0,13376.0,1232.0,14608.0,4393.0,143.0,4536.0,16444.0,7702.0,24146.0,1475.0,8413.0,9888.0,101931.0,156388.0,258319.0
11,14,813640.5304539204,397462.0,399709.0,2216889.0,1128316.0,1088573.0,180627.0,175464.0,356091.0,288366.0,282034.0,570400.0,77796.0,75223.0,153019.0,594076.0,344701.0,938777.0,613841.0,267673.0,881514.0,291623.0,120165.0,411788.0,119395.0,109943.0,229338.0,23158.0,6716.0,29874.0,13530.0,951.0,14481.0,7465.0,3725.0,11190.0,41124.0,7253.0,48377.0,11693.0,795.0,12488.0,47642.0,5273.0,52915.0,15567.0,250.0,15817.0,42644.0,12602.0,55246.0,7279.0,73791.0,81070.0,507196.0,747109.0,1254305.0
11,15,491086.3505420685,294103.0,307947.0,1644374.0,837597.0,806777.0,123204.0,118152.0,241356.0,115296.0,111330.0,226626.0,6129.0,5807.0,11936.0,422781.0,252721.0,675502.0,475785.0,159808.0,635593.0,271868.0,66393.0,338261.0,87949.0,70707.0,158656.0,13734.0,3107.0,16841.0,2448.0,988.0,3436.0,4072.0,3062.0,7134.0,19208.0,2166.0,21374.0,8297.0,1774.0,10071.0,29307.0,3906.0,33213.0,7307.0,216.0,7523.0,31595.0,7313.0,38908.0,5644.0,90526.0,96170.0,356168.0,556443.0,912611.0
11,16,1183729.34882164,579861.0,593807.0,3165018.0,1620624.0,1544394.0,247858.0,239338.0,487196.0,306558.0,291363.0,597921.0,51867.0,50235.0,102102.0,771916.0,495232.0,1267148.0,916609.0,266616.0,1183225.0,389391.0,57918.0,447309.0,196090.0,137500.0,333590.0,29949.0,7386.0,37335.0,4817.0,1111.0,5928.0,10799.0,8570.0,19369.0,71483.0,16935.0,88418.0,27957.0,2321.0,30278.0,84345.0,9908.0,94253.0,28128.0,946.0,29074.0,73650.0,24021.0,97671.0,6418.0,82636.0,89054.0,697597.0,1195142.0,1892739.0
11,17,1374794.680106163,400214.0,404204.0,2309887.0,1166959.0,1142928.0,240742.0,232267.0,473009.0,199845.0,198078.0,397923.0,90874.0,89398.0,180272.0,458721.0,201732.0,660453.0,623136.0,347859.0,970995.0,257660.0,60635.0,318295.0,199706.0,257066.0,456772.0,9671.0,1819.0,11490.0,6532.0,779.0,7311.0,11925.0,5032.0,16957.0,14862.0,2430.0,17292.0,7439.0,744.0,8183.0,41316.0,5821.0,47137.0,10406.0,433.0,10839.0,63619.0,13100.0,76719.0,2610.0,52679.0,55289.0,541213.0,742390.0,1283603.0
11,18,1019453.5593948364,345709.0,350082.0,1909663.0,974157.0,935506.0,150434.0,144609.0,295043.0,173538.0,164383.0,337921.0,37960.0,36146.0,74106.0,586854.0,406688.0,993542.0,533187.0,187797.0,720984.0,224123.0,46214.0,270337.0,138725.0,115509.0,254234.0,12595.0,1427.0,14022.0,1914.0,743.0,2657.0,8466.0,2942.0,11408.0,35001.0,2790.0,37791.0,11789.0,1353.0,13142.0,46767.0,4500.0,51267.0,13315.0,334.0,13649.0,40492.0,11985.0,52477.0,4467.0,55401.0,59868.0,436503.0,692308.0,1128811.0
11,19,1050861.5998125076,443941.0,448312.0,2305819.0,1177233.0,1128586.0,177259.0,171970.0,349229.0,208911.0,199613.0,408524.0,85858.0,81774.0,167632.0,664855.0,401079.0,1065934.0,650667.0,265529.0,916196.0,374391.0,126048.0,500439.0,95557.0,98285.0,193842.0,17415.0,2871.0,20286.0,3066.0,669.0,3735.0,13546.0,10250.0,23796.0,30897.0,7939.0,38836.0,12000.0,1091.0,13091.0,42671.0,6287.0,48958.0,13591.0,257.0,13848.0,47533.0,11832.0,59365.0,19354.0,164040.0,183394.0,507212.0,699017.0,1206229.0
11,20,996035.361840725,217086.0,224470.0,1220260.0,620697.0,599563.0,96139.0,91254.0,187393.0,46612.0,45378.0,91990.0,5221.0,4947.0,10168.0,400692.0,288586.0,689278.0,325350.0,103313.0,428663.0,107575.0,33770.0,141345.0,46055.0,36228.0,82283.0,49182.0,7755.0,56937.0,4101.0,1079.0,5180.0,6884.0,1391.0,8275.0,22585.0,2248.0,24833.0,12452.0,1362.0,13814.0,31572.0,6634.0,38206.0,11878.0,611.0,12489.0,33066.0,12235.0,45301.0,5769.0,38725.0,44494.0,289578.0,457525.0,747103.0
12,01,185757.66932678223,180494.0,181667.0,1071508.0,528803.0,542705.0,84158.0,80932.0,165090.0,41180.0,40790.0,81970.0,14841.0,14442.0,29283.0,395620.0,352283.0,747903.0,230422.0,96078.0,326500.0,35454.0,6108.0,41562.0,56213.0,24399.0,80612.0,31506.0,3724.0,35230.0,4551.0,638.0,5189.0,1134.0,753.0,1887.0,20167.0,46772.0,66939.0,9558.0,390.0,9948.0,34116.0,3596.0,37712.0,12162.0,339.0,12501.0,25561.0,9359.0,34920.0,13162.0,17634.0,30796.0,285219.0,428993.0,714212.0
12,02,232725.48907470703,367668.0,371221.0,2251727.0,1098838.0,1152889.0,151140.0,146466.0,297606.0,45418.0,45805.0,91223.0,9167.0,9076.0,18243.0,905430.0,882158.0,1787588.0,461161.0,129226.0,590387.0,44309.0,9677.0,53986.0,71805.0,50402.0,122207.0,51577.0,6829.0,58406.0,12693.0,3401.0,16094.0,5138.0,2713.0,7851.0,69464.0,20558.0,90022.0,24855.0,2559.0,27414.0,88560.0,3672.0,92232.0,33648.0,2909.0,36557.0,59112.0,26506.0,85618.0,29440.0,30229.0,59669.0,608237.0,993434.0,1601671.0
12,03,209186.4704437256,133165.0,134654.0,672128.0,341958.0,330170.0,50055.0,48370.0,98425.0,14192.0,13643.0,27835.0,57386.0,57583.0,114969.0,255679.0,218933.0,474612.0,168680.0,58773.0,227453.0,36063.0,4666.0,40729.0,47906.0,26907.0,74813.0,37972.0,16708.0,54680.0,907.0,302.0,1209.0,762.0,322.0,1084.0,5957.0,816.0,6773.0,3528.0,331.0,3859.0,15801.0,763.0,16564.0,5551.0,118.0,5669.0,14233.0,7840.0,22073.0,13377.0,19684.0,33061.0,159901.0,251713.0,411614.0
12,04,199698.17919921875,451627.0,456673.0,2619941.0,1292765.0,1327176.0,177115.0,169375.0,346490.0,91547.0,93073.0,184620.0,2654.0,2753.0,5407.0,1066321.0,1004812.0,2071133.0,521219.0,87786.0,609005.0,34860.0,2739.0,37599.0,65556.0,17032.0,82588.0,71295.0,5008.0,76303.0,12227.0,2503.0,14730.0,5464.0,4373.0,9837.0,62613.0,12815.0,75428.0,35130.0,1747.0,36877.0,108224.0,3894.0,112118.0,52785.0,6788.0,59573.0,73065.0,30887.0,103952.0,55165.0,31921.0,87086.0,716381.0,1207469.0,1923850.0
12,05,337644.3794403076,475633.0,477292.0,3096330.0,1508280.0,1588050.0,287864.0,275750.0,563614.0,126097.0,129634.0,255731.0,5213.0,5342.0,10555.0,1123794.0,1103490.0,2227284.0,568035.0,103451.0,671486.0,82439.0,5852.0,88291.0,173261.0,54447.0,227708.0,38694.0,2284.0,40978.0,8206.0,825.0,9031.0,8325.0,3859.0,12184.0,41209.0,4810.0,46019.0,25212.0,724.0,25936.0,82096.0,2312.0,84408.0,37381.0,664.0,38045.0,71212.0,27674.0,98886.0,45819.0,34845.0,80664.0,894426.0,1449754.0,2344180.0
12,06,407738.9814147949,438945.0,444998.0,2382235.0,1155822.0,1226413.0,173230.0,167807.0,341037.0,184850.0,193698.0,378548.0,17927.0,17538.0,35465.0,857216.0,801565.0,1658781.0,538134.0,248229.0,786363.0,78913.0,18376.0,97289.0,173744.0,174555.0,348299.0,20404.0,4392.0,24796.0,4136.0,606.0,4742.0,14806.0,7098.0,21904.0,55620.0,7172.0,62792.0,17396.0,941.0,18337.0,75849.0,4634.0,80483.0,38726.0,1227.0,39953.0,58540.0,29228.0,87768.0,23344.0,35434.0,58778.0,594344.0,942750.0,1537094.0
12,07,269576.58073425293,518038.0,522059.0,2737311.0,1312683.0,1424628.0,172441.0,163913.0,336354.0,162962.0,171562.0,334524.0,1990.0,2061.0,4051.0,1069562.0,1096030.0,2165592.0,587948.0,216790.0,804738.0,63361.0,10703.0,74064.0,103334.0,80254.0,183588.0,45868.0,5876.0,51744.0,4641.0,1335.0,5976.0,15567.0,20331.0,35898.0,89446.0,29497.0,118943.0,31693.0,3595.0,35288.0,108688.0,7988.0,116676.0,52034.0,2782.0,54816.0,73316.0,54429.0,127745.0,31330.0,38738.0,70068.0,693405.0,1169100.0,1862505.0
12,08,164773.34999847412,549268.0,555657.0,2817236.0,1408649.0,1408587.0,161611.0,153325.0,314936.0,120194.0,121525.0,241719.0,2551.0,2390.0,4941.0,1190455.0,1120532.0,2310987.0,691339.0,182069.0,873408.0,73321.0,7877.0,81198.0,87308.0,50613.0,137921.0,56685.0,5524.0,62209.0,6997.0,1340.0,8337.0,8433.0,5300.0,13733.0,114019.0,27125.0,141144.0,59234.0,3266.0,62500.0,117962.0,15415.0,133377.0,76519.0,4597.0,81116.0,90861.0,61012.0,151873.0,34118.0,34579.0,68697.0,683192.0,1191939.0,1875131.0
12,09,503817.44902038574,231436.0,232995.0,1078066.0,545872.0,532194.0,70639.0,67755.0,138394.0,78607.0,78315.0,156922.0,25512.0,24757.0,50269.0,431591.0,385321.0,816912.0,285977.0,103159.0,389136.0,67746.0,7860.0,75606.0,61013.0,25229.0,86242.0,85596.0,51538.0,137134.0,835.0,138.0,973.0,1809.0,668.0,2477.0,10773.0,1698.0,12471.0,5927.0,374.0,6301.0,22927.0,1694.0,24621.0,8856.0,434.0,9290.0,20495.0,13526.0,34021.0,15271.0,23692.0,38963.0,244624.0,405343.0,649967.0
12,10,202855.4807434082,359885.0,361813.0,1828271.0,912860.0,915411.0,104351.0,98958.0,203309.0,67675.0,68201.0,135876.0,8902.0,9094.0,17996.0,787948.0,767464.0,1555412.0,443092.0,93995.0,537087.0,81627.0,2700.0,84327.0,95031.0,30393.0,125424.0,52765.0,4136.0,56901.0,2727.0,225.0,2952.0,6692.0,5387.0,12079.0,38583.0,5690.0,44273.0,18345.0,565.0,18910.0,64773.0,6388.0,71161.0,28339.0,1235.0,29574.0,54210.0,37276.0,91486.0,16759.0,17002.0,33761.0,453009.0,804414.0,1257423.0
12,11,107606.17990112305,402789.0,405210.0,2001217.0,975885.0,1025332.0,114959.0,108789.0,223748.0,93926.0,96429.0,190355.0,1407.0,1394.0,2801.0,833265.0,835178.0,1668443.0,423866.0,178738.0,602604.0,43876.0,4133.0,48009.0,89633.0,56008.0,145641.0,45988.0,2157.0,48145.0,2401.0,344.0,2745.0,13042.0,45526.0,58568.0,49933.0,28030.0,77963.0,18974.0,982.0,19956.0,66649.0,7149.0,73798.0,29704.0,1583.0,31287.0,63666.0,32826.0,96492.0,33162.0,46431.0,79593.0,518857.0,800163.0,1319020.0
12,12,196889.16912460327,258873.0,259629.0,1188332.0,576176.0,612156.0,70167.0,67143.0,137310.0,77821.0,80212.0,158033.0,3459.0,3463.0,6922.0,488576.0,503463.0,992039.0,265333.0,56262.0,321595.0,78763.0,4264.0,83027.0,67614.0,19583.0,87197.0,16978.0,3510.0,20488.0,1592.0,164.0,1756.0,3175.0,606.0,3781.0,16497.0,2249.0,18746.0,9916.0,216.0,10132.0,28111.0,2743.0,30854.0,13883.0,683.0,14566.0,28804.0,22244.0,51048.0,11387.0,20184.0,31571.0,299456.0,535710.0,835166.0
12,13,237867.45935058594,485190.0,489774.0,2407566.0,1182810.0,1224756.0,149926.0,143849.0,293775.0,150894.0,154833.0,305727.0,1943.0,1941.0,3884.0,971890.0,940429.0,1912319.0,522623.0,150089.0,672712.0,101872.0,6459.0,108331.0,126168.0,28193.0,154361.0,44514.0,4110.0,48624.0,3273.0,834.0,4107.0,6209.0,6242.0,12451.0,54751.0,60050.0,114801.0,20786.0,432.0,21218.0,69357.0,7594.0,76951.0,31944.0,1132.0,33076.0,63749.0,35043.0,98792.0,41549.0,58662.0,100211.0,618638.0,1016005.0,1634643.0
12,14,157824.80975341797,606463.0,619558.0,2946650.0,1447594.0,1499056.0,191871.0,184941.0,376812.0,167251.0,176188.0,343439.0,7860.0,8321.0,16181.0,1165814.0,1126955.0,2292769.0,696629.0,191984.0,888613.0,87944.0,14021.0,101965.0,217436.0,46415.0,263851.0,48969.0,2645.0,51614.0,3489.0,938.0,4427.0,10812.0,9308.0,20120.0,53095.0,33020.0,86115.0,33969.0,1695.0,35664.0,79294.0,19244.0,98538.0,47351.0,3964.0,51315.0,114270.0,60734.0,175004.0,30509.0,41604.0,72113.0,720456.0,1265468.0,1985924.0
13,01,1148912.8584403992,240795.0,247106.0,1710574.0,936993.0,773581.0,196639.0,172674.0,369313.0,187707.0,152534.0,340241.0,49373.0,45843.0,95216.0,429305.0,125076.0,554381.0,440934.0,53075.0,494009.0,316430.0,38078.0,354508.0,32633.0,10868.0,43501.0,3938.0,177.0,4115.0,1388.0,55.0,1443.0,3094.0,663.0,3757.0,12432.0,523.0,12955.0,7603.0,163.0,7766.0,20122.0,318.0,20440.0,8143.0,23.0,8166.0,35151.0,2207.0,37358.0,2313.0,42645.0,44958.0,493746.0,677861.0,1171607.0
13,02,424879.54995691776,170843.0,175610.0,1219000.0,671347.0,547653.0,136055.0,115685.0,251740.0,144854.0,115252.0,260106.0,1812.0,1479.0,3291.0,354385.0,121807.0,476192.0,309345.0,12116.0,321461.0,209603.0,4307.0,213910.0,35490.0,5143.0,40633.0,1897.0,84.0,1981.0,296.0,11.0,307.0,3370.0,246.0,3616.0,6222.0,170.0,6392.0,3831.0,91.0,3922.0,12384.0,255.0,12639.0,3070.0,7.0,3077.0,33182.0,1802.0,34984.0,1427.0,10692.0,12119.0,360575.0,524845.0,885420.0
13,03,489286.4902253151,209121.0,224299.0,1412610.0,770849.0,641761.0,140856.0,125158.0,266014.0,158654.0,130076.0,288730.0,21654.0,19322.0,40976.0,446076.0,215516.0,661592.0,362714.0,40871.0,403585.0,131416.0,9976.0,141392.0,29492.0,11727.0,41219.0,5175.0,303.0,5478.0,1983.0,278.0,2261.0,4791.0,2278.0,7069.0,40635.0,2683.0,43318.0,16194.0,903.0,17097.0,39782.0,1587.0,41369.0,14187.0,181.0,14368.0,79059.0,10955.0,90014.0,3316.0,29825.0,33141.0,404819.0,571065.0,975884.0
13,04,190121.4499821663,60309.0,62942.0,396317.0,214529.0,181788.0,41513.0,37311.0,78824.0,53241.0,44550.0,97791.0,3627.0,3153.0,6780.0,104124.0,34221.0,138345.0,106488.0,17879.0,124367.0,68756.0,9449.0,78205.0,10448.0,5780.0,16228.0,1224.0,81.0,1305.0,115.0,11.0,126.0,1819.0,560.0,2379.0,3021.0,364.0,3385.0,2148.0,67.0,2215.0,5851.0,442.0,6293.0,1449.0,19.0,1468.0,11657.0,1106.0,12763.0,2224.0,19284.0,21508.0,105817.0,144625.0,250442.0
13,05,872480.390789032,187119.0,188476.0,1132977.0,612821.0,520156.0,125665.0,114846.0,240511.0,119213.0,100171.0,219384.0,65507.0,62255.0,127762.0,231410.0,63378.0,294788.0,318990.0,80029.0,399019.0,226937.0,52862.0,279799.0,28063.0,21189.0,49252.0,3849.0,452.0,4301.0,3558.0,468.0,4026.0,3301.0,671.0,3972.0,5717.0,418.0,6135.0,4615.0,436.0,5051.0,14025.0,608.0,14633.0,4079.0,30.0,4109.0,24846.0,2895.0,27741.0,4192.0,77955.0,82147.0,289639.0,362172.0,651811.0
13,06,1076518.3103218079,208031.0,211499.0,1310317.0,698747.0,611570.0,143650.0,133845.0,277495.0,126417.0,110486.0,236903.0,81672.0,75754.0,157426.0,271204.0,85961.0,357165.0,355213.0,58200.0,413413.0,223369.0,20228.0,243597.0,50690.0,26862.0,77552.0,4265.0,1074.0,5339.0,405.0,30.0,435.0,7622.0,2757.0,10379.0,9532.0,1368.0,10900.0,6112.0,776.0,6888.0,17485.0,766.0,18251.0,4568.0,20.0,4588.0,31165.0,4319.0,35484.0,4758.0,67234.0,71992.0,338776.0,486136.0,824912.0
13,07,440217.09996032715,153538.0,155009.0,940829.0,502822.0,438007.0,101313.0,92988.0,194301.0,115333.0,98731.0,214064.0,20091.0,18759.0,38850.0,190800.0,68866.0,259666.0,253522.0,76628.0,330150.0,187621.0,54947.0,242568.0,22491.0,16065.0,38556.0,3410.0,331.0,3741.0,295.0,128.0,423.0,5560.0,2003.0,7563.0,4393.0,656.0,5049.0,2514.0,70.0,2584.0,9182.0,540.0,9722.0,2319.0,32.0,2351.0,15737.0,1856.0,17593.0,4328.0,67991.0,72319.0,244972.0,293388.0,538360.0
13,08,828065.769361496,190395.0,196015.0,1158076.0,623878.0,534198.0,125643.0,115505.0,241148.0,147989.0,126449.0,274438.0,22700.0,20782.0,43482.0,233500.0,89257.0,322757.0,316930.0,80903.0,397833.0,197517.0,39614.0,237131.0,48961.0,32552.0,81513.0,8898.0,614.0,9512.0,366.0,35.0,401.0,8261.0,3382.0,11643.0,6922.0,535.0,7457.0,4287.0,327.0,4614.0,15477.0,929.0,16406.0,4459.0,59.0,4518.0,21782.0,2856.0,24638.0,5324.0,71851.0,77175.0,301624.0,381444.0,683068.0
13,09,584728.5306382179,125892.0,128349.0,687945.0,362727.0,325218.0,73359.0,69563.0,142922.0,74396.0,65978.0,140374.0,52632.0,49888.0,102520.0,133936.0,49622.0,183558.0,189720.0,53173.0,242893.0,114063.0,20611.0,134674.0,39389.0,26131.0,65520.0,3894.0,1076.0,4970.0,3630.0,781.0,4411.0,3968.0,1500.0,5468.0,2792.0,350.0,3142.0,1954.0,211.0,2165.0,6621.0,610.0,7231.0,1600.0,25.0,1625.0,11809.0,1878.0,13687.0,3254.0,40054.0,43308.0,169753.0,231991.0,401744.0
13,10,814606.4393815994,278475.0,283053.0,1647736.0,876079.0,771657.0,175182.0,163771.0,338953.0,185893.0,161539.0,347432.0,72216.0,67251.0,139467.0,469770.0,229651.0,699421.0,434406.0,134246.0,568652.0,162172.0,23542.0,185714.0,90758.0,38093.0,128851.0,8418.0,1334.0,9742.0,1641.0,215.0,1856.0,53444.0,59697.0,112983.0,19087.0,2689.0,21771.0,10229.0,421.0,10650.0,30249.0,1534.0,31780.0,12100.0,112.0,12212.0,46308.0,6609.0,52910.0,6991.0,68192.0,74287.0,434682.0,569219.0,1003893.0
13,11,513157.28942871094,166780.0,168743.0,898125.0,471384.0,426741.0,94524.0,87865.0,182389.0,95673.0,84677.0,180350.0,56941.0,54173.0,111114.0,227948.0,103215.0,331163.0,243922.0,77687.0,321609.0,104805.0,11507.0,116293.0,55194.0,28647.0,83829.0,4007.0,603.0,4610.0,531.0,30.0,561.0,24086.0,23904.0,47990.0,15906.0,8473.0,24379.0,4532.0,339.0,4871.0,14129.0,1309.0,15438.0,4596.0,50.0,4646.0,16136.0,2825.0,18961.0,3577.0,42513.0,46090.0,223885.0,306541.0,530426.0
13,12,714169.1889405847,250531.0,258818.0,1465384.0,763983.0,701401.0,155308.0,145861.0,301169.0,136076.0,125429.0,261505.0,104692.0,97720.0,202412.0,365409.0,154443.0,519852.0,374794.0,152207.0,527001.0,167283.0,55714.0,222997.0,84740.0,69292.0,154032.0,7161.0,1230.0,8391.0,4342.0,1507.0,5849.0,17676.0,14697.0,32373.0,24165.0,3464.0,27629.0,6212.0,648.0,6860.0,24064.0,1731.0,25795.0,8998.0,132.0,9130.0,30153.0,3792.0,33945.0,6307.0,57951.0,64258.0,382882.0,491243.0,874125.0
13,13,597669.0092791915,254036.0,264160.0,1554987.0,805000.0,749987.0,170339.0,159187.0,329526.0,119546.0,110369.0,229915.0,101014.0,92091.0,193105.0,385018.0,158794.0,543812.0,365867.0,159091.0,524958.0,157232.0,58609.0,215841.0,107118.0,86844.0,193962.0,6729.0,790.0,7510.0,1143.0,137.0,1278.0,10749.0,5204.0,15927.0,12385.0,1346.0,13728.0,6012.0,565.0,6576.0,17681.0,1623.0,19304.0,6010.0,55.0,6065.0,40808.0,3918.0,44725.0,7304.0,54728.0,61620.0,431829.0,536168.0,967985.0
13,14,1330401.2604441643,322780.0,334201.0,1743211.0,898344.0,844867.0,178476.0,175145.0,353621.0,69357.0,64927.0,134284.0,408347.0,398953.0,807300.0,348704.0,134598.0,483302.0,475153.0,180286.0,655439.0,264252.0,83468.0,347720.0,81774.0,84569.0,166343.0,4884.0,478.0,5355.0,36861.0,761.0,37619.0,9134.0,2791.0,11914.0,12277.0,990.0,13266.0,6545.0,705.0,7249.0,18533.0,1506.0,20035.0,6303.0,97.0,6400.0,34590.0,4921.0,39511.0,7921.0,94606.0,101373.0,415270.0,569975.0,985242.0
13,15,875161.0192825794,233165.0,242894.0,1373434.0,714672.0,658762.0,157503.0,153861.0,311364.0,80474.0,75683.0,156157.0,214925.0,203079.0,418004.0,240843.0,68719.0,309562.0,361303.0,134564.0,495867.0,219579.0,77849.0,297428.0,69586.0,49809.0,119395.0,5472.0,478.0,5950.0,10792.0,182.0,10974.0,6495.0,2063.0,8558.0,7011.0,349.0,7360.0,5125.0,460.0,5585.0,10374.0,793.0,11167.0,3270.0,33.0,3303.0,23599.0,2548.0,26147.0,7131.0,87889.0,95020.0,346238.0,436309.0,782547.0
13,16,875310.6011781693,264566.0,271331.0,1555208.0,799481.0,755727.0,144827.0,137412.0,282239.0,126871.0,119760.0,246631.0,38734.0,35891.0,74625.0,444447.0,175084.0,619531.0,429943.0,222021.0,651964.0,242294.0,143349.0,385643.0,61931.0,64958.0,126889.0,8223.0,1187.0,9410.0,1240.0,227.0,1467.0,6092.0,2359.0,8451.0,21773.0,2139.0,23912.0,9342.0,611.0,9953.0,34110.0,1131.0,35241.0,11084.0,153.0,11237.0,33854.0,5907.0,39761.0,5051.0,67126.0,72177.0,364487.0,466580.0,831067.0
13,17,475922.12935984135,168053.0,171695.0,971888.0,498798.0,473090.0,93890.0,90233.0,184123.0,68705.0,64671.0,133376.0,114695.0,111461.0,226156.0,236293.0,111521.0,347814.0,267693.0,118230.0,385923.0,141345.0,70772.0,212117.0,33924.0,36031.0,69955.0,3666.0,410.0,4067.0,53.0,18.0,71.0,4741.0,1718.0,6451.0,19420.0,1275.0,20692.0,7410.0,698.0,8108.0,24489.0,1330.0,25818.0,9853.0,377.0,10230.0,22792.0,5601.0,28369.0,6045.0,55034.0,57467.0,225060.0,299826.0,524886.0
13,18,591736.5595798492,225097.0,236144.0,1383086.0,717018.0,666068.0,126216.0,119444.0,245660.0,175927.0,163691.0,339618.0,15224.0,13936.0,29160.0,379596.0,178421.0,558017.0,371299.0,130906.0,502205.0,150525.0,54238.0,204763.0,63576.0,56104.0,119680.0,5553.0,371.0,5924.0,498.0,214.0,712.0,6263.0,2686.0,8949.0,43089.0,3794.0,46883.0,11163.0,1309.0,12472.0,34380.0,1861.0,36241.0,12331.0,232.0,12563.0,43921.0,10097.0,54018.0,4353.0,43865.0,48218.0,341366.0,491297.0,832663.0
13,19,604058.580611229,171562.0,174005.0,1031500.0,537793.0,493707.0,101676.0,94305.0,195981.0,120398.0,109850.0,230248.0,12908.0,11486.0,24394.0,248450.0,78976.0,327426.0,284687.0,110666.0,395353.0,148928.0,48963.0,197891.0,67286.0,54607.0,121893.0,7381.0,216.0,7597.0,112.0,44.0,156.0,5688.0,1939.0,7627.0,8437.0,719.0,9156.0,5782.0,476.0,6258.0,17031.0,584.0,17615.0,4443.0,49.0,4492.0,19599.0,3069.0,22668.0,4604.0,60804.0,65408.0,248502.0,322237.0,570739.0
13,20,602671.9010057449,168087.0,173365.0,1033807.0,537426.0,496381.0,106619.0,99416.0,206035.0,97695.0,89985.0,187680.0,79234.0,76259.0,155493.0,263424.0,101485.0,364909.0,270821.0,108241.0,379062.0,121027.0,43878.0,164905.0,64954.0,55597.0,120551.0,4010.0,434.0,4441.0,197.0,101.0,296.0,5439.0,1611.0,7043.0,25683.0,1244.0,26926.0,4450.0,447.0,4896.0,14896.0,701.0,15597.0,5347.0,92.0,5439.0,24818.0,4136.0,28952.0,3132.0,42096.0,44736.0,263473.0,346044.0,609516.0
13,21,639659.4697799683,177383.0,179055.0,1130405.0,571764.0,558641.0,133555.0,132381.0,265936.0,17724.0,16917.0,34641.0,487612.0,480760.0,968372.0,115212.0,49109.0,164321.0,306453.0,137810.0,444263.0,255869.0,117781.0,373650.0,12762.0,13465.0,26227.0,1632.0,140.0,1772.0,651.0,293.0,944.0,3011.0,937.0,3948.0,3515.0,251.0,3766.0,3908.0,318.0,4226.0,9315.0,543.0,9858.0,2522.0,22.0,2544.0,13268.0,4060.0,17328.0,15013.0,151542.0,166555.0,250298.0,269289.0,519587.0
13,22,811408.9106216431,226615.0,229620.0,1367412.0,700952.0,666460.0,140577.0,136302.0,276879.0,48906.0,45989.0,94895.0,369818.0,361454.0,731272.0,266848.0,109783.0,376631.0,365533.0,199316.0,564849.0,215085.0,119462.0,334547.0,67896.0,68360.0,136256.0,3500.0,505.0,4005.0,159.0,63.0,222.0,4356.0,1563.0,5919.0,19471.0,1760.0,21231.0,5566.0,443.0,6009.0,19016.0,1169.0,20185.0,6568.0,124.0,6692.0,23916.0,5867.0,29783.0,5050.0,69042.0,74092.0,330369.0,398102.0,728471.0
13,23,323363.0999341011,314381.0,318889.0,1835915.0,963311.0,872604.0,162237.0,152422.0,314659.0,159366.0,146401.0,305767.0,52822.0,48091.0,100913.0,624729.0,384216.0,1008945.0,486970.0,120497.0,607467.0,80619.0,31799.0,112418.0,48636.0,41201.0,89837.0,4827.0,672.0,5499.0,405.0,211.0,616.0,5414.0,2560.0,7974.0,97569.0,8986.0,106555.0,21862.0,2406.0,24268.0,95450.0,5294.0,100744.0,37776.0,694.0,38470.0,94412.0,26674.0,121086.0,2721.0,20330.0,23051.0,473620.0,731777.0,1205397.0
13,24,1012161.3197780848,321732.0,325677.0,2026271.0,1039014.0,987257.0,216235.0,209037.0,425272.0,101990.0,95938.0,197928.0,475278.0,462288.0,937566.0,394893.0,180807.0,575700.0,536529.0,273612.0,810141.0,301225.0,143671.0,444896.0,118729.0,114270.0,232999.0,7770.0,1111.0,8877.0,223.0,31.0,254.0,7018.0,2383.0,9391.0,18169.0,2818.0,20966.0,7854.0,415.0,8269.0,30246.0,1703.0,31936.0,9860.0,75.0,9935.0,35435.0,7135.0,42563.0,7883.0,111745.0,115990.0,494602.0,601900.0,1096498.0
13,25,669206.3190588951,234719.0,242418.0,1431662.0,738883.0,692779.0,148876.0,141516.0,290392.0,85026.0,78134.0,163160.0,195255.0,187976.0,383231.0,345344.0,173792.0,519136.0,386872.0,181573.0,568445.0,163664.0,72011.0,235675.0,95304.0,93761.0,189065.0,9589.0,1070.0,10659.0,380.0,170.0,550.0,5125.0,1621.0,6746.0,34453.0,4093.0,38546.0,9425.0,821.0,10246.0,29843.0,1288.0,31131.0,11395.0,193.0,11588.0,27694.0,6545.0,34239.0,5104.0,51931.0,57035.0,346907.0,459275.0,806182.0
13,26,590199.6305580139,160386.0,167304.0,992215.0,515876.0,476339.0,100513.0,93634.0,194147.0,92982.0,85732.0,178714.0,17039.0,15736.0,32775.0,194107.0,59783.0,253890.0,277669.0,90041.0,367710.0,167142.0,46521.0,213663.0,42485.0,36195.0,78680.0,9362.0,933.0,10295.0,236.0,13.0,249.0,7285.0,2264.0,9549.0,8928.0,662.0,9590.0,4847.0,183.0,5030.0,15054.0,517.0,15571.0,4069.0,34.0,4103.0,18261.0,2719.0,20980.0,5777.0,92391.0,98168.0,232430.0,293907.0,526337.0
13,27,719177.5602684021,157474.0,167591.0,970388.0,517858.0,452530.0,103728.0,97411.0,201139.0,105643.0,91418.0,197061.0,22281.0,20408.0,42689.0,240371.0,98743.0,339114.0,265224.0,55922.0,321146.0,126229.0,13448.0,139677.0,73683.0,33289.0,106972.0,3596.0,385.0,3981.0,3398.0,521.0,3919.0,4111.0,1448.0,5559.0,7856.0,1247.0,9103.0,4693.0,429.0,5122.0,16580.0,1164.0,17744.0,4595.0,60.0,4655.0,20483.0,3931.0,24414.0,4546.0,38209.0,42755.0,248088.0,358399.0,606487.0
13,28,240606.06993484497,241689.0,247911.0,1351479.0,715283.0,636196.0,122580.0,114922.0,237502.0,98456.0,88082.0,186538.0,21839.0,19366.0,41205.0,433529.0,282395.0,715924.0,340918.0,66281.0,407199.0,46271.0,9121.0,55392.0,24031.0,13608.0,37639.0,5831.0,868.0,6699.0,1068.0,592.0,1660.0,2954.0,1651.0,4605.0,55025.0,4123.0,59148.0,30800.0,5017.0,35817.0,61172.0,3642.0,64814.0,27148.0,911.0,28059.0,86618.0,26748.0,113366.0,3327.0,19618.0,22945.0,371038.0,550297.0,921335.0
13,29,612260.2796185017,136408.0,139501.0,841358.0,443332.0,398026.0,91665.0,83891.0,175556.0,90216.0,80580.0,170796.0,44329.0,41314.0,85643.0,200111.0,69089.0,269200.0,221592.0,84354.0,305946.0,115585.0,36656.0,152241.0,52625.0,41331.0,93956.0,2674.0,160.0,2834.0,105.0,33.0,138.0,4466.0,1275.0,5741.0,6777.0,761.0,7538.0,4231.0,606.0,4837.0,12112.0,530.0,12642.0,4254.0,53.0,4307.0,18763.0,2949.0,21712.0,3028.0,44524.0,47552.0,218712.0,269148.0,487860.0
13,30,726083.0907115936,141398.0,152096.0,876461.0,466389.0,410072.0,93180.0,86433.0,179613.0,77719.0,67376.0,145095.0,65523.0,60731.0,126254.0,201624.0,82435.0,284059.0,234011.0,60404.0,294415.0,102665.0,11990.0,114655.0,72286.0,38427.0,110713.0,4144.0,298.0,4442.0,1336.0,337.0,1673.0,4595.0,2148.0,6743.0,12988.0,2726.0,15714.0,3614.0,534.0,4148.0,11436.0,729.0,12165.0,3498.0,30.0,3528.0,17449.0,3185.0,20634.0,3421.0,29757.0,33178.0,228957.0,319911.0,548868.0
13,31,751294.0194531977,194901.0,201528.0,1181501.0,600935.0,580566.0,122631.0,120222.0,242853.0,65363.0,62075.0,127438.0,221392.0,221740.0,443132.0,274644.0,156076.0,430720.0,314903.0,181110.0,496013.0,179463.0,102070.0,281533.0,51270.0,68551.0,119821.0,6881.0,796.0,7677.0,11443.0,240.0,11683.0,4875.0,1678.0,6553.0,9096.0,801.0,9897.0,6466.0,394.0,6860.0,14228.0,907.0,15135.0,6430.0,76.0,6506.0,24751.0,5597.0,30348.0,5062.0,50169.0,55231.0,280970.0,349287.0,630257.0
13,32,747888.5600349903,210985.0,223019.0,1267211.0,667413.0,599798.0,128179.0,119427.0,247606.0,108610.0,97752.0,206362.0,113673.0,106365.0,220038.0,354954.0,180785.0,535739.0,335365.0,90625.0,425990.0,133174.0,21805.0,154979.0,84466.0,54656.0,139122.0,8513.0,1118.0,9631.0,389.0,223.0,612.0,7421.0,2284.0,9705.0,16971.0,1552.0,18523.0,10167.0,847.0,11014.0,24742.0,1297.0,26039.0,12627.0,199.0,12826.0,36895.0,6644.0,43539.0,4008.0,44821.0,48829.0,328040.0,464352.0,792392.0
13,33,884714.7597408295,489430.0,498179.0,2649962.0,1383654.0,1266308.0,247608.0,236184.0,483792.0,176734.0,163178.0,339912.0,241683.0,232783.0,474466.0,816588.0,463784.0,1280372.0,681342.0,213256.0,894598.0,201999.0,57755.0,259754.0,123838.0,97559.0,221397.0,12554.0,1576.0,14118.0,4848.0,2208.0,7046.0,21559.0,11876.0,33403.0,97194.0,14661.0,111847.0,18960.0,2355.0,21315.0,72510.0,4743.0,77252.0,34846.0,724.0,35570.0,93034.0,19799.0,112829.0,7324.0,78409.0,84145.0,694988.0,974643.0,1669629.0
13,34,448963.51995658875,132428.0,137015.0,785496.0,410693.0,374803.0,75711.0,69963.0,145674.0,68247.0,62044.0,130291.0,51757.0,49611.0,101368.0,229271.0,126777.0,356048.0,213046.0,70368.0,283414.0,95309.0,17516.0,112825.0,65238.0,44955.0,110193.0,2656.0,240.0,2896.0,133.0,52.0,185.0,7646.0,2411.0,10057.0,5115.0,792.0,5907.0,2913.0,204.0,3117.0,12636.0,908.0,13544.0,3377.0,46.0,3423.0,18023.0,3244.0,21267.0,2380.0,25018.0,27398.0,195267.0,279417.0,474684.0
13,35,885827.7901931498,245912.0,249338.0,1291263.0,649444.0,641819.0,129515.0,126798.0,256313.0,34761.0,32738.0,67499.0,390581.0,395006.0,785587.0,271425.0,114535.0,385960.0,355415.0,245246.0,600661.0,237139.0,154114.0,391253.0,64332.0,81396.0,145728.0,5220.0,367.0,5581.0,224.0,83.0,305.0,5900.0,2026.0,7917.0,5266.0,509.0,5763.0,2526.0,381.0,2905.0,10500.0,1101.0,11597.0,2809.0,90.0,2899.0,21499.0,5179.0,26676.0,4150.0,56283.0,59282.0,289879.0,340290.0,630168.0
13,36,969179.6298582833,269034.0,282059.0,1567331.0,802697.0,764634.0,158569.0,153091.0,311660.0,99069.0,92171.0,191240.0,270189.0,269519.0,539708.0,365039.0,199020.0,564059.0,413819.0,172871.0,586690.0,213396.0,79759.0,293155.0,74267.0,77762.0,152029.0,4933.0,489.0,5422.0,24665.0,1386.0,26051.0,7702.0,2141.0,9843.0,12140.0,862.0,13002.0,7567.0,1208.0,8775.0,22679.0,1940.0,24619.0,7759.0,69.0,7828.0,38711.0,7255.0,45966.0,5801.0,88621.0,94422.0,383077.0,503142.0,886219.0
13,37,626203.2197380066,176641.0,183325.0,1000831.0,507076.0,493755.0,98998.0,96230.0,195228.0,55304.0,52488.0,107792.0,184414.0,185413.0,369827.0,234627.0,123788.0,358415.0,270878.0,143541.0,414419.0,146615.0,68512.0,215127.0,72817.0,67378.0,140195.0,6091.0,366.0,6457.0,63.0,10.0,73.0,4232.0,1162.0,5394.0,5108.0,448.0,5556.0,2844.0,364.0,3208.0,11513.0,807.0,12320.0,3645.0,27.0,3672.0,17950.0,4467.0,22417.0,4664.0,73244.0,77908.0,231534.0,276970.0,508504.0
13,38,668867.2898728941,243559.0,259248.0,1365870.0,682260.0,683610.0,124437.0,121357.0,245794.0,55885.0,57220.0,113105.0,147810.0,150855.0,298665.0,377269.0,218979.0,596248.0,364340.0,223049.0,587389.0,190221.0,119890.0,310111.0,84512.0,77092.0,161604.0,9839.0,867.0,10706.0,6784.0,1553.0,8337.0,11399.0,8595.0,19994.0,13495.0,8169.0,21664.0,3776.0,589.0,4365.0,15924.0,1649.0,17573.0,3806.0,33.0,3839.0,24584.0,4612.0,29196.0,4899.0,87702.0,92601.0,313021.0,372859.0,685880.0
13,39,1808278.2006731033,384136.0,399742.0,2082630.0,1064628.0,1018002.0,218957.0,215742.0,434699.0,58673.0,56159.0,114832.0,565719.0,551858.0,1117577.0,356322.0,139559.0,495881.0,592937.0,155390.0,748327.0,408121.0,89476.0,497597.0,72064.0,54154.0,126218.0,6696.0,551.0,7238.0,33866.0,992.0,34857.0,5200.0,1583.0,6771.0,8329.0,960.0,9286.0,4164.0,283.0,4447.0,16644.0,851.0,17490.0,5069.0,113.0,5180.0,32784.0,6427.0,39211.0,11006.0,228769.0,236055.0,460685.0,633843.0,1094526.0
13,40,382.72998046875,119895.0,124623.0,644803.0,335450.0,309353.0,57148.0,55123.0,112271.0,44040.0,41278.0,85318.0,23203.0,21382.0,44585.0,232896.0,148559.0,381455.0,157418.0,33522.0,190940.0,14695.0,5902.0,20597.0,10386.0,9121.0,19507.0,4856.0,532.0,5388.0,4187.0,172.0,4359.0,3591.0,1505.0,5096.0,23523.0,1872.0,25395.0,7604.0,1178.0,8782.0,33894.0,2622.0,36516.0,18594.0,710.0,19304.0,36088.0,9908.0,45996.0,1022.0,4555.0,5577.0,177010.0,271276.0,448286.0
13,41,1028000.259044189,330404.0,344310.0,1722291.0,860962.0,861329.0,156365.0,154157.0,310522.0,97944.0,97969.0,195913.0,407056.0,414421.0,821477.0,394808.0,187098.0,581906.0,488501.0,194376.0,682877.0,307838.0,104904.0,412742.0,94134.0,71002.0,165136.0,5363.0,811.0,6174.0,546.0,124.0,670.0,12299.0,6166.0,18465.0,11915.0,1517.0,13432.0,3732.0,348.0,4080.0,16963.0,1869.0,18832.0,5549.0,93.0,5642.0,30162.0,7542.0,37704.0,9030.0,154777.0,163807.0,363431.0,512176.0,875607.0
13,42,819113.5891714096,257296.0,266204.0,1439951.0,715549.0,724402.0,138721.0,136753.0,275474.0,73446.0,74572.0,148018.0,177703.0,184652.0,362355.0,353371.0,163543.0,516914.0,386007.0,326724.0,712731.0,228556.0,225757.0,454313.0,63808.0,81068.0,144876.0,12285.0,1895.0,14180.0,770.0,338.0,1108.0,7002.0,3833.0,10835.0,16923.0,3822.0,20745.0,4163.0,710.0,4873.0,19191.0,2980.0,22171.0,6666.0,97.0,6763.0,26643.0,6224.0,32867.0,6580.0,35871.0,42451.0,322962.0,361807.0,684769.0
13,43,767607.3008022308,440560.0,456090.0,2397134.0,1218814.0,1178320.0,223629.0,218850.0,442479.0,154356.0,151560.0,305916.0,147768.0,150291.0,298059.0,737004.0,410423.0,1147427.0,612275.0,403352.0,1015627.0,220773.0,218529.0,439302.0,112255.0,141956.0,254211.0,14436.0,3180.0,17616.0,10191.0,3746.0,13937.0,7842.0,3946.0,11788.0,94851.0,5285.0,100136.0,17795.0,3298.0,21093.0,46335.0,6058.0,52393.0,22355.0,633.0,22988.0,65442.0,16721.0,82163.0,6069.0,31233.0,37302.0,600470.0,743735.0,1344205.0
13,44,1516465.9702447783,688503.0,721795.0,3908042.0,1960762.0,1947280.0,372502.0,364565.0,737067.0,281872.0,281705.0,563577.0,352561.0,361466.0,714027.0,1033320.0,491305.0,1524625.0,1034821.0,679033.0,1713854.0,487395.0,358289.0,845684.0,233618.0,259770.0,493388.0,27403.0,3914.0,31317.0,3281.0,1412.0,4693.0,15817.0,10883.0,26700.0,64579.0,11763.0,76342.0,17355.0,2341.0,19696.0,76326.0,9655.0,85981.0,30563.0,1009.0,31572.0,78484.0,19997.0,98481.0,11571.0,116973.0,128544.0,914370.0,1151274.0,2065644.0
13,45,2479603.397620963,429949.0,438749.0,2271314.0,1134485.0,1136829.0,228473.0,228426.0,456899.0,66407.0,66474.0,132881.0,759024.0,770864.0,1529888.0,312642.0,139005.0,451647.0,653163.0,345599.0,998762.0,484093.0,246898.0,730991.0,69878.0,77031.0,146909.0,9398.0,1183.0,10581.0,4905.0,850.0,5755.0,9314.0,3834.0,13148.0,9401.0,1994.0,11395.0,6453.0,1144.0,7597.0,16182.0,2320.0,18502.0,6083.0,380.0,6463.0,37456.0,9965.0,47421.0,12059.0,207685.0,219744.0,469263.0,583545.0,1052808.0
14,02,903253.8699188232,1079149.0,1096592.0,5249126.0,2792874.0,2456252.0,453583.0,431723.0,885306.0,142321.0,129476.0,271797.0,481209.0,469996.0,951205.0,1814318.0,1220356.0,3034674.0,1512688.0,449016.0,1961704.0,229753.0,173181.0,402934.0,103830.0,96497.0,200327.0,32956.0,7478.0,40434.0,6519.0,1156.0,7675.0,15696.0,7708.0,23404.0,521939.0,38060.0,559999.0,68672.0,9917.0,78589.0,230698.0,29697.0,260395.0,120191.0,7452.0,127643.0,182434.0,77870.0,260304.0,20677.0,109178.0,129855.0,1259509.0,1898058.0,3157567.0
14,03,677953.9698139429,362697.0,373126.0,1824816.0,907907.0,916909.0,156025.0,149968.0,305993.0,25513.0,25486.0,50999.0,118238.0,115715.0,233953.0,570985.0,400305.0,971290.0,456615.0,263488.0,720103.0,162191.0,160471.0,322662.0,62433.0,64669.0,127102.0,18132.0,3106.0,21238.0,2163.0,500.0,2663.0,7616.0,3357.0,10973.0,76990.0,5055.0,82045.0,17302.0,2648.0,19950.0,36931.0,8666.0,45597.0,23660.0,545.0,24205.0,49197.0,14471.0,63668.0,11586.0,68859.0,80445.0,439706.0,584562.0,1024268.0
14,04,848389.9203613997,298054.0,324036.0,1544057.0,700190.0,843867.0,121479.0,116748.0,238227.0,13218.0,14167.0,27385.0,7347.0,7500.0,14847.0,443527.0,375274.0,818801.0,319599.0,256157.0,575756.0,163022.0,202440.0,365462.0,26158.0,29312.0,55470.0,15904.0,1571.0,17475.0,2434.0,1057.0,3491.0,6012.0,1916.0,7928.0,21529.0,1681.0,23210.0,12291.0,2722.0,15013.0,24576.0,4467.0,29043.0,12760.0,379.0,13139.0,34913.0,10612.0,45525.0,14533.0,104521.0,119054.0,366058.0,483189.0,849247.0
14,05,501764.8906393051,161157.0,175893.0,832152.0,389384.0,442768.0,55484.0,53423.0,108907.0,20183.0,22252.0,42435.0,1955.0,1938.0,3893.0,287914.0,260362.0,548276.0,186290.0,132201.0,318491.0,96502.0,96146.0,192648.0,20343.0,18470.0,38813.0,8612.0,1223.0,9835.0,3538.0,1081.0,4619.0,1887.0,1623.0,3510.0,10145.0,2201.0,12346.0,6203.0,1175.0,7378.0,13199.0,3459.0,16658.0,6647.0,230.0,6877.0,19214.0,6593.0,25807.0,13014.0,63724.0,76738.0,190080.0,246843.0,436923.0
14,06,1517007.4401893616,662845.0,700310.0,3851352.0,1984973.0,1866379.0,371093.0,354063.0,725156.0,167480.0,159275.0,326755.0,470471.0,460598.0,931069.0,1193884.0,754554.0,1948438.0,997622.0,586380.0,1584002.0,388831.0,297052.0,685883.0,163299.0,219397.0,382696.0,16313.0,2714.0,19027.0,965.0,347.0,1312.0,15095.0,7081.0,22176.0,150696.0,17709.0,168405.0,27996.0,3592.0,31588.0,83216.0,9855.0,93071.0,42618.0,1311.0,43929.0,108593.0,27322.0,135915.0,13932.0,80801.0,94733.0,973419.0,1199198.0,2172617.0
14,07,1123557.410331726,454030.0,458359.0,2535715.0,1295288.0,1240427.0,234242.0,224851.0,459093.0,69017.0,65342.0,134359.0,520230.0,516261.0,1036491.0,669875.0,393855.0,1063730.0,653767.0,351117.0,1004884.0,267599.0,109529.0,377128.0,184480.0,213213.0,397693.0,12611.0,1981.0,14592.0,590.0,217.0,807.0,6754.0,2992.0,9746.0,41705.0,4401.0,46106.0,12345.0,681.0,13026.0,52127.0,4832.0,56959.0,19397.0,231.0,19628.0,56159.0,13040.0,69199.0,9260.0,134348.0,143608.0,624061.0,747110.0,1371171.0
14,08,1060346.7388896942,591543.0,596838.0,3187634.0,1642873.0,1544761.0,286652.0,265183.0,551835.0,151113.0,143934.0,295047.0,160781.0,152770.0,313551.0,1050596.0,644203.0,1694799.0,818245.0,461632.0,1279877.0,246368.0,137843.0,384211.0,275872.0,291423.0,567295.0,16003.0,2163.0,18166.0,591.0,167.0,758.0,11854.0,4557.0,16411.0,60113.0,4294.0,64407.0,16918.0,658.0,17576.0,72390.0,4516.0,76906.0,35571.0,630.0,36201.0,82565.0,15381.0,97946.0,8073.0,79339.0,87412.0,816555.0,1003790.0,1820345.0
14,09,1707578.0085754395,600733.0,626703.0,3372935.0,1730609.0,1642326.0,315462.0,299444.0,614906.0,217989.0,200490.0,418479.0,121144.0,118997.0,240141.0,1065561.0,617604.0,1683165.0,875521.0,556890.0,1432411.0,391363.0,286925.0,678288.0,172166.0,208752.0,380918.0,16859.0,4328.0,21187.0,1578.0,374.0,1952.0,13149.0,6621.0,19770.0,85544.0,22701.0,108245.0,20462.0,2002.0,22464.0,65833.0,6537.0,72370.0,25481.0,499.0,25980.0,83046.0,18151.0,101197.0,9178.0,108185.0,117363.0,845910.0,977251.0,1823161.0
14,10,1587153.6685028076,1064879.0,1079140.0,5532532.0,2861460.0,2671072.0,460551.0,434106.0,894657.0,325176.0,305887.0,631063.0,111453.0,104883.0,216336.0,1958169.0,1337059.0,3295228.0,1442788.0,608891.0,2051679.0,371734.0,272076.0,643810.0,128162.0,159203.0,287365.0,26759.0,6157.0,32916.0,2687.0,668.0,3355.0,21058.0,9721.0,30779.0,307560.0,27251.0,334811.0,93082.0,19097.0,112179.0,174718.0,26506.0,201224.0,94322.0,3956.0,98278.0,222706.0,84256.0,306962.0,25313.0,153763.0,179076.0,1393359.0,1908418.0,3301777.0
14,11,1054761.3090877533,453295.0,465891.0,2451372.0,1208375.0,1242997.0,204586.0,192597.0,397183.0,116914.0,116100.0,233014.0,9338.0,9004.0,18342.0,809122.0,560357.0,1369479.0,588249.0,308146.0,896395.0,277491.0,164272.0,441763.0,85296.0,108114.0,193410.0,13370.0,2794.0,16164.0,1445.0,478.0,1923.0,14680.0,5209.0,19889.0,48921.0,6490.0,55411.0,14647.0,1350.0,15997.0,44080.0,4873.0,48953.0,23969.0,415.0,24384.0,64350.0,14151.0,78501.0,10366.0,184476.0,194842.0,609760.0,750375.0,1360135.0
14,12,852798.1084785461,407619.0,423305.0,2209488.0,1128521.0,1080967.0,182096.0,168201.0,350297.0,141100.0,136358.0,277458.0,5647.0,5137.0,10784.0,708235.0,455857.0,1164092.0,591536.0,223190.0,814726.0,255602.0,98354.0,353956.0,104658.0,92461.0,197119.0,13129.0,3464.0,16593.0,927.0,150.0,1077.0,7842.0,2691.0,10533.0,58070.0,5177.0,63247.0,15315.0,925.0,16240.0,51631.0,4886.0,56517.0,22258.0,427.0,22685.0,62104.0,14655.0,76759.0,8484.0,151632.0,160116.0,528501.0,706145.0,1234646.0
14,13,1481328.4298782349,574100.0,578788.0,3231057.0,1670516.0,1560541.0,300149.0,280518.0,580667.0,256999.0,240914.0,497913.0,25075.0,23277.0,48352.0,960345.0,534117.0,1494462.0,847683.0,400660.0,1248343.0,299059.0,122046.0,421105.0,195398.0,198546.0,393944.0,21591.0,4279.0,25870.0,1667.0,340.0,2007.0,18042.0,11402.0,29444.0,94473.0,34683.0,129156.0,22340.0,2025.0,24365.0,77163.0,7173.0,84336.0,33211.0,753.0,33964.0,84739.0,19413.0,104152.0,8769.0,134402.0,143171.0,814064.0,1025479.0,1839543.0
14,14,758130.709821701,537190.0,567790.0,2988744.0,1524391.0,1464353.0,237081.0,220645.0,457726.0,194206.0,186803.0,381009.0,7564.0,7225.0,14789.0,1034144.0,660298.0,1694442.0,808611.0,360775.0,1169386.0,325090.0,211646.0,536736.0,99079.0,99690.0,198769.0,12984.0,5817.0,18801.0,2232.0,465.0,2697.0,18941.0,6820.0,25761.0,136935.0,6886.0,143821.0,24621.0,2029.0,26650.0,79315.0,8159.0,87474.0,29336.0,396.0,29732.0,80078.0,18867.0,98945.0,23842.0,185565.0,209407.0,691938.0,918013.0,1609951.0
14,15,1016993.1208808124,390974.0,424578.0,2213779.0,1151693.0,1062086.0,232496.0,216855.0,449351.0,158698.0,146548.0,305246.0,42870.0,40632.0,83502.0,670368.0,335084.0,1005452.0,562217.0,324263.0,886480.0,217447.0,147731.0,365178.0,109365.0,141932.0,251297.0,9656.0,1362.0,11018.0,646.0,268.0,914.0,5745.0,2208.0,7953.0,64908.0,6240.0,71148.0,18472.0,3531.0,22003.0,47263.0,3432.0,50695.0,19958.0,344.0,20302.0,68757.0,17215.0,85972.0,8390.0,50475.0,58865.0,581086.0,687348.0,1268434.0
14,16,760583.169839859,240716.0,257513.0,1364425.0,696798.0,667627.0,149990.0,142715.0,292705.0,90106.0,86346.0,176452.0,14374.0,13926.0,28300.0,352325.0,143313.0,495638.0,358677.0,241142.0,599819.0,169794.0,110698.0,280492.0,95705.0,118082.0,213787.0,6374.0,900.0,7274.0,489.0,193.0,682.0,4741.0,1705.0,6446.0,17412.0,2826.0,20238.0,5468.0,665.0,6133.0,25004.0,1405.0,26409.0,7467.0,105.0,7572.0,26223.0,4563.0,30786.0,6024.0,44842.0,50866.0,332097.0,381643.0,713740.0
14,17,1098586.3313426971,375571.0,380148.0,2117035.0,1083794.0,1033241.0,227978.0,217749.0,445727.0,118995.0,114328.0,233323.0,57246.0,54224.0,111470.0,555424.0,239816.0,795240.0,552564.0,337742.0,890306.0,221916.0,124902.0,346818.0,174840.0,193896.0,368736.0,10604.0,899.0,11503.0,781.0,278.0,1059.0,8765.0,2524.0,11289.0,23016.0,3629.0,26645.0,14437.0,1098.0,15535.0,38765.0,1708.0,40473.0,12793.0,159.0,12952.0,46647.0,8649.0,55296.0,6681.0,69855.0,76536.0,524549.0,625644.0,1150193.0
14,18,1065887.661125183,335009.0,367181.0,1822072.0,937410.0,884662.0,194878.0,183059.0,377937.0,125635.0,118646.0,244281.0,10684.0,9831.0,20515.0,492580.0,226932.0,719512.0,461982.0,296607.0,758589.0,224187.0,148471.0,372658.0,101718.0,129734.0,231452.0,11028.0,1805.0,12833.0,627.0,179.0,806.0,6758.0,2188.0,8946.0,20393.0,2648.0,23041.0,10659.0,1026.0,11685.0,30660.0,2050.0,32710.0,11566.0,125.0,11691.0,44386.0,8381.0,52767.0,13345.0,84472.0,97817.0,462083.0,503583.0,965666.0
14,19,1042391.6006202698,403814.0,407277.0,2330374.0,1197876.0,1132498.0,250091.0,240107.0,490198.0,217334.0,205608.0,422942.0,141591.0,134381.0,275972.0,610172.0,276264.0,886436.0,587645.0,338938.0,926583.0,226161.0,114548.0,340709.0,181867.0,201338.0,383205.0,10874.0,697.0,11571.0,460.0,136.0,596.0,8424.0,3985.0,12409.0,31447.0,4696.0,36143.0,17176.0,1229.0,18405.0,45833.0,1889.0,47722.0,13928.0,195.0,14123.0,51475.0,10225.0,61700.0,12350.0,103528.0,115878.0,597881.0,690032.0,1287913.0
14,20,752404.3294067383,230029.0,233003.0,1276327.0,658896.0,617431.0,125221.0,118595.0,243816.0,107398.0,101211.0,208609.0,11617.0,10846.0,22463.0,364985.0,195345.0,560330.0,334918.0,194507.0,529425.0,149081.0,65415.0,214496.0,99969.0,117558.0,217527.0,5251.0,818.0,6069.0,775.0,245.0,1020.0,5815.0,1686.0,7501.0,11846.0,2176.0,14022.0,7171.0,511.0,7682.0,16700.0,1329.0,18029.0,6980.0,74.0,7054.0,31330.0,4695.0,36025.0,2945.0,46156.0,49101.0,321033.0,376768.0,697801.0
14,21,716520.9102935791,281484.0,283757.0,1676641.0,863203.0,813438.0,173929.0,164747.0,338676.0,164752.0,154816.0,319568.0,19419.0,18108.0,37527.0,485762.0,257794.0,743556.0,420375.0,235868.0,656243.0,169580.0,88848.0,258428.0,123636.0,133036.0,256672.0,4736.0,321.0,5057.0,1239.0,362.0,1601.0,4765.0,1279.0,6044.0,21327.0,1818.0,23145.0,10666.0,434.0,11100.0,34154.0,2053.0,36207.0,10023.0,91.0,10114.0,40249.0,7626.0,47875.0,5036.0,74044.0,79080.0,437792.0,503526.0,941318.0
14,22,944210.5298497677,349414.0,352853.0,1886299.0,966017.0,920282.0,186228.0,176059.0,362287.0,110793.0,105894.0,216687.0,49073.0,46316.0,95389.0,596765.0,343344.0,940109.0,495788.0,348560.0,844348.0,191088.0,137975.0,329063.0,170235.0,196523.0,366758.0,6946.0,1120.0,8066.0,342.0,150.0,492.0,5862.0,2019.0,7881.0,21434.0,1633.0,23067.0,9256.0,542.0,9798.0,35723.0,1718.0,37441.0,11491.0,121.0,11612.0,43411.0,6759.0,50170.0,7820.0,46401.0,54221.0,462409.0,525321.0,987730.0
14,23,1045948.5288143158,414797.0,420013.0,2214271.0,1142148.0,1072123.0,207189.0,193521.0,400710.0,135657.0,128897.0,264554.0,79863.0,75832.0,155695.0,725827.0,468115.0,1193942.0,579564.0,343627.0,923191.0,160532.0,80694.0,241226.0,227662.0,241630.0,469292.0,7138.0,846.0,7984.0,626.0,266.0,892.0,6771.0,2435.0,9206.0,31540.0,2282.0,33822.0,13400.0,1059.0,14459.0,52639.0,1994.0,54633.0,22295.0,238.0,22533.0,56961.0,12183.0,69144.0,7624.0,38344.0,45968.0,554960.0,690152.0,1245112.0
14,24,932914.6097140312,422914.0,427359.0,2200057.0,1136314.0,1063743.0,184167.0,175034.0,359201.0,198191.0,186308.0,384499.0,162562.0,153886.0,316448.0,746484.0,543241.0,1289725.0,590856.0,297036.0,887892.0,144543.0,46651.0,191194.0,241102.0,224372.0,465474.0,11586.0,1491.0,13077.0,274.0,107.0,381.0,8739.0,2924.0,11663.0,27874.0,2529.0,30403.0,16496.0,1259.0,17755.0,51688.0,1734.0,53422.0,22204.0,215.0,22419.0,66350.0,15754.0,82104.0,23408.0,65409.0,88817.0,522050.0,701298.0,1223348.0
14,25,1344930.3906154633,404364.0,413123.0,2077144.0,1064422.0,1012722.0,187943.0,180543.0,368486.0,115549.0,111271.0,226820.0,226501.0,219339.0,445840.0,617470.0,372873.0,990343.0,554674.0,368576.0,923250.0,166692.0,82878.0,249570.0,230461.0,263702.0,494163.0,11678.0,1268.0,12946.0,4957.0,543.0,5500.0,8893.0,2062.0,10955.0,22681.0,2943.0,25624.0,13880.0,1166.0,15046.0,38583.0,1998.0,40581.0,11561.0,118.0,11679.0,45288.0,11898.0,57186.0,10049.0,57608.0,67657.0,499699.0,586538.0,1086237.0
14,26,573636.4201827049,211710.0,220348.0,1067357.0,550370.0,516987.0,82193.0,78231.0,160424.0,77216.0,72759.0,149975.0,85277.0,81114.0,166391.0,366713.0,267721.0,634434.0,284738.0,165801.0,450539.0,83827.0,41387.0,125214.0,97750.0,110166.0,207916.0,6382.0,818.0,7200.0,594.0,301.0,895.0,2490.0,800.0,3290.0,22088.0,2291.0,24379.0,7109.0,1406.0,8515.0,20667.0,1449.0,22116.0,9333.0,166.0,9499.0,34498.0,7017.0,41515.0,6586.0,18489.0,25075.0,259046.0,332697.0,591743.0
14,27,811221.5996685028,619297.0,654520.0,3287139.0,1710404.0,1576735.0,267220.0,254159.0,521379.0,319940.0,299286.0,619226.0,235897.0,221818.0,457715.0,1180437.0,856299.0,2036736.0,836750.0,331157.0,1167907.0,137815.0,76831.0,214646.0,126699.0,153482.0,280181.0,21178.0,2246.0,23424.0,23408.0,2188.0,25596.0,17387.0,7964.0,25351.0,128454.0,17488.0,145942.0,51192.0,12400.0,63592.0,123109.0,12567.0,135676.0,68267.0,2306.0,70573.0,139241.0,43685.0,182926.0,15724.0,49138.0,64862.0,857930.0,1196440.0,2054370.0
14,28,795532.0798950195,419313.0,433635.0,2107629.0,1060275.0,1047354.0,172188.0,167189.0,339377.0,177452.0,178032.0,355484.0,154746.0,155076.0,309822.0,699946.0,443969.0,1143915.0,545552.0,419468.0,965020.0,211929.0,176615.0,388544.0,144530.0,170629.0,315159.0,16420.0,1588.0,18008.0,3355.0,1678.0,5033.0,30105.0,39896.0,70001.0,35596.0,13380.0,48976.0,9417.0,1468.0,10885.0,31793.0,2903.0,34696.0,13945.0,384.0,14329.0,48462.0,10927.0,59389.0,14073.0,77501.0,91574.0,500650.0,550385.0,1051035.0
14,29,796814.7401771545,367384.0,388047.0,1771994.0,909787.0,862207.0,148948.0,143692.0,292640.0,153716.0,145817.0,299533.0,176625.0,172544.0,349169.0,542475.0,336361.0,878836.0,469492.0,275624.0,745116.0,152904.0,89522.0,242426.0,111132.0,153827.0,264959.0,16439.0,1637.0,18076.0,26956.0,2076.0,29032.0,10261.0,3027.0,13288.0,36784.0,4282.0,41066.0,15592.0,3414.0,19006.0,29719.0,4003.0,33722.0,16069.0,382.0,16451.0,53636.0,13454.0,67090.0,9721.0,62857.0,72578.0,430574.0,523726.0,954300.0
14,30,666246.5099814385,151682.0,162931.0,787010.0,398364.0,388646.0,71490.0,70048.0,141538.0,48616.0,47380.0,95996.0,152846.0,151689.0,304535.0,184878.0,91971.0,276849.0,217292.0,141271.0,358563.0,125844.0,75348.0,201192.0,45879.0,57272.0,103151.0,7291.0,907.0,8198.0,341.0,215.0,556.0,3613.0,1274.0,4887.0,5403.0,642.0,6045.0,3071.0,510.0,3581.0,6503.0,678.0,7181.0,1855.0,40.0,1895.0,17492.0,4385.0,21877.0,6310.0,58573.0,64883.0,174762.0,188802.0,363564.0
15,03,6.5,27593.0,27995.0,176184.0,91218.0,84966.0,14993.0,14460.0,29453.0,210.0,91.0,301.0,83760.0,80949.0,164709.0,50597.0,34758.0,85355.0,43796.0,31103.0,74899.0,30762.0,27224.0,57986.0,944.0,1044.0,1988.0,294.0,35.0,329.0,12.0,4.0,16.0,469.0,1072.0,1541.0,221.0,74.0,295.0,237.0,23.0,260.0,833.0,356.0,1189.0,252.0,13.0,265.0,9772.0,1258.0,11030.0,450.0,2302.0,2752.0,46972.0,51561.0,98533.0
15,04,1.0,13087.0,13245.0,71014.0,37118.0,33896.0,5892.0,5758.0,11650.0,136.0,101.0,237.0,30691.0,30038.0,60729.0,17920.0,9791.0,27711.0,19688.0,14613.0,34301.0,12767.0,12682.0,25449.0,874.0,865.0,1739.0,203.0,37.0,240.0,5.0,1.0,6.0,78.0,259.0,337.0,139.0,31.0,170.0,64.0,11.0,75.0,1300.0,261.0,1561.0,283.0,21.0,304.0,3975.0,445.0,4420.0,827.0,2195.0,3022.0,16603.0,17088.0,33691.0
15,05,28.60999870300293,47761.0,48934.0,293958.0,148432.0,145526.0,26875.0,26248.0,53123.0,5521.0,5523.0,11044.0,1543.0,1301.0,2844.0,83057.0,43304.0,126361.0,64661.0,43033.0,107694.0,42430.0,25486.0,67916.0,5871.0,8882.0,14753.0,976.0,111.0,1087.0,14.0,1.0,15.0,773.0,5754.0,6527.0,1574.0,434.0,2008.0,749.0,37.0,786.0,1140.0,1033.0,2173.0,1111.0,21.0,1132.0,10023.0,1274.0,11297.0,3108.0,21439.0,24547.0,80663.0,81054.0,161717.0
15,06,37.02000045776367,27299.0,29726.0,180773.0,91125.0,89648.0,16003.0,15393.0,31396.0,1147.0,1186.0,2333.0,5167.0,4408.0,9575.0,51525.0,30538.0,82063.0,39957.0,29157.0,69114.0,24598.0,14029.0,38627.0,2662.0,4741.0,7403.0,2770.0,978.0,3748.0,22.0,14.0,36.0,819.0,6746.0,7565.0,928.0,428.0,1356.0,547.0,57.0,604.0,897.0,1086.0,1983.0,580.0,42.0,622.0,6134.0,1036.0,7170.0,1556.0,9522.0,11078.0,49612.0,50969.0,100581.0
15,07,72.20000457763672,109334.0,113409.0,711261.0,360566.0,350695.0,58205.0,56875.0,115080.0,11526.0,11238.0,22764.0,17660.0,16240.0,33900.0,250368.0,171357.0,421725.0,144834.0,84617.0,229451.0,54445.0,29502.0,83947.0,7449.0,10954.0,18403.0,3927.0,813.0,4740.0,81.0,31.0,112.0,3609.0,20378.0,23987.0,8121.0,4027.0,12148.0,7181.0,940.0,8121.0,11818.0,6686.0,18504.0,5558.0,225.0,5783.0,42645.0,11061.0,53706.0,2756.0,17145.0,19901.0,212976.0,248933.0,461909.0
16,01,7.800000190734863,37946.0,37986.0,220473.0,111753.0,108720.0,26823.0,26975.0,53798.0,478.0,269.0,747.0,104410.0,106148.0,210558.0,29194.0,29682.0,58876.0,58378.0,41470.0,99848.0,33649.0,25465.0,59114.0,7626.0,7533.0,15159.0,2255.0,1103.0,3358.0,846.0,144.0,990.0,89.0,113.0,202.0,956.0,183.0,1139.0,988.0,430.0,1418.0,3437.0,2490.0,5927.0,1255.0,49.0,1304.0,7277.0,3960.0,11237.0,464.0,2074.0,2538.0,52911.0,65176.0,118087.0
16,02,33.20000076293945,122345.0,125041.0,665218.0,341670.0,323548.0,67493.0,66522.0,134015.0,1376.0,1048.0,2424.0,258108.0,263374.0,521482.0,172355.0,146603.0,318958.0,169082.0,85389.0,254471.0,40998.0,29170.0,70168.0,20085.0,12623.0,32708.0,24243.0,15513.0,39756.0,2128.0,478.0,2606.0,716.0,568.0,1284.0,8066.0,790.0,8856.0,5746.0,720.0,6466.0,15105.0,7530.0,22635.0,6626.0,565.0,7191.0,45369.0,17432.0,62801.0,745.0,5555.0,6300.0,171843.0,232604.0,404447.0
16,03,76.0,37834.0,38101.0,220157.0,112860.0,107297.0,27783.0,26576.0,54359.0,25.0,6.0,31.0,110149.0,105846.0,215995.0,45071.0,38694.0,83765.0,53379.0,41976.0,95355.0,36332.0,33234.0,69566.0,8581.0,6193.0,14774.0,492.0,57.0,549.0,112.0,5.0,117.0,58.0,67.0,125.0,634.0,98.0,732.0,451.0,54.0,505.0,905.0,802.0,1707.0,521.0,26.0,547.0,5293.0,1440.0,6733.0,180.0,941.0,1121.0,59301.0,64380.0,123681.0
16,04,9.720000267028809,35517.0,35529.0,188788.0,96423.0,92365.0,22177.0,22168.0,44345.0,136.0,105.0,241.0,92553.0,90254.0,182807.0,40607.0,29270.0,69877.0,45809.0,29223.0,75032.0,36607.0,26448.0,63055.0,1924.0,1554.0,3478.0,260.0,13.0,273.0,6.0,0.0,6.0,95.0,55.0,150.0,272.0,29.0,301.0,351.0,47.0,398.0,1097.0,91.0,1188.0,73.0,1.0,74.0,5124.0,985.0,6109.0,1115.0,7098.0,8213.0,49499.0,56044.0,105543.0
16,05,27.099998474121094,89434.0,90706.0,480100.0,244960.0,235140.0,53976.0,53226.0,107202.0,2966.0,2663.0,5629.0,194993.0,192050.0,387043.0,89634.0,56978.0,146612.0,122968.0,67895.0,190863.0,80602.0,53282.0,133884.0,13961.0,9412.0,23373.0,1391.0,408.0,1799.0,449.0,98.0,547.0,676.0,448.0,1124.0,1325.0,156.0,1481.0,2223.0,339.0,2562.0,5652.0,508.0,6160.0,1174.0,68.0,1242.0,15515.0,3176.0,18691.0,2340.0,21223.0,23563.0,119652.0,146022.0,265674.0
17,01,449.0,84192.0,84192.0,478465.0,248343.0,230122.0,44582.0,43285.0,87867.0,289.0,38.0,327.0,228007.0,224935.0,452942.0,184193.0,159761.0,343954.0,122022.0,76156.0,198178.0,59458.0,51771.0,111229.0,4430.0,2327.0,6757.0,1796.0,1401.0,3197.0,587.0,27.0,614.0,1649.0,867.0,2516.0,3426.0,703.0,4129.0,5546.0,173.0,5719.0,5120.0,7962.0,13082.0,2885.0,37.0,2922.0,37125.0,10888.0,48013.0,11206.0,23080.0,34286.0,115115.0,130886.0,246001.0
17,02,110.0,19800.0,19800.0,111415.0,58331.0,53084.0,10386.0,9927.0,20313.0,141.0,20.0,161.0,53208.0,51983.0,105191.0,39491.0,31325.0,70816.0,29587.0,17772.0,47359.0,17732.0,14851.0,32583.0,1135.0,577.0,1712.0,90.0,9.0,99.0,14.0,0.0,14.0,197.0,66.0,263.0,285.0,40.0,325.0,915.0,38.0,953.0,733.0,515.0,1248.0,216.0,8.0,224.0,8270.0,1668.0,9938.0,2850.0,5710.0,8560.0,25894.0,29602.0,55496.0
17,03,22.0,17001.0,17002.0,99876.0,52304.0,47572.0,10173.0,9920.0,20093.0,167.0,36.0,203.0,48604.0,46828.0,95432.0,27867.0,19293.0,47160.0,26402.0,18378.0,44780.0,17688.0,16601.0,34289.0,616.0,442.0,1058.0,18.0,3.0,21.0,3.0,0.0,3.0,151.0,28.0,179.0,133.0,19.0,152.0,462.0,24.0,486.0,432.0,316.0,748.0,156.0,2.0,158.0,6743.0,943.0,7686.0,1314.0,2868.0,4182.0,24588.0,26326.0,50914.0
18,01,558084.3200387955,72961.0,73166.0,387581.0,208790.0,178791.0,35260.0,35038.0,70298.0,0.0,0.0,0.0,148138.0,140488.0,288626.0,131148.0,88276.0,219424.0,97659.0,49977.0,147636.0,41807.0,39704.0,81511.0,3668.0,1600.0,5268.0,1943.0,332.0,2275.0,207.0,21.0,228.0,382.0,915.0,1297.0,3605.0,285.0,3890.0,2946.0,306.0,3252.0,8730.0,751.0,9481.0,3212.0,132.0,3344.0,31159.0,5931.0,37090.0,1053.0,3468.0,4521.0,110078.0,125346.0,235424.0
18,02,3.5999999046325684,19898.0,19950.0,102156.0,54339.0,47817.0,9383.0,9089.0,18472.0,0.0,0.0,0.0,49689.0,46415.0,96104.0,32496.0,19882.0,52378.0,25206.0,21464.0,46670.0,15156.0,20161.0,35317.0,119.0,60.0,179.0,483.0,52.0,535.0,8.0,0.0,8.0,126.0,26.0,152.0,103.0,37.0,140.0,982.0,65.0,1047.0,759.0,148.0,907.0,151.0,14.0,165.0,7319.0,901.0,8220.0,18.0,148.0,166.0,29115.0,26205.0,55320.0
18,03,161319.0,18343.0,18343.0,96218.0,48986.0,47232.0,8611.0,8870.0,17481.0,0.0,0.0,0.0,46790.0,46608.0,93398.0,28569.0,22107.0,50676.0,21571.0,19362.0,40933.0,13815.0,17887.0,31702.0,26.0,11.0,37.0,246.0,38.0,284.0,3.0,0.0,3.0,29.0,13.0,42.0,79.0,11.0,90.0,628.0,58.0,686.0,701.0,86.0,787.0,137.0,8.0,145.0,5907.0,1250.0,7157.0,0.0,0.0,0.0,27415.0,27870.0,55285.0
18,04,508143.9200000763,15684.0,15684.0,82612.0,43090.0,39522.0,7624.0,7629.0,15253.0,0.0,0.0,0.0,39026.0,37510.0,76536.0,28747.0,21045.0,49792.0,17890.0,14943.0,32833.0,9844.0,13706.0,23550.0,245.0,126.0,371.0,427.0,37.0,464.0,16.0,1.0,17.0,31.0,35.0,66.0,240.0,66.0,306.0,1221.0,74.0,1295.0,620.0,37.0,657.0,150.0,7.0,157.0,5096.0,854.0,5950.0,0.0,1.0,1.0,25200.0,24578.0,49778.0
18,05,32.0,28093.0,28093.0,158374.0,82823.0,75551.0,10242.0,10345.0,20587.0,0.0,0.0,0.0,74416.0,72301.0,146717.0,58441.0,48825.0,107266.0,35700.0,25496.0,61196.0,20813.0,22648.0,43461.0,294.0,87.0,381.0,1017.0,127.0,1144.0,5.0,1.0,6.0,218.0,32.0,250.0,1170.0,127.0,1297.0,1241.0,173.0,1414.0,1909.0,125.0,2034.0,378.0,16.0,394.0,8655.0,2160.0,10815.0,0.0,0.0,0.0,47123.0,50055.0,97178.0
18,06,522072.4400367737,39024.0,39024.0,232906.0,123293.0,109613.0,19943.0,19440.0,39383.0,0.0,0.0,0.0,115435.0,106062.0,221497.0,55789.0,37856.0,93645.0,58052.0,47295.0,105347.0,43514.0,45824.0,89338.0,259.0,77.0,336.0,579.0,36.0,615.0,4.0,1.0,5.0,54.0,60.0,114.0,163.0,77.0,240.0,697.0,42.0,739.0,1589.0,48.0,1637.0,153.0,3.0,156.0,11040.0,1127.0,12167.0,0.0,26.0,26.0,65241.0,62292.0,127533.0
18,07,183261.0,22722.0,22722.0,149699.0,79961.0,69738.0,13039.0,12974.0,26013.0,0.0,0.0,0.0,71662.0,66282.0,137944.0,28039.0,16516.0,44555.0,43359.0,33523.0,76882.0,34025.0,32693.0,66718.0,498.0,163.0,661.0,506.0,9.0,515.0,37.0,2.0,39.0,56.0,14.0,70.0,773.0,31.0,804.0,561.0,38.0,599.0,770.0,30.0,800.0,174.0,0.0,174.0,5959.0,543.0,6502.0,7.0,19.0,26.0,36595.0,36196.0,72791.0
19,01,1267890.489527464,493314.0,556168.0,2697106.0,1372109.0,1324997.0,218477.0,212026.0,430503.0,238089.0,233371.0,471460.0,371854.0,368422.0,740276.0,745717.0,373439.0,1119156.0,770257.0,220512.0,990769.0,350249.0,52947.0,403196.0,192484.0,118163.0,310647.0,12988.0,948.0,13936.0,13235.0,524.0,13759.0,34266.0,23462.0,57728.0,33951.0,7607.0,41558.0,5253.0,526.0,5779.0,41349.0,4064.0,45413.0,14437.0,272.0,14709.0,72045.0,11999.0,84044.0,11682.0,168498.0,180180.0,590170.0,935987.0,1526157.0
19,02,730573.618540287,304600.0,321699.0,1573437.0,812613.0,760824.0,134122.0,129658.0,263780.0,70703.0,67454.0,138157.0,400033.0,398268.0,798301.0,443818.0,249993.0,693811.0,421658.0,86399.0,508057.0,173328.0,23669.0,196997.0,55170.0,35838.0,91008.0,5091.0,562.0,5653.0,14127.0,5120.0,19247.0,9011.0,2545.0,11556.0,61748.0,3372.0,65120.0,6036.0,838.0,6874.0,29230.0,1777.0,31007.0,16702.0,573.0,17275.0,51215.0,12105.0,63320.0,10279.0,102241.0,112520.0,380676.0,572184.0,952860.0
19,03,936256.4210779667,243961.0,252747.0,1336112.0,677023.0,659089.0,120798.0,118484.0,239282.0,77698.0,75927.0,153625.0,297785.0,297082.0,594867.0,328429.0,162215.0,490644.0,351536.0,88177.0,439713.0,182200.0,27433.0,209633.0,66736.0,41080.0,107816.0,6346.0,708.0,7054.0,22198.0,8510.0,30708.0,7670.0,2537.0,10207.0,11412.0,985.0,12397.0,2803.0,352.0,3155.0,14822.0,651.0,15473.0,6543.0,412.0,6955.0,30806.0,5509.0,36315.0,6627.0,72404.0,79031.0,318860.0,498508.0,817368.0
19,04,712169.699764967,351008.0,363659.0,1884580.0,952183.0,932397.0,181413.0,174547.0,355960.0,66844.0,64921.0,131765.0,546349.0,544277.0,1090626.0,399594.0,179426.0,579020.0,503581.0,198930.0,702511.0,275834.0,64785.0,340619.0,117996.0,105605.0,223601.0,7369.0,725.0,8094.0,1086.0,457.0,1543.0,20358.0,16565.0,36923.0,9831.0,1426.0,11257.0,2680.0,187.0,2867.0,22100.0,1087.0,23187.0,6909.0,141.0,7050.0,39418.0,7952.0,47370.0,14913.0,146053.0,160966.0,433689.0,587414.0,1021103.0
19,05,559116.3810572028,411235.0,450472.0,2801096.0,1423965.0,1377131.0,252087.0,242184.0,494271.0,281879.0,272994.0,554873.0,100577.0,97343.0,197920.0,850139.0,505869.0,1356008.0,703210.0,53857.0,757067.0,386731.0,6750.0,393481.0,149388.0,31164.0,180552.0,15223.0,511.0,15734.0,2223.0,996.0,3219.0,9485.0,2659.0,12144.0,17405.0,1304.0,18709.0,3981.0,246.0,4227.0,35446.0,1279.0,36725.0,13696.0,178.0,13874.0,69632.0,8770.0,78402.0,8161.0,29721.0,37882.0,712594.0,1293553.0,2006147.0
19,06,1117365.3808590937,838045.0,915015.0,5519050.0,2812737.0,2706313.0,451087.0,425868.0,876955.0,573935.0,549525.0,1123460.0,93219.0,88969.0,182188.0,1788724.0,1148934.0,2937658.0,1362343.0,102230.0,1464573.0,593976.0,6519.0,600495.0,287230.0,52265.0,339495.0,24808.0,1530.0,26338.0,5979.0,639.0,6618.0,35112.0,7315.0,42427.0,67538.0,3194.0,70732.0,14416.0,718.0,15134.0,116740.0,4402.0,121142.0,42467.0,490.0,42957.0,174077.0,25158.0,199235.0,13961.0,40034.0,53995.0,1436433.0,2564049.0,4000482.0
19,07,852282.471693879,331308.0,349077.0,1908700.0,979983.0,928717.0,164593.0,157877.0,322470.0,159781.0,153726.0,313507.0,118144.0,114339.0,232483.0,556323.0,287846.0,844169.0,511018.0,88816.0,599834.0,223623.0,19409.0,243032.0,132567.0,50303.0,182870.0,11251.0,727.0,11978.0,12423.0,485.0,12908.0,16756.0,7163.0,23919.0,19949.0,1373.0,21322.0,10143.0,908.0,11051.0,25405.0,1214.0,26619.0,6587.0,65.0,6652.0,52314.0,7169.0,59483.0,9380.0,70695.0,80075.0,459585.0,769206.0,1228791.0
19,08,675434.449121952,175812.0,187532.0,862615.0,432420.0,430195.0,77749.0,77356.0,155105.0,81206.0,80584.0,161790.0,158867.0,162690.0,321557.0,201965.0,71556.0,273521.0,241939.0,91026.0,332965.0,134778.0,30331.0,165109.0,61827.0,51010.0,112837.0,4553.0,458.0,5011.0,81.0,8.0,89.0,6867.0,3393.0,10260.0,2530.0,633.0,3163.0,1203.0,67.0,1270.0,9101.0,871.0,9972.0,1808.0,47.0,1855.0,19191.0,4208.0,23399.0,6821.0,68249.0,75070.0,183660.0,270920.0,454580.0
19,09,792063.9907441139,324252.0,346751.0,1706980.0,862088.0,844892.0,141252.0,137749.0,279001.0,149187.0,145645.0,294832.0,157770.0,158593.0,316363.0,412868.0,154777.0,567645.0,494090.0,103749.0,597839.0,271025.0,20768.0,291793.0,126470.0,63609.0,190079.0,5689.0,670.0,6359.0,845.0,694.0,1539.0,17629.0,7311.0,24940.0,10303.0,2103.0,12406.0,2533.0,205.0,2738.0,18864.0,2874.0,21738.0,6873.0,105.0,6978.0,33859.0,5410.0,39269.0,7596.0,105654.0,113250.0,360402.0,635489.0,995891.0
19,10,850723.7142298818,327876.0,339994.0,1555130.0,777599.0,777531.0,128689.0,128872.0,257561.0,122342.0,122467.0,244809.0,236297.0,242546.0,478843.0,295745.0,94959.0,390704.0,464606.0,117401.0,582007.0,245279.0,25101.0,270380.0,144197.0,76157.0,220354.0,5804.0,606.0,6410.0,283.0,51.0,334.0,10346.0,5564.0,15910.0,7029.0,1038.0,8067.0,2501.0,249.0,2750.0,16024.0,3457.0,19481.0,3775.0,72.0,3847.0,29368.0,5106.0,34474.0,7599.0,111720.0,119319.0,305394.0,548410.0,853804.0
19,11,2478210.1125447247,658237.0,664947.0,3003537.0,1505950.0,1497587.0,280124.0,282157.0,562281.0,226683.0,224422.0,451105.0,809848.0,822190.0,1632038.0,393396.0,158579.0,551975.0,877099.0,323337.0,1200436.0,501697.0,108512.0,610209.0,210735.0,183183.0,393918.0,13567.0,1762.0,15329.0,1265.0,303.0,1568.0,13094.0,3996.0,17090.0,22224.0,1611.0,23835.0,7689.0,1027.0,8716.0,35218.0,8231.0,43449.0,10017.0,560.0,10577.0,61593.0,14152.0,75745.0,23614.0,247951.0,271565.0,605237.0,926299.0,1531536.0
19,12,1077432.4688112736,598548.0,612912.0,3151184.0,1568750.0,1582434.0,280219.0,267798.0,548017.0,259444.0,262974.0,522418.0,145328.0,150635.0,295963.0,783166.0,369325.0,1152491.0,816094.0,319182.0,1135276.0,370148.0,93305.0,463453.0,192605.0,186259.0,378864.0,27684.0,3506.0,31190.0,5840.0,294.0,6134.0,21731.0,9188.0,30919.0,29869.0,3178.0,33047.0,7745.0,306.0,8051.0,63439.0,8189.0,71628.0,16340.0,196.0,16536.0,80693.0,14761.0,95454.0,18150.0,151492.0,169642.0,734506.0,1111760.0,1846266.0
19,13,784110.0498200804,558307.0,623515.0,3588114.0,1850838.0,1737276.0,282608.0,267817.0,550425.0,282150.0,272385.0,554535.0,65136.0,62098.0,127234.0,1204800.0,733883.0,1938683.0,952681.0,87499.0,1040180.0,390964.0,6804.0,397768.0,194342.0,40600.0,234942.0,37476.0,2044.0,39520.0,3158.0,336.0,3494.0,23183.0,6447.0,29630.0,38246.0,4313.0,42559.0,16289.0,1299.0,17588.0,86992.0,4111.0,91103.0,30612.0,522.0,31134.0,131411.0,21023.0,152434.0,10594.0,34310.0,44904.0,887563.0,1615467.0,2503030.0
20,01,347600.560005188,287776.0,288646.0,1756732.0,923343.0,833389.0,153831.0,135088.0,288919.0,229812.0,204015.0,433827.0,0.0,0.0,0.0,535240.0,372432.0,907672.0,473254.0,16555.0,489809.0,143884.0,1496.0,145380.0,124329.0,2299.0,126628.0,3240.0,352.0,3592.0,188.0,1.0,189.0,2878.0,401.0,3279.0,32325.0,1176.0,33501.0,19066.0,408.0,19474.0,46713.0,768.0,47481.0,19484.0,152.0,19636.0,81147.0,9502.0,90649.0,611.0,2975.0,3586.0,449478.0,813859.0,1263337.0
20,02,490775.3499908447,402474.0,420035.0,2504560.0,1337503.0,1167057.0,226673.0,195231.0,421904.0,375997.0,325447.0,701444.0,0.0,0.0,0.0,722857.0,486919.0,1209776.0,736086.0,31936.0,768022.0,222335.0,1651.0,223986.0,184095.0,6868.0,190963.0,3784.0,170.0,3954.0,26.0,0.0,26.0,2853.0,614.0,3467.0,86674.0,2593.0,89267.0,14234.0,172.0,14406.0,93181.0,1915.0,95096.0,33706.0,349.0,34055.0,95198.0,17604.0,112802.0,39.0,110.0,149.0,601378.0,1135011.0,1736389.0
20,03,573304.25,251719.0,270616.0,1607817.0,848764.0,759053.0,156075.0,138239.0,294314.0,186964.0,163497.0,350461.0,0.0,0.0,0.0,394032.0,236567.0,630599.0,462264.0,24982.0,487246.0,191830.0,4314.0,196144.0,125992.0,10884.0,136876.0,3893.0,191.0,4084.0,16.0,0.0,16.0,4254.0,598.0,4852.0,25301.0,917.0,26218.0,8607.0,78.0,8685.0,41505.0,792.0,42297.0,14867.0,260.0,15127.0,45999.0,6948.0,52947.0,1592.0,27686.0,29278.0,384908.0,706385.0,1091293.0
20,04,197.19000244140625,220781.0,228219.0,1242781.0,685983.0,556798.0,105325.0,91545.0,196870.0,95971.0,81390.0,177361.0,0.0,0.0,0.0,434877.0,315154.0,750031.0,382088.0,18869.0,400957.0,8658.0,81.0,8739.0,23600.0,310.0,23910.0,6667.0,691.0,7358.0,0.0,0.0,0.0,1064.0,220.0,1284.0,159961.0,2584.0,162545.0,23531.0,266.0,23797.0,86289.0,1420.0,87709.0,25208.0,312.0,25520.0,47110.0,12985.0,60095.0,0.0,0.0,0.0,303895.0,537929.0,841824.0
20,05,327519.7900085449,337681.0,348018.0,2026787.0,1067093.0,959694.0,161580.0,143435.0,305015.0,420607.0,371491.0,792098.0,0.0,0.0,0.0,677935.0,500602.0,1178537.0,564009.0,30368.0,594377.0,133330.0,1162.0,134492.0,125014.0,6903.0,131917.0,3317.0,254.0,3571.0,19.0,0.0,19.0,16911.0,1486.0,18397.0,82218.0,1896.0,84114.0,18042.0,149.0,18191.0,75852.0,1907.0,77759.0,27434.0,495.0,27929.0,81872.0,16116.0,97988.0,1079.0,11681.0,12760.0,502005.0,917645.0,1419650.0
20,06,162741.0,108408.0,111354.0,646647.0,341030.0,305617.0,54946.0,48294.0,103240.0,100931.0,89553.0,190484.0,0.0,0.0,0.0,200341.0,143668.0,344009.0,183886.0,10553.0,194439.0,59403.0,1358.0,60761.0,37836.0,2925.0,40761.0,1166.0,70.0,1236.0,2.0,0.0,2.0,2414.0,342.0,2756.0,28619.0,551.0,29170.0,5020.0,206.0,5226.0,19366.0,512.0,19878.0,6137.0,97.0,6234.0,23923.0,4492.0,28415.0,419.0,7026.0,7445.0,156725.0,288038.0,444763.0
20,07,386218.78999328613,254763.0,258718.0,1455028.0,758125.0,696903.0,118773.0,105396.0,224169.0,255946.0,228930.0,484876.0,0.0,0.0,0.0,507058.0,363680.0,870738.0,385054.0,20050.0,405104.0,121278.0,2031.0,123309.0,90956.0,4462.0,95418.0,4288.0,250.0,4538.0,53.0,1.0,54.0,8580.0,1109.0,9689.0,30751.0,1337.0,32088.0,12891.0,233.0,13124.0,34121.0,736.0,34857.0,13832.0,86.0,13918.0,68304.0,9805.0,78109.0,1753.0,13005.0,14758.0,371318.0,663848.0,1035166.0
20,08,207748.10000610352,160258.0,161186.0,915603.0,489671.0,425932.0,78115.0,69111.0,147226.0,121131.0,103851.0,224982.0,0.0,0.0,0.0,314649.0,208892.0,523541.0,255372.0,13861.0,269233.0,76136.0,1549.0,77685.0,41933.0,835.0,42768.0,983.0,58.0,1041.0,67.0,0.0,67.0,4063.0,244.0,4307.0,28918.0,1067.0,29985.0,6245.0,410.0,6655.0,22182.0,474.0,22656.0,12401.0,127.0,12528.0,62444.0,9097.0,71541.0,432.0,5682.0,6114.0,233867.0,406389.0,640256.0
20,09,450023.11000061035,297591.0,313399.0,1896242.0,1008576.0,887666.0,168969.0,147001.0,315970.0,239472.0,208135.0,447607.0,0.0,0.0,0.0,553520.0,372763.0,926283.0,537501.0,25692.0,563193.0,166835.0,926.0,167761.0,128125.0,4588.0,132713.0,5197.0,285.0,5482.0,152.0,0.0,152.0,9021.0,1321.0,10342.0,56611.0,1886.0,58497.0,14906.0,436.0,15342.0,62288.0,1511.0,63799.0,21362.0,229.0,21591.0,73004.0,14510.0,87514.0,1277.0,7276.0,8553.0,469798.0,854698.0,1324496.0
20,10,485582.6300048828,274613.0,279139.0,1710120.0,914361.0,795759.0,150866.0,131694.0,282560.0,246360.0,212496.0,458856.0,0.0,0.0,0.0,407478.0,251437.0,658915.0,513229.0,15296.0,528525.0,216896.0,1901.0,218797.0,133565.0,3906.0,137471.0,3991.0,151.0,4142.0,6.0,0.0,6.0,6904.0,537.0,7441.0,35385.0,920.0,36305.0,9204.0,86.0,9290.0,46888.0,727.0,47615.0,15027.0,95.0,15122.0,45363.0,6973.0,52336.0,962.0,21657.0,22619.0,400170.0,758806.0,1158976.0
20,11,532991.3599853516,254848.0,261928.0,1559963.0,829849.0,730114.0,138099.0,119406.0,257505.0,243765.0,212831.0,456596.0,0.0,0.0,0.0,349676.0,210759.0,560435.0,465552.0,20434.0,485986.0,208162.0,2465.0,210627.0,117609.0,7730.0,125339.0,4208.0,135.0,4343.0,15.0,1.0,16.0,5885.0,600.0,6485.0,23098.0,932.0,24030.0,9400.0,152.0,9552.0,40548.0,654.0,41202.0,12645.0,139.0,12784.0,43982.0,7626.0,51608.0,1423.0,32426.0,33849.0,362874.0,677254.0,1040128.0
20,12,572588.8099975586,280365.0,283643.0,1730876.0,919680.0,811196.0,149260.0,128806.0,278066.0,315679.0,274219.0,589898.0,0.0,0.0,0.0,434769.0,283202.0,717971.0,512722.0,27202.0,539924.0,199895.0,3845.0,203740.0,152435.0,10799.0,163234.0,2071.0,93.0,2164.0,15.0,0.0,15.0,5611.0,716.0,6327.0,28461.0,1026.0,29487.0,6643.0,111.0,6754.0,44637.0,659.0,45296.0,14097.0,73.0,14170.0,58857.0,9880.0,68737.0,903.0,23591.0,24494.0,406055.0,760403.0,1166458.0
21,01,1998223.949575901,398028.0,400878.0,2502991.0,1334054.0,1168937.0,258130.0,230841.0,488971.0,389090.0,345347.0,734437.0,4713.0,3858.0,8571.0,599312.0,251022.0,850334.0,692144.0,62767.0,754911.0,358086.0,36356.0,394442.0,116942.0,15250.0,132192.0,12326.0,489.0,12815.0,271.0,1.0,272.0,8292.0,925.0,9217.0,36890.0,2142.0,39032.0,11154.0,527.0,11681.0,59185.0,723.0,59908.0,16809.0,100.0,16909.0,72189.0,6254.0,78443.0,6529.0,169956.0,176485.0,635381.0,936214.0,1571595.0
21,02,2624685.479996338,181262.0,182063.0,1211140.0,642550.0,568590.0,127032.0,116080.0,243112.0,119740.0,106056.0,225796.0,1883.0,1312.0,3195.0,281624.0,122301.0,403925.0,310257.0,51643.0,361900.0,157738.0,36576.0,194314.0,16345.0,3608.0,19953.0,6992.0,784.0,7776.0,1759.0,291.0,2050.0,5698.0,1415.0,7113.0,18560.0,2029.0,20589.0,17655.0,450.0,18105.0,29808.0,787.0,30595.0,12888.0,161.0,13049.0,42814.0,5542.0,48356.0,5164.0,67009.0,72173.0,327129.0,449938.0,777067.0
21,03,1659725.100162983,224864.0,225336.0,1543211.0,796736.0,746475.0,174374.0,157632.0,332006.0,162399.0,148295.0,310694.0,4178.0,3641.0,7819.0,319254.0,101993.0,421247.0,368677.0,94301.0,462978.0,245790.0,84823.0,330613.0,17382.0,4001.0,21383.0,3766.0,513.0,4279.0,519.0,36.0,555.0,6833.0,1009.0,7842.0,14354.0,515.0,14869.0,10215.0,56.0,10271.0,29888.0,361.0,30249.0,9862.0,41.0,9903.0,30068.0,2946.0,33014.0,7480.0,124769.0,132249.0,420579.0,527405.0,947984.0
21,04,578502.091304779,230109.0,233673.0,1582421.0,819448.0,762973.0,172226.0,154963.0,327189.0,126299.0,116988.0,243287.0,15823.0,14705.0,30528.0,442194.0,155274.0,597468.0,338621.0,47633.0,386254.0,175458.0,38960.0,214418.0,30662.0,3210.0,33872.0,2712.0,159.0,2871.0,10038.0,70.0,10108.0,8960.0,1117.0,10077.0,14928.0,670.0,15598.0,12790.0,97.0,12887.0,22397.0,251.0,22648.0,7919.0,15.0,7934.0,52757.0,3084.0,55841.0,11675.0,130968.0,142643.0,469152.0,584372.0,1053524.0
21,05,856200.4703483582,341189.0,350550.0,2296580.0,1221534.0,1075046.0,255502.0,233656.0,489158.0,216377.0,191934.0,408311.0,98841.0,86207.0,185048.0,589124.0,189691.0,778815.0,568098.0,129499.0,697597.0,340118.0,105470.0,445588.0,40003.0,12718.0,52721.0,6895.0,576.0,7471.0,3547.0,194.0,3741.0,10476.0,1837.0,12313.0,38405.0,1490.0,39895.0,11590.0,301.0,11891.0,36845.0,537.0,37382.0,15137.0,59.0,15196.0,65082.0,6317.0,71399.0,15350.0,214169.0,229519.0,638086.0,731378.0,1369464.0
21,06,491486.040143013,245029.0,247803.0,1651584.0,901553.0,750031.0,189292.0,166397.0,355689.0,196115.0,161234.0,357349.0,20787.0,17425.0,38212.0,442371.0,114373.0,556744.0,408628.0,38071.0,446699.0,249585.0,22291.0,271876.0,34909.0,8838.0,43747.0,4656.0,158.0,4814.0,3368.0,49.0,3417.0,5683.0,906.0,6589.0,19613.0,840.0,20453.0,9425.0,179.0,9604.0,25577.0,430.0,26007.0,10569.0,71.0,10640.0,45243.0,4309.0,49552.0,4025.0,123641.0,127666.0,488900.0,588319.0,1077219.0
21,07,294539.48018836975,104837.0,108329.0,749479.0,417458.0,332021.0,89366.0,78175.0,167541.0,84649.0,66509.0,151158.0,19034.0,15395.0,34429.0,165527.0,38701.0,204228.0,198661.0,7278.0,205939.0,142735.0,4009.0,146744.0,11840.0,1611.0,13451.0,1097.0,43.0,1140.0,3937.0,11.0,3948.0,1865.0,240.0,2105.0,5266.0,91.0,5357.0,3037.0,36.0,3073.0,8577.0,91.0,8668.0,2678.0,10.0,2688.0,17629.0,1136.0,18765.0,1110.0,14653.0,15763.0,217687.0,310090.0,527777.0
21,08,1041864.2701468468,305311.0,309440.0,1962143.0,1058208.0,903935.0,218881.0,193117.0,411998.0,230858.0,198113.0,428971.0,238718.0,204079.0,442797.0,458308.0,104107.0,562415.0,491698.0,100158.0,591856.0,317885.0,73779.0,391664.0,31481.0,17946.0,49427.0,6806.0,775.0,7581.0,9775.0,59.0,9834.0,6739.0,1147.0,7886.0,18241.0,2007.0,20248.0,12376.0,414.0,12790.0,30404.0,363.0,30767.0,12843.0,73.0,12916.0,45148.0,3595.0,48743.0,7228.0,154475.0,161703.0,559282.0,649302.0,1208584.0
21,09,1327541.4499341547,719294.0,729333.0,4722551.0,2496799.0,2225752.0,493249.0,456513.0,949762.0,403520.0,362883.0,766403.0,282225.0,249427.0,531652.0,1298914.0,507655.0,1806569.0,1159170.0,261293.0,1420463.0,466382.0,181909.0,648291.0,57434.0,25903.0,83337.0,19024.0,3466.0,22490.0,5748.0,686.0,6434.0,38774.0,7479.0,46253.0,132898.0,6163.0,139061.0,54460.0,3106.0,57566.0,143037.0,4214.0,147251.0,57873.0,709.0,58582.0,183540.0,27658.0,211198.0,10572.0,183992.0,194564.0,1327057.0,1780467.0,3107524.0
21,10,762861.8390688896,253554.0,260916.0,1842914.0,947232.0,895682.0,213186.0,192817.0,406003.0,133681.0,124421.0,258102.0,25622.0,23265.0,48887.0,470771.0,139737.0,610508.0,398986.0,63070.0,462056.0,213855.0,51200.0,265055.0,27778.0,4516.0,32294.0,4304.0,410.0,4714.0,1182.0,17.0,1199.0,12772.0,2384.0,15156.0,21715.0,1234.0,22949.0,22567.0,160.0,22727.0,34341.0,273.0,34614.0,13165.0,23.0,13188.0,47307.0,2853.0,50160.0,7538.0,113738.0,121276.0,540708.0,718874.0,1259582.0
21,11,813927.4211521149,297521.0,300084.0,1726534.0,899980.0,826554.0,166624.0,152162.0,318786.0,166094.0,153488.0,319582.0,20923.0,18756.0,39679.0,504467.0,232987.0,737454.0,448422.0,169112.0,617534.0,173771.0,104689.0,278460.0,31001.0,32456.0,63457.0,15584.0,5590.0,21174.0,2096.0,385.0,2481.0,9798.0,3531.0,13329.0,55971.0,6353.0,62324.0,16088.0,1410.0,17498.0,50969.0,1733.0,52702.0,24709.0,528.0,25237.0,68435.0,12437.0,80872.0,5161.0,61125.0,66286.0,446397.0,596317.0,1042714.0
21,12,708595.799446106,147241.0,155333.0,974338.0,506556.0,467782.0,99633.0,92782.0,192415.0,102321.0,94547.0,196868.0,60932.0,54719.0,115651.0,206116.0,57180.0,263296.0,251540.0,97954.0,349494.0,143837.0,65570.0,209407.0,22206.0,19932.0,42138.0,11507.0,2688.0,14195.0,499.0,63.0,562.0,7322.0,1582.0,8904.0,14162.0,4088.0,18250.0,4998.0,510.0,5508.0,15481.0,417.0,15898.0,5811.0,14.0,5543.0,25717.0,3088.0,28805.0,2897.0,52266.0,55163.0,252119.0,317562.0,569681.0
21,13,3934840.710746765,60052.0,61368.0,344517.0,190687.0,153830.0,37342.0,31779.0,69121.0,27008.0,23133.0,50141.0,8986.0,7711.0,16697.0,68993.0,13766.0,82759.0,92145.0,9426.0,101571.0,41998.0,4912.0,46910.0,7235.0,1171.0,8406.0,7834.0,573.0,8407.0,1303.0,398.0,1701.0,1786.0,363.0,2149.0,2499.0,423.0,2922.0,5515.0,605.0,6120.0,4266.0,145.0,4411.0,2704.0,12.0,2716.0,17005.0,824.0,17829.0,3353.0,22038.0,25391.0,95189.0,122366.0,217555.0
21,14,2214138.977016449,330479.0,345112.0,2153483.0,1138537.0,1014946.0,221740.0,202433.0,424173.0,173400.0,155520.0,328920.0,32088.0,28731.0,60819.0,520173.0,183479.0,703652.0,538066.0,122549.0,660615.0,263004.0,89537.0,352541.0,29322.0,15730.0,45052.0,7174.0,1011.0,8185.0,10334.0,539.0,10873.0,11843.0,2072.0,13915.0,39408.0,1405.0,40813.0,22067.0,699.0,22766.0,48197.0,1394.0,49591.0,22011.0,225.0,22236.0,84706.0,9937.0,94643.0,7835.0,117327.0,125162.0,592636.0,775070.0,1367706.0
21,15,1734227.2188472748,324514.0,326624.0,2144810.0,1104576.0,1040234.0,229291.0,210514.0,439805.0,219500.0,203773.0,423273.0,2641.0,2155.0,4796.0,431936.0,110258.0,542194.0,523622.0,193475.0,717097.0,327216.0,163677.0,490893.0,37775.0,20317.0,58092.0,6111.0,1263.0,7374.0,6291.0,341.0,6632.0,14567.0,2365.0,16932.0,26097.0,861.0,26958.0,12485.0,399.0,12884.0,36107.0,555.0,36662.0,12176.0,57.0,12233.0,44797.0,3640.0,48437.0,8936.0,126333.0,135269.0,572018.0,720426.0,1292444.0
21,16,1187138.5089797974,278003.0,280435.0,1486432.0,759816.0,726616.0,153940.0,137952.0,291892.0,140930.0,128806.0,269736.0,42242.0,38023.0,80265.0,329716.0,99893.0,429609.0,362236.0,106444.0,468680.0,173599.0,57900.0,231499.0,44824.0,37082.0,81906.0,17570.0,2080.0,19650.0,1471.0,475.0,1946.0,12617.0,2201.0,14818.0,30657.0,1405.0,32062.0,10086.0,637.0,10723.0,29733.0,821.0,30554.0,9431.0,47.0,9478.0,32248.0,3796.0,36044.0,4521.0,93709.0,98230.0,393059.0,526463.0,919522.0
21,17,2811359.1699943542,238923.0,241322.0,1435222.0,759077.0,676145.0,152723.0,137648.0,290371.0,119247.0,106077.0,225324.0,44626.0,39606.0,84232.0,221704.0,41362.0,263066.0,380954.0,100880.0,481834.0,292050.0,89453.0,381503.0,12936.0,4675.0,17611.0,4499.0,1867.0,6366.0,738.0,11.0,749.0,6007.0,1426.0,7433.0,14472.0,793.0,15265.0,5005.0,145.0,5150.0,16931.0,433.0,17364.0,6038.0,26.0,6064.0,22278.0,2051.0,24329.0,10151.0,145159.0,155310.0,367972.0,430106.0,798078.0
21,18,1048513.8720741272,192784.0,193988.0,1142563.0,588457.0,554106.0,125866.0,114379.0,240245.0,106934.0,96307.0,203241.0,51096.0,45228.0,96324.0,180278.0,34099.0,214377.0,289193.0,76297.0,365490.0,198304.0,52862.0,251166.0,31064.0,18751.0,49815.0,7458.0,850.0,8308.0,470.0,27.0,497.0,8451.0,1268.0,9719.0,6732.0,218.0,6950.0,3470.0,362.0,3832.0,15782.0,499.0,16281.0,2913.0,43.0,2956.0,14549.0,1417.0,15966.0,7221.0,98579.0,105800.0,292043.0,379230.0,671273.0
21,19,506667.0089325905,124990.0,126374.0,654029.0,335517.0,318512.0,67769.0,62208.0,129977.0,66009.0,59854.0,125863.0,78928.0,74077.0,153005.0,123809.0,43558.0,167367.0,165555.0,38835.0,204390.0,68932.0,13152.0,82084.0,24071.0,18917.0,42988.0,9480.0,1233.0,10713.0,1072.0,255.0,1327.0,4692.0,818.0,5510.0,10797.0,438.0,11235.0,5876.0,481.0,6357.0,15104.0,817.0,15921.0,6088.0,75.0,6163.0,19443.0,2649.0,22092.0,3342.0,43343.0,46685.0,166620.0,236334.0,402954.0
21,20,1004668.7810964584,298216.0,313562.0,1593128.0,819159.0,773969.0,149906.0,142832.0,292738.0,140732.0,131982.0,272714.0,74992.0,68756.0,143748.0,307507.0,104108.0,411615.0,454740.0,188639.0,643379.0,278312.0,146260.0,424572.0,26839.0,25048.0,51887.0,13607.0,5026.0,18633.0,8290.0,722.0,9012.0,9384.0,2293.0,11677.0,38980.0,1607.0,40587.0,8201.0,716.0,8917.0,28620.0,958.0,29578.0,10676.0,131.0,10807.0,31831.0,5878.0,37709.0,4982.0,96038.0,101020.0,359437.0,489292.0,848729.0
21,21,1578621.4208874702,562337.0,564872.0,2889301.0,1470028.0,1419273.0,275133.0,262507.0,537640.0,123404.0,116860.0,240264.0,539813.0,523258.0,1063071.0,588776.0,219751.0,808527.0,766942.0,187016.0,953958.0,452207.0,115255.0,567462.0,53811.0,43642.0,97453.0,8607.0,2303.0,10910.0,19170.0,1800.0,20970.0,12360.0,3048.0,15408.0,51170.0,2257.0,53427.0,19110.0,1932.0,21042.0,60251.0,2164.0,62415.0,22843.0,413.0,23256.0,67413.0,14202.0,81615.0,13934.0,282676.0,296610.0,689152.0,949581.0,1638733.0
21,22,1014570.5106887817,292154.0,294141.0,1484190.0,761285.0,722905.0,137369.0,130620.0,267989.0,111345.0,105754.0,217099.0,154182.0,146789.0,300971.0,315374.0,101586.0,416960.0,420944.0,194273.0,615217.0,280961.0,150085.0,431046.0,27941.0,31803.0,59744.0,6273.0,1876.0,8149.0,7375.0,821.0,8196.0,7095.0,2105.0,9200.0,18687.0,1168.0,19855.0,8568.0,644.0,9212.0,23902.0,881.0,24783.0,8440.0,178.0,8618.0,31702.0,4712.0,36414.0,5146.0,107381.0,112527.0,335195.0,421251.0,756446.0
21,23,353835.0493917465,155199.0,156399.0,874549.0,438324.0,436225.0,87587.0,85350.0,172937.0,20349.0,19950.0,40299.0,288537.0,287268.0,575805.0,160325.0,54027.0,214352.0,219545.0,44969.0,264514.0,156817.0,20199.0,177016.0,16355.0,19770.0,36125.0,1688.0,223.0,1911.0,1768.0,423.0,2191.0,3429.0,707.0,4136.0,5858.0,204.0,6062.0,3216.0,274.0,3490.0,12687.0,309.0,12996.0,3270.0,11.0,3281.0,14457.0,2849.0,17306.0,5381.0,120646.0,126027.0,213398.0,270610.0,484008.0
21,24,505048.39030241966,198954.0,199788.0,1155600.0,586855.0,568745.0,123417.0,120443.0,243860.0,29346.0,28467.0,57813.0,429062.0,419988.0,849050.0,176870.0,60169.0,237039.0,297003.0,78574.0,375577.0,232292.0,51583.0,283875.0,14642.0,20517.0,35159.0,4166.0,301.0,4467.0,455.0,115.0,570.0,3765.0,931.0,4696.0,6607.0,254.0,6861.0,3808.0,314.0,4122.0,12630.0,401.0,13031.0,3036.0,45.0,3081.0,15602.0,4113.0,19715.0,7465.0,153081.0,160546.0,282387.0,337090.0,619477.0
21,25,565045.2695331573,133258.0,137695.0,770248.0,407826.0,362422.0,82328.0,75364.0,157692.0,76883.0,67876.0,144759.0,82979.0,73022.0,156001.0,154301.0,46310.0,200611.0,208247.0,55286.0,263533.0,124466.0,33677.0,158143.0,19223.0,13530.0,32753.0,7736.0,1033.0,8769.0,7923.0,1932.0,9855.0,2414.0,452.0,2866.0,10332.0,1318.0,11650.0,3947.0,331.0,4278.0,12269.0,514.0,12783.0,4186.0,33.0,4219.0,15751.0,2466.0,18217.0,2708.0,43198.0,45906.0,196871.0,263938.0,460809.0
21,26,1184404.669511795,349610.0,360075.0,2028579.0,1074987.0,953592.0,212322.0,195485.0,407807.0,212054.0,187974.0,400028.0,152044.0,135109.0,287153.0,552340.0,223773.0,776113.0,525026.0,112231.0,637257.0,219238.0,40957.0,260195.0,62005.0,41741.0,103746.0,12097.0,966.0,13063.0,16049.0,5150.0,21199.0,5607.0,2421.0,8028.0,48706.0,4761.0,53467.0,19121.0,1602.0,20723.0,52625.0,1940.0,54565.0,20923.0,411.0,21334.0,68655.0,12282.0,80937.0,5469.0,91600.0,97069.0,544492.0,749761.0,1294253.0
21,27,620787.1002149582,160713.0,163825.0,956971.0,498934.0,458037.0,95244.0,89938.0,185182.0,86434.0,78434.0,164868.0,59714.0,54120.0,113834.0,194668.0,59552.0,254220.0,267379.0,98635.0,366014.0,171905.0,58777.0,230682.0,36018.0,34206.0,70224.0,4068.0,230.0,4298.0,2437.0,495.0,2932.0,4003.0,1076.0,5079.0,9966.0,667.0,10633.0,3438.0,212.0,3650.0,13456.0,408.0,13864.0,3695.0,24.0,3719.0,18393.0,2540.0,20933.0,2696.0,49380.0,52076.0,228859.0,310022.0,538881.0
22,01,39035.409912109375,6608.0,6624.0,31206.0,17056.0,14150.0,3309.0,3177.0,6486.0,597.0,514.0,1111.0,9004.0,8297.0,17301.0,8737.0,4465.0,13202.0,9131.0,4237.0,13368.0,3700.0,2498.0,6198.0,1429.0,574.0,2003.0,370.0,50.0,420.0,1.0,0.0,1.0,142.0,32.0,174.0,85.0,49.0,134.0,1175.0,486.0,1661.0,341.0,69.0,410.0,118.0,5.0,123.0,1770.0,474.0,2244.0,39.0,345.0,384.0,7886.0,9568.0,17454.0
22,02,43496.170066833496,34201.0,34241.0,178452.0,95986.0,82466.0,15723.0,14904.0,30627.0,6486.0,5996.0,12482.0,19776.0,17856.0,37632.0,58672.0,37607.0,96279.0,47527.0,18744.0,66271.0,15867.0,10160.0,26027.0,3981.0,1585.0,5566.0,1681.0,496.0,2177.0,266.0,24.0,290.0,537.0,71.0,608.0,3020.0,699.0,3719.0,5909.0,1122.0,7031.0,5018.0,727.0,5745.0,2050.0,110.0,2160.0,9198.0,3750.0,12948.0,687.0,1759.0,2446.0,47772.0,61963.0,109735.0
22,03,39847.14991378784,17647.0,17673.0,97203.0,51375.0,45828.0,9341.0,8982.0,18323.0,2804.0,2723.0,5527.0,8419.0,7797.0,16216.0,26643.0,16188.0,42831.0,26466.0,14050.0,40516.0,17055.0,11517.0,28572.0,1429.0,650.0,2079.0,636.0,233.0,869.0,38.0,0.0,38.0,234.0,41.0,275.0,913.0,198.0,1111.0,1680.0,222.0,1902.0,1327.0,181.0,1508.0,491.0,7.0,498.0,2663.0,1001.0,3664.0,141.0,825.0,966.0,24768.0,30953.0,55721.0
22,04,42543.23993682861,17497.0,17506.0,98161.0,51246.0,46915.0,9473.0,9444.0,18917.0,2518.0,2409.0,4927.0,10075.0,9222.0,19297.0,22941.0,13211.0,36152.0,26444.0,17057.0,43501.0,19112.0,14564.0,33676.0,1978.0,1193.0,3171.0,566.0,83.0,649.0,24.0,5.0,29.0,170.0,33.0,203.0,316.0,72.0,388.0,956.0,97.0,1053.0,781.0,150.0,931.0,210.0,7.0,217.0,2331.0,853.0,3184.0,70.0,460.0,530.0,24732.0,29398.0,54130.0
23,02,764877.8316159844,982583.0,1007770.0,4651572.0,2373665.0,2277907.0,337058.0,326827.0,663885.0,611357.0,596147.0,1207504.0,29218.0,28452.0,57670.0,1569748.0,1077533.0,2647281.0,1267247.0,423840.0,1691087.0,218938.0,54537.0,273475.0,317887.0,250784.0,568671.0,21358.0,2059.0,23417.0,2929.0,1231.0,4160.0,49856.0,15048.0,64904.0,218580.0,24819.0,243399.0,50936.0,4115.0,55051.0,135573.0,14967.0,150540.0,71905.0,3322.0,75227.0,179285.0,52958.0,232243.0,7282.0,72067.0,79349.0,1099136.0,1782000.0,2881136.0
23,03,642396.0106930733,592382.0,617386.0,3026432.0,1529944.0,1496488.0,226125.0,217448.0,443573.0,315119.0,312199.0,627318.0,25384.0,24473.0,49857.0,950943.0,621349.0,1572292.0,827726.0,320316.0,1148042.0,210640.0,58094.0,268734.0,199411.0,179359.0,378770.0,5403.0,1339.0,6742.0,1749.0,520.0,2269.0,55297.0,24774.0,80071.0,107341.0,17879.0,125220.0,25362.0,2040.0,27402.0,87420.0,5821.0,93241.0,36889.0,654.0,37543.0,98214.0,29836.0,128050.0,5124.0,70077.0,75201.0,697094.0,1106095.0,1803189.0
23,04,1013508.477039814,506477.0,513879.0,2428182.0,1250469.0,1177713.0,201050.0,181935.0,382985.0,177864.0,169573.0,347437.0,24760.0,22924.0,47684.0,600474.0,340888.0,941362.0,712837.0,357333.0,1070170.0,364560.0,132493.0,497053.0,170480.0,189354.0,359834.0,6152.0,1165.0,7317.0,3591.0,913.0,4504.0,6209.0,4027.0,10236.0,38654.0,5639.0,44293.0,11421.0,793.0,12214.0,45373.0,5236.0,50609.0,16935.0,212.0,17147.0,49462.0,17501.0,66963.0,2699.0,83034.0,85733.0,534933.0,737346.0,1272279.0
23,05,568652.0995597839,421085.0,433257.0,2030187.0,1023558.0,1006629.0,158759.0,153078.0,311837.0,219942.0,215464.0,435406.0,31763.0,30243.0,62006.0,577503.0,335527.0,913030.0,562367.0,314694.0,877061.0,257401.0,84283.0,341684.0,154829.0,199761.0,354590.0,5632.0,1649.0,7281.0,815.0,280.0,1095.0,26407.0,7625.0,34032.0,23832.0,2808.0,26640.0,7740.0,1227.0,8967.0,33476.0,2677.0,36153.0,10838.0,170.0,11008.0,41397.0,14214.0,55611.0,3478.0,45460.0,48938.0,457713.0,646475.0,1104188.0
23,06,1100480.7006223798,1030433.0,1040133.0,4878433.0,2478944.0,2399489.0,375509.0,364408.0,739917.0,673266.0,650033.0,1323299.0,29469.0,28540.0,58009.0,1379572.0,807897.0,2187469.0,1360695.0,600431.0,1961126.0,542358.0,133186.0,675544.0,465412.0,412974.0,878386.0,16671.0,1410.0,18081.0,24027.0,1556.0,25583.0,22850.0,6029.0,28879.0,56565.0,3354.0,59919.0,18029.0,1577.0,19606.0,78939.0,7766.0,86705.0,29760.0,580.0,30340.0,106084.0,31999.0,138083.0,6807.0,162789.0,169596.0,1111442.0,1636269.0,2747711.0
23,07,888016.3184976578,962377.0,962879.0,3896382.0,2011917.0,1884465.0,255571.0,216877.0,472448.0,335426.0,315333.0,650759.0,69475.0,66651.0,136126.0,1134229.0,691229.0,1825458.0,1223298.0,579841.0,1803139.0,325632.0,139409.0,465041.0,314848.0,303667.0,618515.0,11441.0,5569.0,17010.0,7747.0,1961.0,9708.0,73973.0,31509.0,105482.0,196986.0,41540.0,238526.0,29176.0,4710.0,33886.0,108072.0,14371.0,122443.0,57611.0,919.0,58530.0,97812.0,36186.0,133998.0,4117.0,111570.0,115687.0,784502.0,1193054.0,1977556.0
23,08,839780.1862335205,605546.0,606717.0,2320263.0,1185256.0,1135007.0,126642.0,117681.0,244323.0,203386.0,194737.0,398123.0,9780.0,9414.0,19194.0,693866.0,423030.0,1116896.0,772522.0,379888.0,1152410.0,195335.0,78900.0,274235.0,234795.0,215241.0,450036.0,5542.0,1560.0,7102.0,1129.0,399.0,1528.0,31538.0,15406.0,46944.0,109618.0,30016.0,139634.0,21843.0,5105.0,26948.0,80813.0,9376.0,90189.0,32697.0,1286.0,33983.0,59212.0,22599.0,81811.0,2233.0,58917.0,61150.0,410501.0,696202.0,1106703.0
23,09,178424.09033203125,156733.0,156900.0,710214.0,358129.0,352085.0,42382.0,41023.0,83405.0,107531.0,107067.0,214598.0,12711.0,12337.0,25048.0,258247.0,191200.0,449447.0,182362.0,98686.0,281048.0,8675.0,2247.0,10922.0,14745.0,10247.0,24992.0,81549.0,69082.0,150631.0,335.0,131.0,466.0,413.0,134.0,547.0,15226.0,2325.0,17551.0,5743.0,1633.0,7376.0,15520.0,1265.0,16785.0,6774.0,175.0,6949.0,33382.0,11447.0,44829.0,1751.0,6070.0,7821.0,174016.0,247329.0,421345.0
23,10,715510.4300537109,858566.0,859973.0,3508374.0,1797189.0,1711185.0,193821.0,187204.0,381025.0,290780.0,284499.0,575279.0,13456.0,12702.0,26158.0,1225782.0,849241.0,2075023.0,1121047.0,431029.0,1552076.0,136520.0,49042.0,185562.0,240334.0,215366.0,455700.0,26302.0,23037.0,49339.0,1605.0,584.0,2189.0,34052.0,12099.0,46151.0,311072.0,56047.0,367119.0,43703.0,9488.0,53191.0,151264.0,17439.0,168703.0,57879.0,2612.0,60491.0,118316.0,45315.0,163631.0,1919.0,29457.0,31376.0,674223.0,1250699.0,1924922.0
23,11,600228.8293418884,407603.0,407855.0,1760470.0,890725.0,869745.0,113431.0,105952.0,219383.0,173094.0,168604.0,341698.0,4904.0,4607.0,9511.0,537800.0,335654.0,873454.0,529854.0,302560.0,832414.0,149851.0,66660.0,216511.0,181815.0,184501.0,366316.0,16286.0,8759.0,25045.0,822.0,250.0,1072.0,12064.0,6591.0,18655.0,40198.0,6628.0,46826.0,8772.0,1741.0,10513.0,56376.0,6223.0,62599.0,15061.0,369.0,15430.0,48609.0,20838.0,69447.0,1568.0,30709.0,32277.0,359303.0,536476.0,895779.0
23,12,1121682.0776468068,960062.0,962835.0,4129826.0,2081590.0,2048236.0,271503.0,259243.0,530746.0,397149.0,393319.0,790468.0,14419.0,13883.0,28302.0,1327887.0,875832.0,2203719.0,1198000.0,599368.0,1797368.0,423444.0,176812.0,600256.0,312643.0,333614.0,646257.0,4135.0,1380.0,5515.0,2200.0,622.0,2822.0,34639.0,17879.0,52518.0,126126.0,17192.0,143318.0,22520.0,2738.0,25258.0,124694.0,10321.0,135015.0,46308.0,1586.0,47894.0,101291.0,37224.0,138515.0,4962.0,113543.0,118505.0,878628.0,1335325.0,2213953.0
23,13,792674.7609833404,998065.0,1015938.0,4531457.0,2273597.0,2257860.0,305276.0,295555.0,600831.0,552770.0,542704.0,1095474.0,4938.0,4874.0,9812.0,1520266.0,1074739.0,2595005.0,1266121.0,438958.0,1705079.0,326934.0,50619.0,377553.0,508796.0,325190.0,833986.0,21331.0,617.0,21948.0,386.0,33.0,419.0,23101.0,9226.0,32327.0,68799.0,5180.0,73979.0,24451.0,1203.0,25654.0,135007.0,11172.0,146179.0,35565.0,781.0,36346.0,121751.0,34937.0,156688.0,11186.0,122502.0,133688.0,996290.0,1696400.0,2692690.0
23,14,456407.0397577286,271825.0,274489.0,1327148.0,661782.0,665366.0,92393.0,90203.0,182596.0,111826.0,111402.0,223228.0,399.0,370.0,769.0,408700.0,250897.0,659597.0,363037.0,153798.0,516835.0,186962.0,64219.0,251181.0,64225.0,69363.0,133588.0,4338.0,437.0,4775.0,1563.0,568.0,2131.0,5202.0,2144.0,7346.0,26143.0,3613.0,29756.0,5498.0,534.0,6032.0,33191.0,1812.0,35003.0,7043.0,184.0,7227.0,28872.0,10924.0,39796.0,4651.0,65768.0,70419.0,294094.0,445800.0,739894.0
23,15,407912.3994960785,241659.0,242059.0,1078190.0,530495.0,547695.0,71557.0,68540.0,140097.0,85130.0,87639.0,172769.0,608.0,590.0,1198.0,353036.0,238345.0,591381.0,287778.0,135957.0,423735.0,130300.0,55528.0,185828.0,61651.0,61243.0,122894.0,1804.0,545.0,2349.0,162.0,46.0,208.0,2608.0,1532.0,4140.0,21883.0,2555.0,24438.0,6300.0,804.0,7104.0,27261.0,2407.0,29668.0,8324.0,212.0,8536.0,27485.0,11085.0,38570.0,3068.0,70301.0,73369.0,239649.0,341437.0,581086.0
23,16,728296.0194683075,772409.0,775940.0,3448444.0,1755720.0,1692724.0,239848.0,220203.0,460051.0,255314.0,247703.0,503017.0,6588.0,6149.0,12737.0,1178511.0,806148.0,1984659.0,975933.0,478282.0,1454215.0,176945.0,72652.0,249597.0,326187.0,309812.0,635999.0,9663.0,3507.0,13170.0,2522.0,1383.0,3905.0,11474.0,8218.0,19692.0,115618.0,22207.0,137825.0,26098.0,2719.0,28817.0,150210.0,13737.0,163947.0,47981.0,1324.0,49305.0,109235.0,42723.0,151958.0,3403.0,59280.0,62683.0,776384.0,1155162.0,1931546.0
23,17,442583.2004747838,374136.0,375747.0,1565037.0,784912.0,780125.0,111450.0,105432.0,216882.0,145292.0,143609.0,288901.0,1460.0,1518.0,2978.0,509637.0,338490.0,848127.0,452608.0,297304.0,749912.0,92475.0,52643.0,145118.0,113915.0,131218.0,245133.0,4255.0,807.0,5062.0,944.0,207.0,1151.0,11905.0,16249.0,28154.0,101350.0,74198.0,175548.0,12877.0,806.0,13683.0,59094.0,4205.0,63299.0,14597.0,405.0,15002.0,41196.0,16566.0,57762.0,2085.0,31744.0,33829.0,330219.0,451077.0,781296.0
23,18,352737.0892791748,242186.0,244424.0,1144040.0,568670.0,575370.0,86515.0,83097.0,169612.0,103666.0,102953.0,206619.0,828.0,742.0,1570.0,360440.0,239739.0,600179.0,310969.0,142868.0,453837.0,149875.0,69957.0,219832.0,44778.0,52530.0,97308.0,19130.0,504.0,19634.0,39.0,0.0,39.0,6358.0,6164.0,12522.0,13554.0,1877.0,15431.0,4610.0,306.0,4916.0,36180.0,2251.0,38431.0,7026.0,100.0,7126.0,29419.0,9179.0,38598.0,2407.0,63509.0,65916.0,255294.0,368993.0,624287.0
23,19,416997.860868454,331734.0,334570.0,1455920.0,709760.0,746160.0,99165.0,95553.0,194718.0,124100.0,125971.0,250071.0,1567.0,1607.0,3174.0,500796.0,420091.0,920887.0,379331.0,197547.0,576878.0,75267.0,33557.0,108824.0,98385.0,94451.0,192836.0,16314.0,1037.0,17351.0,818.0,492.0,1310.0,6288.0,15033.0,21321.0,51238.0,28803.0,80041.0,11894.0,1026.0,12920.0,56663.0,3552.0,60215.0,21261.0,809.0,22070.0,41203.0,18787.0,59990.0,2026.0,26680.0,28706.0,328403.0,521933.0,850336.0
23,20,721239.0626487732,573747.0,578585.0,2501832.0,1229902.0,1271930.0,172369.0,164546.0,336915.0,218607.0,229047.0,447654.0,4445.0,4530.0,8975.0,819183.0,600578.0,1419761.0,662935.0,443108.0,1106043.0,181371.0,69886.0,251257.0,184055.0,165014.0,349069.0,13922.0,3369.0,17291.0,2149.0,301.0,2450.0,22847.0,144902.0,167749.0,67457.0,25212.0,92669.0,13706.0,600.0,14306.0,85244.0,4888.0,90132.0,21382.0,482.0,21864.0,70802.0,28454.0,99256.0,5896.0,68430.0,74326.0,561071.0,760392.0,1321463.0
23,21,170668.4393310547,323813.0,327516.0,1600349.0,803839.0,796510.0,101698.0,98657.0,200355.0,38339.0,38523.0,76862.0,2622.0,2601.0,5223.0,601724.0,547054.0,1148778.0,395041.0,69046.0,464087.0,57968.0,3599.0,61567.0,159305.0,18105.0,177410.0,32514.0,1482.0,33996.0,829.0,99.0,928.0,5177.0,8200.0,13377.0,23435.0,13402.0,36837.0,20406.0,118.0,20524.0,34998.0,3603.0,38601.0,15964.0,440.0,16404.0,44445.0,19998.0,64443.0,5262.0,18782.0,24044.0,403536.0,708682.0,1112218.0
24,01,290199.17039489746,241954.0,243067.0,1293861.0,665576.0,628285.0,116369.0,112229.0,228598.0,123318.0,116883.0,240201.0,165554.0,160291.0,325845.0,416677.0,284609.0,701286.0,316919.0,57696.0,374615.0,98683.0,16190.0,114873.0,65748.0,17569.0,83317.0,4684.0,1765.0,6449.0,1773.0,33.0,1806.0,4907.0,1753.0,6660.0,15455.0,1484.0,16939.0,6221.0,377.0,6598.0,33870.0,835.0,34705.0,13638.0,205.0,13843.0,71940.0,17485.0,89425.0,2675.0,14669.0,17344.0,345982.0,555920.0,901902.0
24,02,351987.4902076721,131766.0,132537.0,697330.0,359688.0,337642.0,66141.0,64024.0,130165.0,48210.0,45619.0,93829.0,101596.0,96379.0,197975.0,204719.0,137651.0,342370.0,174469.0,34804.0,209273.0,78157.0,16294.0,94451.0,30350.0,5890.0,36240.0,5874.0,3928.0,9802.0,353.0,78.0,431.0,1703.0,1034.0,2737.0,6151.0,752.0,6903.0,3492.0,154.0,3646.0,14161.0,413.0,14574.0,5811.0,82.0,5893.0,28417.0,6179.0,34596.0,3061.0,14451.0,17512.0,182158.0,288387.0,470545.0
24,03,391577.2322394848,148682.0,151055.0,766014.0,392666.0,373348.0,70214.0,68145.0,138359.0,59988.0,57098.0,117086.0,167075.0,162450.0,329525.0,201006.0,121318.0,322324.0,174899.0,43276.0,218175.0,77710.0,18489.0,96199.0,49984.0,17997.0,67981.0,1939.0,401.0,2340.0,88.0,1.0,89.0,1323.0,664.0,1987.0,3965.0,436.0,4401.0,1466.0,42.0,1508.0,11930.0,412.0,12342.0,2430.0,27.0,2457.0,24064.0,4807.0,28871.0,2161.0,19437.0,21598.0,215606.0,310635.0,526241.0
25,01,429730.52003875375,44282.0,45900.0,239709.0,124978.0,114731.0,22944.0,21957.0,44901.0,28082.0,26512.0,54594.0,1205.0,1095.0,2300.0,70134.0,21865.0,91999.0,63361.0,51632.0,114993.0,39565.0,49612.0,89177.0,1110.0,406.0,1516.0,3026.0,135.0,3161.0,61.0,11.0,72.0,609.0,210.0,819.0,864.0,49.0,913.0,2696.0,78.0,2774.0,2949.0,64.0,3013.0,690.0,2.0,692.0,11791.0,1065.0,12856.0,1609.0,4829.0,6438.0,60008.0,58270.0,118278.0
25,02,400185.83047525585,88641.0,89740.0,444895.0,222493.0,222402.0,42713.0,41354.0,84067.0,39493.0,38542.0,78035.0,4575.0,4811.0,9386.0,147523.0,73304.0,220827.0,99747.0,88689.0,188436.0,52863.0,84766.0,137629.0,1130.0,440.0,1570.0,2836.0,122.0,2958.0,76.0,0.0,76.0,854.0,1191.0,2045.0,1888.0,298.0,2186.0,4842.0,112.0,4954.0,5909.0,68.0,5977.0,2043.0,12.0,2055.0,27306.0,1680.0,28986.0,2935.0,17247.0,20182.0,119811.0,116466.0,236277.0
25,03,176673.63005423546,111905.0,112842.0,580153.0,281934.0,298219.0,55901.0,54203.0,110104.0,41590.0,40794.0,82384.0,266.0,349.0,615.0,162980.0,64451.0,227431.0,121214.0,108496.0,229710.0,73323.0,105679.0,179002.0,1892.0,420.0,2312.0,2855.0,73.0,2928.0,114.0,0.0,114.0,642.0,51.0,693.0,2717.0,41.0,2758.0,9347.0,298.0,9645.0,6430.0,51.0,6481.0,2628.0,8.0,2636.0,21266.0,1875.0,23141.0,3894.0,29238.0,33132.0,156826.0,160485.0,317311.0
25,04,271690.0607111454,189256.0,191042.0,1025441.0,556289.0,469152.0,85465.0,80662.0,166127.0,74243.0,63207.0,137450.0,44508.0,39564.0,84072.0,367081.0,230266.0,597347.0,281776.0,50635.0,332411.0,49268.0,25325.0,74593.0,26136.0,5446.0,31582.0,10006.0,1051.0,11057.0,723.0,9.0,732.0,2276.0,581.0,2857.0,35248.0,2471.0,37719.0,15407.0,479.0,15886.0,37330.0,1626.0,38956.0,14512.0,251.0,14763.0,90870.0,13396.0,104266.0,3205.0,18535.0,21740.0,271308.0,399982.0,671290.0
25,05,296910.94972887635,139215.0,140740.0,682535.0,331371.0,351164.0,57457.0,56523.0,113980.0,45822.0,46439.0,92261.0,861.0,641.0,1502.0,225863.0,145681.0,371544.0,134771.0,83060.0,217816.0,57850.0,78079.0,135929.0,2797.0,1130.0,3927.0,5197.0,149.0,5346.0,53.0,4.0,57.0,919.0,169.0,1088.0,4358.0,175.0,4533.0,5628.0,68.0,5696.0,9248.0,132.0,9380.0,4112.0,34.0,4146.0,44609.0,3120.0,47729.0,4533.0,46841.0,51374.0,192067.0,221263.0,413330.0
25,06,301115.100066036,109944.0,114866.0,566256.0,285213.0,281043.0,52696.0,50818.0,103514.0,59200.0,56614.0,115814.0,9181.0,9132.0,18313.0,184708.0,88326.0,273034.0,129828.0,102564.0,232392.0,73282.0,97463.0,170745.0,1329.0,450.0,1779.0,2526.0,104.0,2630.0,476.0,11.0,487.0,2117.0,1652.0,3769.0,1738.0,161.0,1899.0,4011.0,38.0,4049.0,8042.0,105.0,8147.0,2270.0,37.0,2307.0,34037.0,2543.0,36580.0,5904.0,36468.0,42372.0,149481.0,142011.0,291492.0
25,07,337886.42016375065,165908.0,168532.0,836617.0,400900.0,435717.0,79190.0,76107.0,155297.0,91303.0,92934.0,184237.0,1405.0,1334.0,2739.0,257247.0,142412.0,399659.0,167775.0,168680.0,336455.0,94630.0,162738.0,257368.0,2030.0,1084.0,3114.0,4489.0,195.0,4684.0,900.0,35.0,935.0,1996.0,405.0,2401.0,2821.0,171.0,2992.0,5704.0,150.0,5854.0,10836.0,178.0,11014.0,3440.0,59.0,3499.0,40929.0,3665.0,44594.0,10053.0,47403.0,57456.0,223072.0,219634.0,442706.0
25,08,337694.01036429405,256684.0,269891.0,1540174.0,823798.0,716376.0,151318.0,142792.0,294110.0,130402.0,112912.0,243314.0,46313.0,43707.0,90020.0,456500.0,247752.0,704252.0,412560.0,85755.0,498315.0,148035.0,57017.0,205052.0,76485.0,15638.0,92123.0,13274.0,1277.0,14551.0,1473.0,87.0,1560.0,3715.0,987.0,4702.0,36576.0,1048.0,37624.0,14024.0,267.0,14291.0,40864.0,706.0,41570.0,16207.0,164.0,16371.0,61907.0,8564.0,70471.0,19979.0,75889.0,95868.0,391259.0,554732.0,945991.0
25,09,449625.10020017624,372875.0,377597.0,2454521.0,1311710.0,1142811.0,272463.0,253870.0,526333.0,273602.0,233749.0,507351.0,1014.0,861.0,1875.0,546209.0,235302.0,781511.0,653182.0,24125.0,677307.0,240851.0,5184.0,246035.0,196286.0,5372.0,201658.0,7774.0,450.0,8224.0,282.0,4.0,286.0,20891.0,5201.0,26092.0,49543.0,1792.0,51335.0,17993.0,53.0,18046.0,47157.0,550.0,47707.0,15780.0,43.0,15823.0,56625.0,5476.0,62101.0,2161.0,16634.0,18795.0,656367.0,1102052.0,1758419.0
25,10,581924.5902106762,602348.0,619176.0,4119823.0,2224203.0,1895620.0,471486.0,430544.0,902030.0,362414.0,302399.0,664813.0,221.0,190.0,411.0,730015.0,268724.0,998739.0,1113927.0,44977.0,1158904.0,593294.0,16542.0,609836.0,166039.0,5461.0,171500.0,5112.0,393.0,5505.0,136.0,14.0,150.0,29683.0,6948.0,36631.0,93048.0,4405.0,97453.0,16460.0,138.0,16598.0,82295.0,1403.0,83698.0,33894.0,210.0,34104.0,93966.0,9463.0,103429.0,2605.0,40639.0,43244.0,1107671.0,1810004.0,2917675.0
25,11,222725.5599694252,224785.0,231597.0,1502141.0,808419.0,693722.0,170141.0,158853.0,328994.0,106209.0,88935.0,195144.0,42.0,9.0,51.0,215680.0,81908.0,297588.0,423761.0,16250.0,440011.0,247209.0,4128.0,251337.0,63910.0,4248.0,68158.0,2363.0,132.0,2495.0,7.0,0.0,7.0,5753.0,1734.0,7487.0,30735.0,2061.0,32796.0,5419.0,41.0,5460.0,26556.0,313.0,26869.0,11685.0,14.0,11699.0,30124.0,3579.0,33703.0,2573.0,22994.0,25567.0,382085.0,654478.0,1036563.0
25,12,338157.0400009155,367287.0,368865.0,2309029.0,1247254.0,1061775.0,250669.0,226256.0,476925.0,282399.0,237151.0,519550.0,141.0,98.0,239.0,536656.0,234788.0,771444.0,642368.0,25970.0,668338.0,212095.0,3691.0,215786.0,198424.0,10441.0,208865.0,7554.0,1002.0,8556.0,76.0,1.0,77.0,8815.0,1528.0,10343.0,58103.0,1197.0,59300.0,14006.0,628.0,14634.0,56118.0,731.0,56849.0,20306.0,126.0,20432.0,66871.0,6625.0,73496.0,1356.0,14477.0,15833.0,603530.0,1021328.0,1624858.0
25,13,197202.12001371384,191481.0,191882.0,1124488.0,609054.0,515434.0,115114.0,104544.0,219658.0,131652.0,111006.0,242658.0,1128.0,898.0,2026.0,293950.0,143532.0,437482.0,309920.0,15050.0,324970.0,90189.0,1695.0,91884.0,82348.0,4001.0,86349.0,6479.0,907.0,7386.0,562.0,47.0,609.0,4714.0,1001.0,5715.0,32609.0,1256.0,33865.0,12126.0,226.0,12352.0,28690.0,617.0,29307.0,9639.0,79.0,9718.0,42564.0,5221.0,47785.0,677.0,6092.0,6769.0,298457.0,494292.0,792749.0
25,14,395955.4799976349,424027.0,429333.0,2842543.0,1528634.0,1313909.0,304203.0,274496.0,578699.0,216739.0,182339.0,399078.0,36.0,16.0,52.0,693349.0,302706.0,996055.0,780357.0,71257.0,851614.0,296696.0,19743.0,316439.0,229026.0,33141.0,262167.0,6684.0,1875.0,8559.0,113.0,4.0,117.0,13166.0,2727.0,15893.0,65924.0,5113.0,71037.0,14402.0,250.0,14652.0,65340.0,959.0,66299.0,18350.0,70.0,18420.0,70656.0,7375.0,78031.0,6019.0,90811.0,96830.0,742258.0,1151841.0,1894099.0
25,15,369043.1600356102,501289.0,511595.0,3447912.0,1861742.0,1586170.0,363760.0,327243.0,691003.0,311659.0,262014.0,573673.0,47.0,32.0,79.0,965755.0,448439.0,1414194.0,916525.0,62348.0,978873.0,301695.0,17469.0,319164.0,190715.0,19148.0,209863.0,10012.0,1610.0,11622.0,78.0,3.0,81.0,26200.0,3443.0,29643.0,112988.0,6204.0,119192.0,20857.0,157.0,21014.0,92630.0,1589.0,94219.0,31758.0,162.0,31920.0,129592.0,12563.0,142155.0,8580.0,64572.0,73152.0,936637.0,1459250.0,2395887.0
25,16,236063.94005966187,421039.0,437265.0,2703933.0,1476188.0,1227745.0,289045.0,255923.0,544968.0,262867.0,220763.0,483630.0,98.0,51.0,149.0,814886.0,377212.0,1192098.0,701756.0,34415.0,736171.0,185209.0,5369.0,190578.0,92892.0,6004.0,98896.0,4683.0,782.0,5358.0,199.0,11.0,210.0,9842.0,955.0,10797.0,134124.0,4912.0,139036.0,26470.0,1144.0,27614.0,80472.0,1623.0,82095.0,33456.0,289.0,33745.0,134409.0,13320.0,147729.0,10385.0,70957.0,81342.0,764047.0,1122373.0,1886420.0
25,17,492707.88965034485,425219.0,435094.0,2849859.0,1535572.0,1314287.0,308896.0,278252.0,587148.0,326471.0,277596.0,604067.0,75.0,50.0,125.0,760023.0,251745.0,1011768.0,722406.0,35854.0,758260.0,334078.0,14049.0,348127.0,154543.0,10583.0,165126.0,3698.0,871.0,4569.0,84.0,1.0,85.0,11833.0,1705.0,13538.0,49371.0,1660.0,51031.0,12403.0,92.0,12495.0,56033.0,683.0,56716.0,16463.0,41.0,16504.0,83900.0,6169.0,90069.0,5679.0,61680.0,67359.0,807487.0,1216753.0,2024240.0
25,18,483142.6197948456,476103.0,512199.0,3295982.0,1788880.0,1507102.0,363035.0,323151.0,686186.0,413233.0,345075.0,758308.0,77.0,50.0,127.0,858261.0,321640.0,1179901.0,856906.0,45578.0,902484.0,355101.0,15294.0,370395.0,195686.0,12008.0,207694.0,8019.0,811.0,8830.0,128.0,7.0,135.0,19841.0,3162.0,23003.0,76672.0,2585.0,79257.0,13911.0,174.0,14085.0,70410.0,1300.0,71710.0,22666.0,133.0,22799.0,94472.0,10104.0,104576.0,6366.0,78264.0,84630.0,925608.0,1383260.0,2308868.0
25,19,375892.2803194523,289888.0,296340.0,1931186.0,1063487.0,867699.0,214671.0,191088.0,405759.0,215366.0,175355.0,390721.0,100.0,70.0,170.0,530954.0,155906.0,686860.0,509097.0,28274.0,537371.0,232059.0,11507.0,243566.0,94658.0,7189.0,101847.0,3578.0,293.0,3871.0,139.0,7.0,146.0,11197.0,1435.0,12632.0,33144.0,1043.0,34187.0,8843.0,163.0,9006.0,38167.0,646.0,38813.0,14312.0,62.0,14374.0,73000.0,5929.0,78929.0,1490.0,24119.0,25609.0,552900.0,815306.0,1368206.0
25,20,384044.04965639114,408624.0,420239.0,2751021.0,1501927.0,1249094.0,302024.0,268597.0,570621.0,348897.0,289436.0,638333.0,153.0,113.0,266.0,756984.0,302289.0,1059273.0,726160.0,28113.0,754273.0,267112.0,5888.0,273000.0,79121.0,4275.0,83396.0,4069.0,261.0,4330.0,1925.0,28.0,1953.0,26492.0,3260.0,29752.0,103536.0,2374.0,105910.0,15501.0,341.0,15842.0,87171.0,1385.0,88556.0,28450.0,140.0,28590.0,112783.0,10161.0,122944.0,2196.0,17252.0,19448.0,773571.0,1203729.0,1977300.0
25,21,957776.6223068237,229882.0,234851.0,1533054.0,836926.0,696128.0,169429.0,149936.0,319365.0,163034.0,132530.0,295564.0,71.0,49.0,120.0,398863.0,163022.0,561885.0,405403.0,10820.0,416223.0,181143.0,2461.0,183604.0,59478.0,1529.0,61007.0,2170.0,145.0,2315.0,68.0,4.0,72.0,4079.0,694.0,4773.0,74679.0,2865.0,77544.0,4777.0,35.0,4812.0,31670.0,379.0,32049.0,9753.0,90.0,9843.0,37586.0,2618.0,40204.0,542.0,3083.0,3625.0,430981.0,682225.0,1113206.0
25,22,441305.8399734497,356156.0,358084.0,2244998.0,1230561.0,1014437.0,247793.0,219819.0,467612.0,215217.0,173569.0,388786.0,43.0,26.0,69.0,531573.0,182055.0,713628.0,622373.0,17494.0,639867.0,407215.0,7804.0,415019.0,88416.0,2754.0,91170.0,3528.0,201.0,3729.0,29.0,1.0,30.0,7233.0,1771.0,9004.0,19384.0,923.0,20307.0,5319.0,36.0,5355.0,34163.0,412.0,34575.0,10495.0,76.0,10571.0,46591.0,3516.0,50107.0,5166.0,47183.0,52349.0,603022.0,949760.0,1552782.0
25,23,270889.4699277878,200412.0,204605.0,1316746.0,718173.0,598573.0,141833.0,126758.0,268591.0,139803.0,114243.0,254046.0,7.0,4.0,11.0,370379.0,155926.0,526305.0,353022.0,6606.0,359628.0,241728.0,2628.0,244356.0,40990.0,1010.0,42000.0,1364.0,56.0,1420.0,26.0,1.0,27.0,2373.0,338.0,2711.0,8779.0,363.0,9142.0,2090.0,52.0,2142.0,16541.0,190.0,16731.0,3659.0,15.0,3674.0,35472.0,1953.0,37425.0,408.0,4613.0,5021.0,364743.0,587354.0,952097.0
25,24,516086.4500427246,380040.0,394370.0,2447094.0,1352035.0,1095059.0,271592.0,242460.0,514052.0,235672.0,188551.0,424223.0,23.0,4.0,27.0,366944.0,109306.0,476250.0,730506.0,17311.0,747817.0,541238.0,8076.0,549314.0,83000.0,2835.0,85835.0,2310.0,201.0,2511.0,8.0,1.0,9.0,4215.0,953.0,5168.0,11170.0,395.0,11565.0,5005.0,71.0,5076.0,30408.0,522.0,30930.0,6913.0,32.0,6945.0,46239.0,4225.0,50464.0,1655.0,23640.0,25295.0,619874.0,1054108.0,1673982.0
25,25,391973.829914093,409233.0,438207.0,2834616.0,1541086.0,1293530.0,305099.0,285391.0,590490.0,197660.0,161274.0,358934.0,244.0,183.0,427.0,535536.0,200140.0,735676.0,796000.0,18147.0,814147.0,429036.0,3544.0,432580.0,114725.0,2437.0,117162.0,4965.0,313.0,5278.0,86.0,14.0,100.0,10935.0,1236.0,12171.0,36355.0,1097.0,37452.0,16020.0,189.0,16209.0,60296.0,933.0,61229.0,23842.0,234.0,24076.0,99740.0,8150.0,107890.0,1807.0,10684.0,12491.0,743279.0,1264699.0,2007978.0
25,26,309455.04949855804,186442.0,203378.0,1283103.0,692361.0,590742.0,140520.0,135383.0,275903.0,111533.0,93918.0,205451.0,717.0,607.0,1324.0,244873.0,78433.0,323306.0,360592.0,10659.0,371251.0,226857.0,3032.0,229889.0,60660.0,3446.0,64106.0,3366.0,86.0,3452.0,9.0,0.0,9.0,2649.0,702.0,3351.0,14507.0,744.0,15251.0,4064.0,15.0,4079.0,20158.0,236.0,20394.0,6376.0,34.0,6410.0,21946.0,2364.0,24310.0,1009.0,15819.0,16828.0,330760.0,564264.0,895024.0
25,27,465622.5100197494,307759.0,334149.0,1987395.0,1094363.0,893032.0,200634.0,188802.0,389436.0,199131.0,158920.0,358051.0,214.0,178.0,392.0,381473.0,130936.0,512409.0,602831.0,12188.0,615019.0,395144.0,3789.0,398933.0,85946.0,2955.0,88901.0,3083.0,175.0,3258.0,90.0,2.0,92.0,7514.0,747.0,8261.0,17461.0,296.0,17757.0,5042.0,36.0,5078.0,29315.0,412.0,29727.0,8646.0,37.0,8683.0,50590.0,3739.0,54329.0,835.0,4720.0,5555.0,490697.0,876124.0,1366821.0
25,28,679211.7096233368,367951.0,396077.0,2377605.0,1290868.0,1086737.0,235065.0,227962.0,463027.0,346971.0,293520.0,640491.0,14958.0,13898.0,28856.0,430398.0,141674.0,572072.0,714208.0,25167.0,739375.0,531275.0,10313.0,541588.0,92544.0,10199.0,102743.0,1758.0,54.0,1812.0,33.0,3.0,36.0,4989.0,611.0,5600.0,9798.0,167.0,9965.0,1905.0,13.0,1918.0,26461.0,382.0,26843.0,3715.0,6.0,3721.0,41730.0,3419.0,45149.0,1052.0,17586.0,18638.0,575608.0,1043984.0,1619592.0
25,29,533216.9002227783,430896.0,462003.0,2679890.0,1462705.0,1217185.0,264902.0,253010.0,517912.0,470218.0,391243.0,861461.0,151.0,128.0,279.0,518295.0,165919.0,684214.0,804504.0,35954.0,840458.0,591245.0,17653.0,608898.0,86409.0,9689.0,96098.0,1384.0,95.0,1479.0,20.0,0.0,20.0,16754.0,2293.0,19047.0,14328.0,856.0,15184.0,2547.0,132.0,2679.0,31108.0,540.0,31648.0,5527.0,24.0,5551.0,55182.0,4672.0,59854.0,1461.0,18929.0,20390.0,656740.0,1162302.0,1819042.0
25,30,594752.1299934387,433288.0,465648.0,2747082.0,1510831.0,1236251.0,277044.0,255746.0,532790.0,479970.0,386610.0,866580.0,29.0,5.0,34.0,610089.0,193684.0,803773.0,815860.0,36741.0,852601.0,610507.0,18980.0,629487.0,89306.0,8865.0,98171.0,3340.0,293.0,3633.0,92.0,1.0,93.0,9529.0,1932.0,11461.0,10150.0,771.0,10921.0,2641.0,110.0,2751.0,28652.0,893.0,29545.0,3937.0,24.0,3961.0,57706.0,4872.0,62578.0,1590.0,26354.0,27944.0,693381.0,1173156.0,1866537.0
25,31,453946.1100034714,373349.0,392273.0,2200397.0,1174856.0,1025541.0,215087.0,202122.0,417209.0,356991.0,314984.0,671975.0,1298.0,1077.0,2375.0,495540.0,194486.0,690026.0,616894.0,61138.0,678032.0,433921.0,34895.0,468816.0,67230.0,18528.0,85758.0,3183.0,326.0,3509.0,153.0,38.0,191.0,6605.0,1132.0,7737.0,23762.0,1215.0,24977.0,4327.0,71.0,4398.0,29195.0,643.0,29838.0,7323.0,64.0,7387.0,41195.0,4226.0,45421.0,2701.0,57266.0,59967.0,555261.0,907137.0,1462398.0
25,32,218794.26006126404,462998.0,490675.0,2762801.0,1480839.0,1281962.0,240072.0,227500.0,467572.0,323087.0,281323.0,604410.0,624.0,500.0,1124.0,825225.0,494313.0,1319538.0,716604.0,75624.0,792228.0,215532.0,20006.0,235538.0,55187.0,13706.0,68893.0,11286.0,898.0,12184.0,444.0,19.0,463.0,14269.0,2404.0,16673.0,64282.0,3145.0,67427.0,25553.0,1296.0,26849.0,108484.0,4178.0,112662.0,37302.0,986.0,38288.0,184265.0,28986.0,213251.0,2430.0,22838.0,25268.0,761805.0,1183500.0,1945305.0
25,33,440003.8100013733,419983.0,427146.0,2322810.0,1203153.0,1119657.0,234294.0,223134.0,457428.0,355493.0,338081.0,693574.0,779.0,701.0,1480.0,516363.0,188346.0,704709.0,607834.0,123892.0,731726.0,381138.0,56440.0,437578.0,99372.0,55711.0,155083.0,4216.0,422.0,4638.0,200.0,23.0,223.0,6528.0,1756.0,8284.0,25532.0,1943.0,27475.0,5463.0,213.0,5676.0,28953.0,1177.0,30130.0,7103.0,85.0,7188.0,49396.0,6122.0,55518.0,5685.0,83272.0,88957.0,589567.0,912493.0,1502060.0
25,34,433691.22961449623,368377.0,382887.0,2434434.0,1326353.0,1108081.0,254747.0,235152.0,489899.0,236073.0,192191.0,428264.0,452.0,317.0,769.0,637311.0,279117.0,916428.0,676447.0,31704.0,708151.0,443610.0,4557.0,448167.0,85048.0,4031.0,89079.0,2945.0,237.0,3182.0,79.0,16.0,95.0,5945.0,4577.0,10522.0,28139.0,11217.0,39356.0,4277.0,194.0,4471.0,36617.0,1671.0,38288.0,7052.0,45.0,7097.0,62735.0,5159.0,67894.0,1158.0,14141.0,15299.0,648748.0,1062236.0,1710984.0
25,35,442281.4692645073,320570.0,338600.0,2124655.0,1160227.0,964428.0,221180.0,197084.0,418264.0,294898.0,236957.0,531855.0,65.0,10.0,75.0,622008.0,294228.0,916236.0,565712.0,15229.0,580941.0,339611.0,3985.0,343596.0,94873.0,5101.0,99974.0,3606.0,140.0,3746.0,50.0,15.0,65.0,6192.0,942.0,7134.0,18003.0,867.0,18870.0,5207.0,95.0,5302.0,32439.0,330.0,32769.0,10151.0,70.0,10221.0,55580.0,3684.0,59264.0,212.0,1666.0,1878.0,594303.0,947533.0,1541836.0
25,36,506155.56988716125,336267.0,354888.0,2137686.0,1159894.0,977792.0,214573.0,199262.0,413835.0,294904.0,243148.0,538052.0,352.0,325.0,677.0,594406.0,279672.0,874078.0,579995.0,42157.0,622152.0,357641.0,15368.0,373009.0,121423.0,21658.0,143081.0,3736.0,261.0,3997.0,41.0,3.0,44.0,3009.0,432.0,3441.0,19146.0,1225.0,20371.0,4184.0,90.0,4274.0,26273.0,580.0,26853.0,7546.0,28.0,7574.0,36996.0,2512.0,39508.0,401.0,3911.0,4312.0,579498.0,931724.0,1511222.0
25,37,79263.58000183105,383576.0,416405.0,2418487.0,1325728.0,1092759.0,188992.0,177861.0,366853.0,178585.0,148944.0,327529.0,602.0,468.0,1070.0,872248.0,538164.0,1410412.0,609533.0,31294.0,640827.0,63529.0,3202.0,66731.0,34675.0,4655.0,39330.0,4465.0,149.0,4614.0,115.0,2.0,117.0,3408.0,477.0,3885.0,148691.0,2623.0,151314.0,11300.0,331.0,11631.0,146283.0,2941.0,149224.0,41066.0,483.0,41549.0,156001.0,16431.0,172432.0,53.0,159.0,212.0,716142.0,1061306.0,1777448.0
25,38,451006.4702806473,188046.0,192351.0,1219377.0,666865.0,552512.0,124052.0,112897.0,236949.0,184381.0,149091.0,333472.0,0.0,0.0,0.0,359371.0,138901.0,498272.0,326971.0,34490.0,361461.0,185662.0,13431.0,199093.0,66590.0,16835.0,83425.0,2767.0,143.0,2910.0,34.0,2.0,36.0,3098.0,588.0,3686.0,8806.0,545.0,9351.0,4455.0,94.0,4549.0,21145.0,472.0,21617.0,5934.0,32.0,5966.0,28480.0,2348.0,30828.0,2034.0,46441.0,48475.0,337860.0,471581.0,809441.0
25,39,476433.1199798584,227712.0,236649.0,1429698.0,767430.0,662268.0,142350.0,131153.0,273503.0,222088.0,189700.0,411788.0,100.0,87.0,187.0,417310.0,179330.0,596640.0,369935.0,61023.0,430958.0,177518.0,23080.0,200598.0,45034.0,22180.0,67214.0,4208.0,220.0,4428.0,867.0,128.0,995.0,10748.0,4041.0,14789.0,22189.0,2817.0,25006.0,8255.0,215.0,8470.0,30260.0,1461.0,31721.0,24510.0,415.0,24925.0,46346.0,6466.0,52812.0,4440.0,64234.0,68674.0,393055.0,537011.0,930066.0
25,40,480152.5400009155,126353.0,132370.0,752043.0,403685.0,348358.0,83680.0,77690.0,161370.0,100656.0,88271.0,188927.0,195.0,154.0,349.0,144721.0,44992.0,189713.0,212307.0,33803.0,246110.0,154262.0,19726.0,173988.0,15495.0,9794.0,25289.0,2637.0,233.0,2870.0,2438.0,242.0,2680.0,2657.0,901.0,3558.0,4098.0,695.0,4793.0,3666.0,169.0,3835.0,9557.0,470.0,10027.0,4211.0,26.0,4237.0,13286.0,1547.0,14833.0,1793.0,66741.0,68534.0,189585.0,247814.0,437399.0
25,41,714053.0694358349,240803.0,250193.0,1466491.0,796448.0,670043.0,152174.0,137935.0,290109.0,199179.0,165808.0,364987.0,32.0,31.0,63.0,355174.0,111087.0,466261.0,406321.0,81374.0,487695.0,220583.0,26804.0,247387.0,103421.0,47567.0,150988.0,5710.0,191.0,5901.0,1140.0,253.0,1393.0,7857.0,1468.0,9325.0,8758.0,428.0,9186.0,6274.0,436.0,6710.0,20480.0,1219.0,21699.0,6672.0,55.0,6727.0,25426.0,2953.0,28379.0,4141.0,95219.0,99360.0,385986.0,493450.0,879436.0
25,42,707003.6998348236,298202.0,304344.0,1862139.0,1011230.0,850909.0,198331.0,184059.0,382390.0,234444.0,198440.0,432884.0,29.0,14.0,43.0,418607.0,109657.0,528264.0,519583.0,150704.0,670287.0,316122.0,81457.0,397579.0,115823.0,61617.0,177440.0,3969.0,267.0,4236.0,1028.0,107.0,1135.0,8094.0,2065.0,10159.0,10315.0,605.0,10920.0,4483.0,174.0,4657.0,23389.0,1185.0,24574.0,6071.0,60.0,6131.0,30289.0,3167.0,33456.0,8645.0,125379.0,134024.0,483002.0,574826.0,1057828.0
25,43,404226.0403319001,325545.0,331647.0,1899241.0,1009369.0,889872.0,194732.0,181031.0,375763.0,248599.0,220854.0,469453.0,170.0,140.0,310.0,487784.0,193128.0,680912.0,510289.0,101490.0,611779.0,294472.0,46918.0,341390.0,109048.0,46106.0,155154.0,3544.0,441.0,3985.0,100.0,3.0,103.0,8913.0,2272.0,11185.0,9079.0,661.0,9740.0,4968.0,380.0,5348.0,28195.0,1056.0,29251.0,7098.0,45.0,7143.0,44872.0,3608.0,48480.0,4431.0,86490.0,90921.0,494649.0,701892.0,1196541.0
25,44,358296.44994831085,369756.0,382140.0,2210700.0,1112755.0,1097945.0,231883.0,218786.0,450669.0,233916.0,241186.0,475102.0,57.0,33.0,90.0,531079.0,180014.0,711093.0,505156.0,137425.0,642581.0,323295.0,70387.0,393682.0,80461.0,57937.0,138398.0,2489.0,199.0,2688.0,136.0,2.0,138.0,9786.0,2468.0,12254.0,13387.0,1336.0,14723.0,2638.0,159.0,2797.0,27680.0,1361.0,29041.0,9190.0,43.0,9233.0,36094.0,3533.0,39627.0,3687.0,58099.0,61786.0,603912.0,902421.0,1506333.0
25,45,713107.6898705959,770935.0,794970.0,4921313.0,2624829.0,2296484.0,525630.0,494641.0,1020271.0,635313.0,568534.0,1203847.0,1254.0,950.0,2204.0,1241486.0,422610.0,1664096.0,1221973.0,330589.0,1552562.0,536868.0,134832.0,671700.0,254297.0,148448.0,402745.0,7290.0,881.0,8171.0,3586.0,1261.0,4847.0,38548.0,16110.0,54658.0,63894.0,7565.0,71459.0,14681.0,696.0,15377.0,99057.0,4508.0,103565.0,34204.0,501.0,34705.0,169548.0,15787.0,185335.0,7085.0,103323.0,110408.0,1395771.0,1862572.0,3258343.0
25,46,597762.2903060913,449196.0,482206.0,2761407.0,1499835.0,1261572.0,283283.0,266039.0,549322.0,249340.0,205134.0,454473.0,4871.0,4562.0,9431.0,432701.0,106829.0,539530.0,845952.0,64607.0,910522.0,632900.0,31383.0,664283.0,108410.0,27424.0,135834.0,5815.0,259.0,6074.0,22.0,0.0,22.0,4782.0,729.0,5511.0,17033.0,315.0,17348.0,4957.0,12.0,4969.0,31902.0,793.0,32695.0,6886.0,24.0,6910.0,33245.0,3668.0,36913.0,7398.0,152753.0,160151.0,646485.0,1044212.0,1690697.0
25,47,666700.5904583931,559321.0,593411.0,3573075.0,1907575.0,1665500.0,369694.0,346455.0,716149.0,299146.0,257232.0,556378.0,8057.0,7170.0,15227.0,615229.0,165912.0,781141.0,1033121.0,147232.0,1180353.0,762420.0,84340.0,846760.0,136848.0,54958.0,191806.0,5499.0,318.0,5817.0,69.0,11.0,80.0,5171.0,692.0,5863.0,20406.0,1165.0,21571.0,4864.0,59.0,4923.0,39323.0,1225.0,40548.0,9394.0,90.0,9484.0,49127.0,4374.0,53501.0,6614.0,126248.0,132862.0,867840.0,1392020.0,2259860.0
25,48,441601.60996723175,431765.0,440701.0,2423136.0,1304303.0,1118833.0,235308.0,223343.0,458651.0,353290.0,301395.0,654685.0,131.0,108.0,239.0,459617.0,137994.0,597611.0,720360.0,100386.0,820746.0,506335.0,48621.0,554956.0,93591.0,37336.0,130927.0,3518.0,540.0,4058.0,178.0,45.0,223.0,18751.0,6536.0,25287.0,14521.0,2055.0,16576.0,2652.0,152.0,2804.0,24971.0,702.0,25673.0,3424.0,64.0,3488.0,52419.0,4335.0,56754.0,2596.0,37341.0,39937.0,581347.0,981106.0,1562453.0
25,49,425601.6898688376,471593.0,476881.0,2978484.0,1548368.0,1430116.0,303943.0,284181.0,588124.0,354913.0,334716.0,689629.0,0.0,0.0,0.0,690473.0,263206.0,953679.0,761347.0,126300.0,887647.0,460272.0,52869.0,513141.0,131112.0,58572.0,189684.0,2803.0,623.0,3426.0,141.0,52.0,193.0,14553.0,2840.0,17393.0,27268.0,3245.0,30513.0,3055.0,434.0,3489.0,34248.0,1606.0,35854.0,3536.0,70.0,3606.0,84359.0,5989.0,90348.0,2921.0,52937.0,55858.0,784100.0,1250879.0,2034979.0
25,50,437721.3498620093,414103.0,431016.0,2552179.0,1319954.0,1232225.0,261244.0,243453.0,504697.0,295795.0,275280.0,571075.0,103.0,81.0,184.0,586391.0,206219.0,792610.0,641391.0,110006.0,751397.0,396445.0,43594.0,440039.0,137493.0,54226.0,191719.0,2744.0,296.0,3040.0,157.0,15.0,172.0,10619.0,3394.0,14013.0,14474.0,2112.0,16586.0,3156.0,431.0,3587.0,27856.0,1347.0,29203.0,7230.0,258.0,7488.0,41217.0,4333.0,45550.0,3768.0,54965.0,58733.0,674795.0,1067254.0,1742049.0
25,51,303716.0599975586,256744.0,282539.0,1707885.0,892981.0,814904.0,184471.0,173103.0,357574.0,150061.0,134957.0,285018.0,31.0,40.0,71.0,289871.0,75971.0,365842.0,464927.0,92507.0,557434.0,341970.0,52870.0,394840.0,75881.0,35325.0,111206.0,548.0,41.0,589.0,44.0,5.0,49.0,4041.0,1347.0,5388.0,3148.0,525.0,3673.0,385.0,24.0,409.0,11861.0,630.0,12491.0,473.0,24.0,497.0,26576.0,1716.0,28292.0,3009.0,66434.0,69443.0,425045.0,655963.0,1081008.0
25,52,247241.63012504578,257021.0,277840.0,1676378.0,878048.0,798330.0,181026.0,170732.0,351758.0,169714.0,155556.0,325270.0,1416.0,1275.0,2691.0,318296.0,64495.0,382791.0,453166.0,118110.0,571276.0,291160.0,57978.0,349138.0,102722.0,56448.0,159170.0,523.0,52.0,575.0,125.0,7.0,132.0,4090.0,465.0,4555.0,3919.0,328.0,4247.0,997.0,30.0,1027.0,16908.0,746.0,17654.0,1392.0,20.0,1412.0,31330.0,2036.0,33366.0,3273.0,67033.0,70306.0,421609.0,613187.0,1034796.0
25,53,424891.09972798824,419602.0,434337.0,2738522.0,1429610.0,1308912.0,290245.0,271018.0,561263.0,302420.0,277392.0,579812.0,140.0,32.0,172.0,588824.0,184925.0,773749.0,702669.0,108540.0,811209.0,485287.0,52201.0,537488.0,109099.0,47232.0,156331.0,2545.0,115.0,2660.0,157.0,15.0,172.0,12931.0,2815.0,15746.0,16453.0,1456.0,17909.0,2780.0,269.0,3049.0,29005.0,1154.0,30159.0,6584.0,154.0,6738.0,37828.0,3129.0,40957.0,5935.0,84012.0,89947.0,721006.0,1116360.0,1837366.0
25,54,333145.75004419684,422713.0,476074.0,3066002.0,1593355.0,1472647.0,323926.0,304361.0,628287.0,347517.0,328145.0,675662.0,310.0,181.0,491.0,769464.0,286118.0,1055582.0,705495.0,124243.0,829738.0,306264.0,34598.0,340862.0,174194.0,74769.0,248963.0,4582.0,320.0,4902.0,373.0,6.0,379.0,10926.0,2623.0,13549.0,25959.0,1052.0,27011.0,8863.0,232.0,9095.0,50835.0,1993.0,52828.0,20904.0,314.0,21218.0,102595.0,8336.0,110931.0,4395.0,46487.0,50882.0,883465.0,1301917.0,2185382.0
25,55,530130.749891758,648411.0,677429.0,4440024.0,2257554.0,2182470.0,490876.0,464042.0,954918.0,351475.0,339026.0,690501.0,165.0,115.0,280.0,977646.0,322255.0,1299901.0,1030782.0,191267.0,1222049.0,634423.0,84941.0,719364.0,196464.0,94072.0,290536.0,4793.0,274.0,5067.0,1711.0,54.0,1765.0,13027.0,2205.0,15232.0,31560.0,1809.0,33369.0,7072.0,339.0,7411.0,52425.0,1880.0,54305.0,12423.0,172.0,12595.0,76884.0,5521.0,82405.0,14711.0,147699.0,162410.0,1212061.0,1843504.0,3055565.0
25,56,172134.3000214994,197289.0,201556.0,1445782.0,732487.0,713295.0,159753.0,151546.0,311299.0,160737.0,158228.0,318965.0,27.0,25.0,52.0,340459.0,156501.0,496960.0,323313.0,79064.0,402377.0,167523.0,27654.0,195177.0,48897.0,30751.0,79648.0,2049.0,261.0,2310.0,260.0,13.0,273.0,37997.0,14422.0,52419.0,12029.0,1461.0,13490.0,3178.0,147.0,3325.0,18426.0,981.0,19407.0,3552.0,49.0,3601.0,29402.0,3325.0,32727.0,8985.0,68900.0,77885.0,400189.0,565331.0,965520.0
25,57,423166.73001384735,433066.0,448648.0,3152989.0,1571161.0,1581828.0,349363.0,332971.0,682334.0,394529.0,413082.0,807611.0,131.0,79.0,210.0,685823.0,283147.0,968970.0,688654.0,134064.0,822718.0,436030.0,61012.0,497042.0,101811.0,56548.0,158359.0,2806.0,269.0,3075.0,236.0,8.0,244.0,29385.0,8090.0,37475.0,18720.0,1502.0,20222.0,4496.0,234.0,4730.0,37889.0,1810.0,39699.0,8327.0,115.0,8442.0,48954.0,4476.0,53430.0,9892.0,110137.0,120029.0,872615.0,1337627.0,2210242.0
25,58,397347.16979432106,416200.0,465243.0,3210962.0,1610414.0,1600548.0,361280.0,340084.0,701364.0,349886.0,349821.0,699707.0,54.0,50.0,104.0,777391.0,282342.0,1059733.0,687027.0,130573.0,817600.0,437373.0,74750.0,512123.0,73428.0,39265.0,112693.0,3092.0,240.0,3332.0,391.0,49.0,440.0,12793.0,3315.0,16108.0,38260.0,4253.0,42513.0,6277.0,530.0,6807.0,46199.0,2383.0,48582.0,8086.0,158.0,8244.0,61128.0,5630.0,66758.0,5104.0,74174.0,79278.0,918283.0,1395801.0,2314084.0
25,59,312417.3298857659,282953.0,312057.0,2262273.0,1162307.0,1099966.0,237136.0,221179.0,458315.0,171532.0,160688.0,332220.0,138.0,35.0,173.0,562141.0,229644.0,791785.0,503550.0,100423.0,603973.0,234992.0,23111.0,258103.0,151907.0,67704.0,219611.0,2699.0,469.0,3168.0,336.0,12.0,348.0,5096.0,1425.0,6521.0,14096.0,1982.0,16078.0,3629.0,253.0,3882.0,32322.0,1436.0,33758.0,5712.0,50.0,5762.0,52761.0,3981.0,56742.0,3632.0,30554.0,34186.0,655125.0,968989.0,1624114.0
25,60,335080.1095723212,341149.0,353180.0,2416617.0,1234615.0,1182002.0,267797.0,250097.0,517894.0,254017.0,243083.0,497100.0,255.0,149.0,404.0,594402.0,227176.0,821578.0,539855.0,112903.0,652758.0,302635.0,44454.0,347089.0,112011.0,57395.0,169406.0,2094.0,161.0,2255.0,324.0,14.0,338.0,6570.0,2011.0,8581.0,19397.0,2779.0,22176.0,3834.0,170.0,4004.0,33257.0,1692.0,34949.0,6230.0,155.0,6385.0,53503.0,4072.0,57575.0,3172.0,49820.0,52992.0,691588.0,1019279.0,1710867.0
25,61,433592.6598304212,610618.0,651292.0,4837873.0,2551802.0,2286071.0,542193.0,506606.0,1048799.0,463645.0,414110.0,877755.0,111.0,44.0,155.0,1293915.0,514146.0,1808061.0,1175399.0,219027.0,1394426.0,381203.0,72073.0,453276.0,162489.0,95450.0,257939.0,9452.0,501.0,9953.0,1248.0,26.0,1274.0,179899.0,23235.0,203134.0,132704.0,6450.0,139154.0,24116.0,843.0,24959.0,123755.0,4971.0,128726.0,44227.0,441.0,44668.0,116306.0,15037.0,131343.0,9689.0,125355.0,135044.0,1366714.0,1941689.0,3308403.0
25,62,479793.5798368156,233908.0,246660.0,1657139.0,879820.0,777319.0,190085.0,178725.0,368810.0,228400.0,201626.0,430026.0,28.0,31.0,59.0,377623.0,133609.0,511232.0,428763.0,104384.0,533147.0,164275.0,26639.0,190914.0,96871.0,65581.0,162452.0,4229.0,506.0,4735.0,3031.0,78.0,3109.0,40439.0,4034.0,44473.0,43374.0,1758.0,45132.0,6265.0,269.0,6534.0,25864.0,1556.0,27420.0,8560.0,48.0,8608.0,35855.0,3915.0,39770.0,4443.0,46575.0,51018.0,446614.0,626360.0,1072974.0
25,63,509584.5794734955,192584.0,196502.0,1075041.0,577403.0,497638.0,118637.0,114578.0,233215.0,240955.0,215917.0,456869.0,94.0,45.0,139.0,218171.0,71458.0,289623.0,305381.0,105255.0,410618.0,149953.0,44896.0,194849.0,65454.0,55856.0,121310.0,3237.0,186.0,3423.0,4258.0,167.0,4425.0,4594.0,619.0,5213.0,23482.0,336.0,23818.0,5540.0,201.0,5741.0,12460.0,549.0,13009.0,5030.0,42.0,5072.0,31373.0,2403.0,33776.0,3304.0,36961.0,40265.0,268718.0,355422.0,624140.0
26,01,333965.8401802778,424129.0,425892.0,2171145.0,1122306.0,1048839.0,208712.0,201773.0,410485.0,580384.0,543335.0,1123719.0,6957.0,6318.0,13275.0,523981.0,282126.0,806107.0,597823.0,65601.0,663424.0,306789.0,12853.0,319642.0,142935.0,29829.0,172764.0,7645.0,580.0,8225.0,106.0,32.0,138.0,10374.0,4945.0,15319.0,25009.0,6846.0,31855.0,4743.0,162.0,4905.0,41853.0,1204.0,43057.0,19894.0,149.0,20043.0,38475.0,9001.0,47476.0,3444.0,31014.0,34458.0,521039.0,952224.0,1473263.0
26,02,556054.278881073,525066.0,527491.0,2757348.0,1431270.0,1326078.0,255459.0,248515.0,503974.0,535720.0,493541.0,1029261.0,289229.0,275607.0,564836.0,662321.0,360636.0,1022957.0,710646.0,157856.0,868502.0,239091.0,16583.0,255674.0,118233.0,29544.0,147777.0,108768.0,81291.0,190059.0,413.0,53.0,466.0,7147.0,2735.0,9882.0,46863.0,5492.0,52355.0,14528.0,1157.0,15685.0,75025.0,2786.0,77811.0,37405.0,441.0,37846.0,63173.0,17774.0,80947.0,14915.0,48239.0,63154.0,705709.0,1119983.0,1825692.0
26,03,321070.06072843075,238669.0,243872.0,1299919.0,679323.0,620596.0,101923.0,99486.0,201409.0,109487.0,100389.0,209876.0,91776.0,87377.0,179153.0,387248.0,249289.0,636537.0,317733.0,120515.0,438248.0,75085.0,33341.0,108426.0,36571.0,15211.0,51782.0,47160.0,44926.0,92086.0,60.0,3.0,63.0,2057.0,665.0,2722.0,23684.0,5182.0,28866.0,9602.0,923.0,10525.0,46308.0,3472.0,49780.0,19846.0,504.0,20350.0,57360.0,16288.0,73648.0,2409.0,4190.0,6599.0,359181.0,495891.0,855072.0
26,04,530317.430355072,590194.0,594948.0,3127653.0,1620740.0,1506913.0,313948.0,305822.0,619770.0,470758.0,436795.0,907553.0,156298.0,151189.0,307487.0,650678.0,334704.0,985382.0,875479.0,147311.0,1022790.0,414105.0,24747.0,438852.0,270294.0,90538.0,360832.0,10864.0,1176.0,12040.0,115.0,7.0,122.0,11462.0,8393.0,19855.0,32440.0,8599.0,41039.0,6821.0,225.0,7046.0,58979.0,1523.0,60502.0,19456.0,130.0,19586.0,50943.0,11973.0,62916.0,7257.0,49142.0,56399.0,738004.0,1310460.0,2048464.0
26,05,364184.84025382996,476675.0,479260.0,2607951.0,1345484.0,1262467.0,276923.0,265981.0,542904.0,246383.0,229636.0,476019.0,85963.0,85363.0,171326.0,488392.0,249390.0,737782.0,680618.0,142483.0,823101.0,270452.0,15559.0,286011.0,222276.0,64115.0,286391.0,21220.0,4232.0,25452.0,219.0,31.0,250.0,18028.0,11471.0,29499.0,32651.0,35879.0,68530.0,7553.0,264.0,7817.0,46086.0,2520.0,48606.0,17539.0,149.0,17688.0,44594.0,8263.0,52857.0,12556.0,66491.0,79047.0,652310.0,1053493.0,1705803.0
26,06,584351.0398292542,831614.0,855170.0,4740149.0,2439342.0,2300807.0,502251.0,490621.0,992872.0,327832.0,307139.0,634971.0,31205.0,30308.0,61513.0,899266.0,535186.0,1434452.0,1243707.0,180782.0,1424489.0,442790.0,5479.0,448269.0,398476.0,18704.0,417180.0,25732.0,1571.0,27303.0,626.0,9.0,635.0,71558.0,122760.0,194318.0,49085.0,12800.0,61885.0,49966.0,374.0,50340.0,105504.0,4474.0,109978.0,27470.0,184.0,27654.0,72500.0,14427.0,86927.0,12306.0,56850.0,69156.0,1183329.0,2063175.0,3246504.0
26,07,368048.780069232,700241.0,706940.0,3852097.0,1989841.0,1862256.0,323115.0,317593.0,640708.0,579182.0,538324.0,1117506.0,46324.0,44201.0,90525.0,1000807.0,686090.0,1686897.0,1029267.0,80564.0,1109831.0,322477.0,3131.0,325608.0,287744.0,17225.0,304969.0,17456.0,977.0,18433.0,682.0,49.0,731.0,62691.0,18857.0,81548.0,91893.0,16955.0,108848.0,14866.0,234.0,15100.0,109102.0,3468.0,112570.0,33470.0,276.0,33746.0,88886.0,19392.0,108278.0,5435.0,14931.0,20366.0,955139.0,1766761.0,2721900.0
26,08,382901.3400168419,1332522.0,1364906.0,7281881.0,3818197.0,3463684.0,559637.0,542294.0,1101931.0,815260.0,749429.0,1564689.0,87332.0,82499.0,169831.0,2434721.0,1693972.0,4128693.0,1897198.0,156114.0,2053312.0,345478.0,5666.0,351144.0,326395.0,26586.0,352981.0,27631.0,2103.0,29734.0,1617.0,52.0,1669.0,33657.0,12312.0,45969.0,438429.0,29745.0,468174.0,56114.0,1556.0,57670.0,316467.0,10099.0,326566.0,128122.0,2749.0,130871.0,223288.0,65246.0,288534.0,11128.0,31053.0,42181.0,1909871.0,3276517.0,5186388.0
26,09,552484.410572052,1000541.0,1011522.0,5715030.0,2962214.0,2752816.0,550168.0,535423.0,1085591.0,1019471.0,949343.0,1968814.0,35706.0,34793.0,70499.0,1651085.0,899652.0,2550737.0,1411582.0,79613.0,1491195.0,401125.0,12750.0,413875.0,425876.0,18816.0,444692.0,27665.0,2274.0,29939.0,1606.0,28.0,1634.0,51305.0,11194.0,62499.0,162989.0,7519.0,170508.0,21463.0,324.0,21787.0,137379.0,6425.0,143804.0,64170.0,727.0,64897.0,118004.0,19556.0,137560.0,35264.0,90425.0,125689.0,1515368.0,2582778.0,4098146.0
26,11,117478.91991043091,670680.0,674613.0,3729644.0,1982457.0,1747187.0,285373.0,274569.0,559942.0,304375.0,284532.0,588907.0,5398.0,4692.0,10090.0,1291620.0,851686.0,2143306.0,1012992.0,52330.0,1065322.0,111265.0,3023.0,114288.0,152159.0,5094.0,157253.0,11020.0,450.0,11470.0,482.0,13.0,495.0,32648.0,6026.0,38674.0,343963.0,9081.0,353044.0,26070.0,428.0,26498.0,157092.0,5436.0,162528.0,66307.0,1048.0,67355.0,111741.0,21731.0,133472.0,7330.0,12785.0,20115.0,962135.0,1682072.0,2644207.0
26,12,341278.4895706177,799058.0,803280.0,4355230.0,2271792.0,2083438.0,329472.0,316295.0,645767.0,539788.0,510492.0,1050280.0,89176.0,87225.0,176401.0,1471726.0,1005512.0,2477238.0,1181933.0,149211.0,1331144.0,275762.0,5365.0,281127.0,266687.0,87715.0,354402.0,12146.0,804.0,12950.0,1367.0,60.0,1427.0,31330.0,7815.0,39145.0,248327.0,12517.0,260844.0,26595.0,559.0,27154.0,148634.0,5196.0,153830.0,55447.0,929.0,56376.0,115638.0,28251.0,143889.0,6447.0,18530.0,24977.0,1083412.0,1915697.0,2999109.0
26,13,1384114.0699467957,1401707.0,1440171.0,8270019.0,4253016.0,4017003.0,748765.0,713223.0,1461988.0,693857.0,660506.0,1354363.0,348696.0,337727.0,686423.0,2847787.0,1871151.0,4718938.0,2134655.0,383182.0,2517837.0,961428.0,99420.0,1060848.0,462600.0,177161.0,639761.0,40074.0,4186.0,44260.0,1282.0,70.0,1352.0,75246.0,46967.0,122213.0,119426.0,11527.0,130953.0,38155.0,975.0,39130.0,164124.0,9242.0,173366.0,79578.0,1611.0,81189.0,192742.0,32023.0,224765.0,72862.0,321325.0,394187.0,2045499.0,3312496.0,5357995.0
26,14,780710.4795074463,495615.0,497420.0,2805065.0,1437515.0,1367550.0,238090.0,229063.0,467153.0,449078.0,430853.0,879931.0,147036.0,142870.0,289906.0,800559.0,416115.0,1216674.0,728895.0,192696.0,921591.0,329860.0,46138.0,375998.0,193760.0,116513.0,310273.0,11266.0,1241.0,12507.0,2648.0,271.0,2919.0,21227.0,10473.0,31700.0,39838.0,5468.0,45306.0,8748.0,535.0,9283.0,49267.0,2774.0,52041.0,16215.0,222.0,16437.0,56066.0,9061.0,65127.0,15658.0,69998.0,85656.0,692962.0,1104856.0,1797818.0
26,15,617369.5499805212,378453.0,384129.0,2222545.0,1141734.0,1080811.0,209826.0,203322.0,413148.0,221553.0,208352.0,429905.0,218016.0,209739.0,427755.0,579219.0,203952.0,783171.0,564158.0,221479.0,785637.0,279515.0,109348.0,388863.0,113904.0,86049.0,199953.0,6868.0,814.0,7682.0,8391.0,673.0,9064.0,14580.0,7186.0,21766.0,33024.0,8171.0,41195.0,5306.0,253.0,5559.0,38360.0,1584.0,39944.0,19838.0,475.0,20313.0,44372.0,6926.0,51298.0,20835.0,152483.0,173318.0,556741.0,706849.0,1263590.0
26,16,632440.3501856327,1119086.0,1135574.0,6026313.0,3174032.0,2852281.0,498506.0,478177.0,976683.0,857440.0,794507.0,1651947.0,189396.0,183482.0,372878.0,1903218.0,1222793.0,3126011.0,1574057.0,217101.0,1791158.0,378165.0,12531.0,390696.0,414122.0,135674.0,549796.0,15273.0,987.0,16260.0,121697.0,6473.0,128170.0,39700.0,12898.0,52598.0,187246.0,13590.0,200836.0,24783.0,951.0,25734.0,165090.0,4480.0,169570.0,69928.0,805.0,70733.0,158053.0,28712.0,186765.0,16656.0,39458.0,56114.0,1583319.0,2595722.0,4179041.0
26,17,440806.2999430299,468735.0,477716.0,2525503.0,1297740.0,1227763.0,243176.0,237447.0,480623.0,398697.0,376102.0,774799.0,88072.0,85907.0,173979.0,625410.0,368800.0,994210.0,669148.0,98351.0,767499.0,251507.0,13107.0,264614.0,227028.0,59138.0,286166.0,9626.0,685.0,10311.0,6503.0,882.0,7385.0,19930.0,7804.0,27734.0,30772.0,4815.0,35587.0,7225.0,207.0,7432.0,49338.0,1609.0,50947.0,17087.0,119.0,17206.0,50132.0,9985.0,60117.0,11244.0,57644.0,68888.0,617348.0,1071768.0,1689116.0
27,01,72170.74964380264,51492.0,52217.0,241453.0,133058.0,108395.0,20108.0,19701.0,39809.0,0.0,0.0,0.0,1081.0,836.0,1917.0,90709.0,59560.0,150269.0,69363.0,8196.0,77559.0,12571.0,1686.0,14257.0,4340.0,386.0,4726.0,8701.0,517.0,9218.0,261.0,135.0,396.0,192.0,26.0,218.0,5111.0,198.0,5309.0,10308.0,701.0,11009.0,6777.0,594.0,7371.0,4488.0,185.0,4673.0,16614.0,3768.0,20382.0,1271.0,4494.0,5765.0,62424.0,95705.0,158129.0
28,01,3677.6899968385696,144418.0,146521.0,642015.0,358614.0,283401.0,50431.0,45339.0,95770.0,58554.0,47423.0,105977.0,0.0,0.0,0.0,252847.0,172213.0,425060.0,194502.0,29126.0,223628.0,2270.0,32.0,2302.0,1542.0,100.0,1642.0,5230.0,698.0,5928.0,72.0,6.0,78.0,335.0,116.0,451.0,37701.0,1978.0,39679.0,20428.0,1670.0,22098.0,44050.0,3741.0,47791.0,15389.0,509.0,15898.0,67485.0,20276.0,87761.0,349.0,317.0,666.0,163763.0,253958.0,417721.0
29,01,48223.2697892189,24513.0,26237.0,138477.0,70953.0,67524.0,14078.0,14259.0,28337.0,1418.0,1312.0,2730.0,54102.0,55278.0,109380.0,30463.0,14371.0,44834.0,39691.0,21110.0,60801.0,20501.0,15777.0,36278.0,3144.0,3089.0,6233.0,848.0,196.0,1044.0,75.0,30.0,105.0,129.0,31.0,160.0,7366.0,547.0,7913.0,1480.0,256.0,1736.0,2019.0,147.0,2166.0,1367.0,123.0,1490.0,2762.0,914.0,3676.0,1104.0,11834.0,12938.0,30158.0,34580.0,64738.0
30,01,4928.1799902915955,10507.0,11473.0,62101.0,32467.0,29634.0,4535.0,4381.0,8916.0,1140.0,1276.0,2416.0,6012.0,5586.0,11598.0,23808.0,16260.0,40068.0,17434.0,3688.0,21122.0,2068.0,512.0,2580.0,527.0,398.0,925.0,2537.0,84.0,2621.0,83.0,24.0,107.0,124.0,25.0,149.0,4816.0,648.0,5464.0,1010.0,294.0,1304.0,2306.0,848.0,3154.0,1306.0,6.0,1312.0,2657.0,849.0,3506.0,341.0,4148.0,4489.0,14692.0,21798.0,36490.0
30,02,2578.8699855804443,7648.0,7706.0,39485.0,19128.0,20357.0,3525.0,3337.0,6862.0,742.0,733.0,1475.0,61.0,65.0,126.0,12179.0,8849.0,21028.0,8709.0,2331.0,11040.0,476.0,210.0,686.0,108.0,166.0,274.0,3919.0,839.0,4758.0,50.0,0.0,50.0,112.0,70.0,182.0,328.0,86.0,414.0,534.0,122.0,656.0,781.0,514.0,1295.0,1085.0,41.0,1126.0,1316.0,283.0,1599.0,156.0,1417.0,1573.0,10263.0,16609.0,26872.0
31,01,79393.18962717056,1804529.0,1877046.0,9420644.0,5155512.0,4265132.0,839421.0,767975.0,1607396.0,978690.0,816146.0,1794836.0,0.0,0.0,0.0,3539500.0,2342797.0,5882297.0,2660967.0,307410.0,2968377.0,30898.0,2398.0,33296.0,21964.0,3231.0,25195.0,17790.0,1234.0,19024.0,5712.0,1330.0,7042.0,37179.0,4609.0,41788.0,656947.0,32216.0,689163.0,212844.0,18727.0,231571.0,671074.0,38540.0,709614.0,236857.0,9633.0,246490.0,769702.0,195492.0,965194.0,5418.0,6666.0,12084.0,2489127.0,3951056.0,6440183.0
32,01,27.90000031143427,8124.0,8295.0,51707.0,26618.0,25089.0,4877.0,4587.0,9464.0,0.0,0.0,0.0,24160.0,24003.0,48163.0,19605.0,14943.0,34548.0,10920.0,1468.0,12388.0,0.0,0.0,0.0,0.0,0.0,0.0,2906.0,193.0,3099.0,0.0,0.0,0.0,418.0,209.0,627.0,403.0,185.0,588.0,1857.0,59.0,1916.0,642.0,59.0,701.0,1400.0,9.0,1409.0,3294.0,754.0,4048.0,838.0,438.0,1276.0,14860.0,23183.0,38043.0
33,01,22765.169913887978,110560.0,122706.0,608338.0,309701.0,298637.0,42030.0,40396.0,82426.0,51061.0,50237.0,101298.0,0.0,0.0,0.0,221498.0,164244.0,385742.0,156385.0,46180.0,202565.0,11913.0,1932.0,13845.0,35057.0,22707.0,57764.0,3790.0,130.0,3920.0,59.0,2.0,61.0,1211.0,543.0,1754.0,30158.0,3524.0,33682.0,8132.0,1042.0,9174.0,23925.0,4029.0,27954.0,6743.0,39.0,6782.0,35397.0,12232.0,47629.0,1365.0,2413.0,3778.0,151951.0,250044.0,401995.0
33,02,12322.11998295784,28230.0,30348.0,145703.0,72557.0,73146.0,10340.0,10005.0,20345.0,13012.0,12805.0,25817.0,0.0,0.0,0.0,52915.0,42082.0,94997.0,36946.0,8507.0,45453.0,3456.0,222.0,3678.0,12130.0,5156.0,17286.0,2099.0,23.0,2122.0,269.0,1.0,270.0,98.0,56.0,154.0,3237.0,127.0,3364.0,1296.0,89.0,1385.0,6622.0,827.0,7449.0,1048.0,5.0,1053.0,6691.0,2001.0,8692.0,169.0,1014.0,1183.0,35442.0,63625.0,99067.0
03,01,0.0,3945.0,4341.0,18542.0,10267.0,8275.0,1755.0,1687.0,3442.0,27.0,11.0,38.0,6942.0,6992.0,13934.0,3701.0,1221.0,4922.0,6364.0,3867.0,10231.0,2549.0,2657.0,5206.0,147.0,350.0,497.0,39.0,4.0,43.0,0.0,0.0,0.0,25.0,8.0,33.0,35.0,11.0,46.0,194.0,34.0,228.0,277.0,70.0,347.0,55.0,0.0,55.0,3043.0,733.0,3776.0,30.0,48.0,78.0,3873.0,4360.0,8233.0
03,03,0.0,8105.0,10925.0,50395.0,25689.0,24706.0,5089.0,5274.0,10363.0,30.0,9.0,39.0,21240.0,21876.0,43116.0,7765.0,2725.0,10490.0,13847.0,11241.0,25088.0,8807.0,10427.0,19234.0,235.0,150.0,385.0,207.0,31.0,238.0,0.0,0.0,0.0,23.0,10.0,33.0,104.0,24.0,128.0,1250.0,197.0,1447.0,364.0,65.0,429.0,58.0,2.0,60.0,2799.0,335.0,3134.0,21.0,476.0,497.0,11821.0,12989.0,24810.0
03,05,0.0,6934.0,9552.0,50086.0,26823.0,23263.0,4877.0,4899.0,9776.0,56.0,26.0,82.0,21642.0,21392.0,43034.0,10441.0,5002.0,15443.0,13770.0,8966.0,22736.0,7315.0,8142.0,15457.0,183.0,42.0,225.0,64.0,1.0,65.0,0.0,0.0,0.0,16.0,71.0,87.0,88.0,20.0,108.0,1144.0,154.0,1298.0,565.0,77.0,642.0,230.0,5.0,235.0,4165.0,454.0,4619.0,10.0,987.0,997.0,13043.0,13310.0,26353.0
03,10,0.0,4525.0,4539.0,21470.0,11778.0,9692.0,2297.0,2218.0,4515.0,50.0,40.0,90.0,4069.0,3747.0,7816.0,6291.0,3461.0,9752.0,6264.0,2962.0,9226.0,2112.0,2194.0,4306.0,92.0,16.0,108.0,436.0,274.0,710.0,218.0,0.0,218.0,16.0,0.0,16.0,318.0,104.0,422.0,671.0,52.0,723.0,449.0,18.0,467.0,133.0,2.0,135.0,1819.0,302.0,2121.0,5.0,165.0,170.0,5509.0,6565.0,12074.0
09,08,215668.0,6435.0,6492.0,31294.0,17224.0,14070.0,2220.0,2111.0,4331.0,1214.0,1010.0,2224.0,11911.0,12177.0,24088.0,10770.0,4550.0,15320.0,10955.0,5999.0,16954.0,4209.0,4554.0,8763.0,394.0,479.0,873.0,516.0,139.0,655.0,1.0,0.0,1.0,79.0,51.0,130.0,73.0,36.0,109.0,1758.0,326.0,2084.0,299.0,45.0,344.0,195.0,4.0,199.0,3431.0,365.0,3796.0,913.0,2453.0,3366.0,5356.0,5618.0,10974.0
09,12,640691.0,16333.0,16439.0,71270.0,38394.0,32876.0,5862.0,5614.0,11476.0,9882.0,9271.0,19153.0,19021.0,20588.0,39609.0,23436.0,11461.0,34897.0,22596.0,11127.0,33723.0,9200.0,9174.0,18374.0,1121.0,608.0,1729.0,872.0,138.0,1010.0,15.0,1.0,16.0,806.0,138.0,944.0,471.0,48.0,519.0,3479.0,443.0,3922.0,759.0,23.0,782.0,284.0,6.0,290.0,5589.0,548.0,6137.0,470.0,3168.0,3638.0,15328.0,18581.0,33909.0
15,01,0.0,32065.0,32827.0,208406.0,107310.0,101096.0,16100.0,16282.0,32382.0,100.0,72.0,172.0,89103.0,86103.0,175206.0,50404.0,30643.0,81047.0,54672.0,50009.0,104681.0,45794.0,46858.0,92652.0,888.0,1215.0,2103.0,125.0,12.0,137.0,3.0,1.0,4.0,121.0,606.0,727.0,88.0,27.0,115.0,196.0,15.0,211.0,647.0,217.0,864.0,174.0,6.0,180.0,6636.0,1052.0,7688.0,724.0,2715.0,3439.0,51914.0,48372.0,100286.0
15,02,0.0,12166.0,12608.0,86278.0,44593.0,41685.0,7398.0,7029.0,14427.0,22.0,11.0,33.0,42531.0,40801.0,83332.0,22289.0,13750.0,36039.0,20229.0,18981.0,39210.0,15982.0,18230.0,34212.0,130.0,172.0,302.0,68.0,5.0,73.0,10.0,0.0,10.0,49.0,72.0,121.0,34.0,21.0,55.0,569.0,4.0,573.0,238.0,85.0,323.0,53.0,2.0,55.0,3096.0,390.0,3486.0,104.0,390.0,494.0,24260.0,22314.0,46574.0
15,08,0.0,16870.0,17945.0,109275.0,57997.0,51278.0,9842.0,9264.0,19106.0,144.0,77.0,221.0,52265.0,49613.0,101878.0,34724.0,21667.0,56391.0,26975.0,21958.0,48933.0,16489.0,20221.0,36710.0,333.0,326.0,659.0,332.0,45.0,377.0,12.0,1.0,13.0,106.0,178.0,284.0,164.0,33.0,197.0,304.0,37.0,341.0,452.0,107.0,559.0,180.0,15.0,195.0,8603.0,995.0,9598.0,433.0,955.0,1388.0,30589.0,28365.0,58954.0
27,02,0.0,6808.0,6896.0,39208.0,21311.0,17897.0,3389.0,3151.0,6540.0,0.0,0.0,0.0,12669.0,12184.0,24853.0,12668.0,8149.0,20817.0,11302.0,1946.0,13248.0,253.0,15.0,268.0,247.0,16.0,263.0,1990.0,201.0,2191.0,4.0,2.0,6.0,3676.0,1082.0,4758.0,91.0,4.0,95.0,1356.0,84.0,1440.0,944.0,60.0,1004.0,366.0,2.0,368.0,2375.0,480.0,2855.0,381.0,1948.0,2329.0,9628.0,14003.0,23631.0
02,16,216.75999450683594,524774.0,533748.0,3145939.0,1627249.0,1518690.0,256178.0,246670.0,502848.0,141248.0,137491.0,278739.0,15063.0,13883.0,28946.0,1081782.0,808462.0,1890244.0,743511.0,105118.0,848629.0,1887.0,163.0,2050.0,1821.0,436.0,2257.0,2195.0,225.0,2420.0,604.0,91.0,695.0,2496.0,1807.0,4303.0,146745.0,10668.0,157413.0,56003.0,8408.0,64411.0,226572.0,16946.0,243518.0,100061.0,4029.0,104090.0,205127.0,62345.0,267472.0,5440.0,6618.0,12058.0,878298.0,1406954.0,2285252.0
14,01,603.0,2027243.0,2051216.0,9925891.0,5460145.0,4465746.0,698355.0,651653.0,1350008.0,344085.0,302829.0,646914.0,56140.0,47635.0,103775.0,4183991.0,2890937.0,7074928.0,2966082.0,468650.0,3434732.0,2782.0,620.0,3402.0,1765.0,756.0,2521.0,15024.0,2098.0,17122.0,5128.0,555.0,5683.0,38884.0,12113.0,50997.0,1113783.0,99183.0,1212966.0,133358.0,12181.0,145539.0,765340.0,89957.0,855297.0,366518.0,22276.0,388794.0,523500.0,228911.0,752411.0,41250.0,23360.0,64610.0,2452813.0,3973736.0,6426549.0
23,01,174.0,794322.0,798279.0,3841396.0,1986278.0,1855118.0,238782.0,229726.0,468508.0,271549.0,258163.0,529712.0,4087.0,3843.0,7930.0,1535351.0,1216990.0,2752341.0,1015704.0,156035.0,1171739.0,852.0,31.0,883.0,176.0,23.0,199.0,9868.0,114.0,9982.0,1175.0,70.0,1245.0,4646.0,3037.0,7683.0,250971.0,24945.0,275916.0,69238.0,5618.0,74856.0,274519.0,26409.0,300928.0,119226.0,6627.0,125853.0,285033.0,89161.0,374194.0,822.0,501.0,1323.0,969752.0,1698582.0,2668334.0
26,10,185.38999938964844,848085.0,857109.0,4399819.0,2445328.0,1954491.0,215499.0,205695.0,421194.0,159731.0,123871.0,283602.0,5083.0,3510.0,8593.0,1827195.0,1260703.0,3087898.0,1311642.0,133326.0,1444968.0,1979.0,123.0,2102.0,2780.0,248.0,3028.0,7073.0,325.0,7398.0,2653.0,135.0,2788.0,6242.0,772.0,7014.0,361898.0,14030.0,375928.0,47653.0,1376.0,49029.0,415447.0,13450.0,428897.0,160232.0,4326.0,164558.0,305685.0,98541.0,404226.0,5512.0,1823.0,7335.0,1128174.0,1819342.0,2947516.0
33,03,8.769999504089355,4752.0,4873.0,33447.0,15516.0,17931.0,2174.0,2118.0,4292.0,78.0,45.0,123.0,0.0,0.0,0.0,12929.0,14505.0,27434.0,5860.0,1191.0,7051.0,85.0,20.0,105.0,365.0,117.0,482.0,616.0,10.0,626.0,0.0,0.0,0.0,78.0,51.0,129.0,874.0,81.0,955.0,301.0,52.0,353.0,1674.0,64.0,1738.0,359.0,0.0,359.0,1508.0,796.0,2304.0,244.0,97.0,341.0,9412.0,16643.0,26055.0
33,04,30.0,4119.0,4521.0,20297.0,10307.0,9990.0,1708.0,1624.0,3332.0,2040.0,2000.0,4040.0,0.0,0.0,0.0,7084.0,5956.0,13040.0,5309.0,1422.0,6731.0,326.0,5.0,331.0,1061.0,610.0,1671.0,545.0,1.0,546.0,2.0,0.0,2.0,64.0,25.0,89.0,1013.0,108.0,1121.0,193.0,3.0,196.0,838.0,362.0,1200.0,298.0,1.0,299.0,969.0,307.0,1276.0,25.0,87.0,112.0,4973.0,8481.0,13454.0
