st_name,pc_name,pc_code,pc91_state_id,pc91_district_id,state_clean,district_clean,pc_weight_relative,dist_weight_relative,pc_weight_absolute,Constituency Clean
AN,Andaman & Nicobar Islands,U0101,27,1,andaman nicobar islands,south andaman,0.5019995862269003,0.5019995862269003,0.1086156614004233,andaman & nicobar islands
AN,Andaman & Nicobar Islands,U0101,27,1,andaman nicobar islands,south andaman,0.4980004137730997,0.4980004137730997,0.1077503763025037,andaman & nicobar islands
AP,Adilabad,S0135,2,19,andhra pradesh,adilabad,0.8880019937796324,0.7501758541417229,0.887166517511579,adilabad
AP,Adilabad,S0135,14,29,maharashtra,chandrapur,0.0470303824775612,0.0543945318297792,0.0469861339638048,adilabad
AP,Adilabad,S0135,14,19,maharashtra,nanded,0.0425813807239007,0.0525566496782588,0.0425413180514011,adilabad
AP,Adilabad,S0135,14,25,maharashtra,yavatmal,0.0136484804346456,0.0134108347497678,0.0136356392680965,adilabad
AP,Adilabad,S0135,14,30,maharashtra,gadchiroli,0.0087377625842598,0.0075934185746401,0.008729541664345,adilabad
AP,Amalapuram,S0109,2,4,andhra pradesh,east godavari,0.8826829782636026,0.1821877326511255,0.8726977713052719,amalapuram
AP,Amalapuram,S0109,2,5,andhra pradesh,west godavari,0.0641735778945053,0.0167965749172782,0.0634476247807455,amalapuram
AP,Amalapuram,S0109,33,4,puducherry,yanam,0.0531434438418919,0.8640095601059357,0.0525422673172425,amalapuram
AP,Anakapalli,S0106,2,3,andhra pradesh,visakhapatnam,0.960077504465256,0.3755291921316055,0.9600775044652564,anakapalli
AP,Anakapalli,S0106,2,2,andhra pradesh,vizianagaram,0.0324755017139909,0.0213153017719363,0.032475501713991,anakapalli
AP,Anakapalli,S0106,2,4,andhra pradesh,east godavari,0.0074469938207529,0.0031346378785479,0.0074469938207529,anakapalli
AP,Anantapur,S0125,2,12,andhra pradesh,anantapur,0.9282627237193888,0.5022450658719976,0.923739459300581,anantapur
AP,Anantapur,S0125,11,8,karnataka,chitradurga,0.0519054461885807,0.0485285342181343,0.0516525198866966,anantapur
AP,Anantapur,S0125,11,19,karnataka,tumkur,0.0198318300920306,0.0195552305221549,0.0197351929987563,anantapur
AP,Bapatla,S0116,2,8,andhra pradesh,prakasam,0.5884063359537428,0.1292519715015669,0.5813687195915938,bapatla
AP,Bapatla,S0116,2,7,andhra pradesh,guntur,0.3729379692724947,0.1288577673750112,0.3684774558581302,bapatla
AP,Bapatla,S0116,2,6,andhra pradesh,krishna,0.0386556947737624,0.0174591239534504,0.0381933544939129,bapatla
AP,Bhadrachalam,S0105,2,22,andhra pradesh,khammam,0.3651380817276023,0.4365480874661171,0.3651363044243413,bhadrachalam
AP,Bhadrachalam,S0105,2,3,andhra pradesh,visakhapatnam,0.2711353166944922,0.493353145157779,0.2711339969480548,bhadrachalam
AP,Bhadrachalam,S0105,2,4,andhra pradesh,east godavari,0.1883034600678329,0.3687220297839897,0.1883025435040167,bhadrachalam
AP,Bhadrachalam,S0105,2,5,andhra pradesh,west godavari,0.1080955593329813,0.268410028026658,0.1080950331797267,bhadrachalam
AP,Bhadrachalam,S0105,19,11,odisha,koraput,0.0356930417365042,0.0261752428631539,0.0356928680012445,bhadrachalam
AP,Bhadrachalam,S0105,13,45,madhya pradesh,bastar,0.0219894045083332,0.0107748473651168,0.0219892974752893,bhadrachalam
AP,Bhadrachalam,S0105,2,21,andhra pradesh,warangal,0.0096451359322535,0.014607700408354,0.0096450889847222,bhadrachalam
AP,Bobbili,S0103,2,2,andhra pradesh,vizianagaram,0.6817121322360261,0.3514980335794284,0.6681708434285103,bobbili
AP,Bobbili,S0103,2,1,andhra pradesh,srikakulam,0.3128779063578893,0.2063698467879204,0.3066630102292457,bobbili
AP,Bobbili,S0103,2,3,andhra pradesh,visakhapatnam,0.0054099614060845,0.0016623322723873,0.0053024998451511,bobbili
AP,Chittoor,S0121,2,10,andhra pradesh,chittoor,0.9277102609708112,0.437020370139222,0.9240037497295188,chittoor
AP,Chittoor,S0121,11,14,karnataka,kolar,0.0254488058227174,0.0220384991736853,0.0253471293739082,chittoor
AP,Chittoor,S0121,23,4,tamil nadu,dharmapuri,0.020598408726248,0.0157737472843168,0.0205161112280866,chittoor
AP,Chittoor,S0121,23,3,tamil nadu,vellore,0.0195770192818263,0.0239169989124857,0.0194988025744212,chittoor
AP,Chittoor,S0121,23,13,tamil nadu,nagapattinam,0.0066655051983967,0.0032481776581872,0.0066388742868006,chittoor
AP,Cuddapah,S0123,2,11,andhra pradesh,ysr kadapa,0.97823364870975,0.594429374510046,0.973187117807269,cuddapah
AP,Cuddapah,S0123,2,12,andhra pradesh,anantapur,0.02176635129025,0.0109007337149815,0.0216540626109908,cuddapah
AP,Eluru,S0111,2,5,andhra pradesh,west godavari,0.8485160413560533,0.4856851489756704,0.8446703877864604,eluru
AP,Eluru,S0111,2,6,andhra pradesh,krishna,0.143336241107262,0.0752329139025296,0.1426866110467799,eluru
AP,Eluru,S0111,2,22,andhra pradesh,khammam,0.0081477175366846,0.0022455090379939,0.0081107903632408,eluru
AP,Guntur,S0115,2,7,andhra pradesh,guntur,0.9294504494381808,0.3101798282771781,0.9294504494381822,guntur
AP,Guntur,S0115,2,6,andhra pradesh,krishna,0.0571637312202073,0.0249369217311973,0.0571637312202074,guntur
AP,Guntur,S0115,2,23,andhra pradesh,nalgonda,0.013385819341612,0.0034691744529606,0.013385819341612,guntur
AP,Hanamkonda,S0138,2,21,andhra pradesh,warangal,0.7836908843706926,0.3343135305758133,0.7800355788976918,hanamkonda
AP,Hanamkonda,S0138,2,20,andhra pradesh,karimnagar,0.1965460688539779,0.0923862029352522,0.1956293350556058,hanamkonda
AP,Hanamkonda,S0138,2,17,andhra pradesh,medak,0.0197630467753295,0.0108018451086679,0.0196708676081582,hanamkonda
AP,Hindupur,S0124,2,12,andhra pradesh,anantapur,0.874491344311355,0.4214363607442891,0.8723337945016645,hindupur
AP,Hindupur,S0124,11,19,karnataka,tumkur,0.0693156407682721,0.060878383058545,0.0691446248416754,hindupur
AP,Hindupur,S0124,11,14,karnataka,kolar,0.0365858007612012,0.0395543813925531,0.0364955360742112,hindupur
AP,Hindupur,S0124,2,10,andhra pradesh,chittoor,0.0131325493237467,0.007723351225721,0.0131001486264974,hindupur
AP,Hindupur,S0124,2,11,andhra pradesh,ysr kadapa,0.0064746648354247,0.0037860064376661,0.006458690507063,hindupur
AP,Hyderabad,S0130,2,15,andhra pradesh,rangareddy,0.8695945020430039,0.5859664343170263,0.8666138811730086,hyderabad
AP,Hyderabad,S0130,2,17,andhra pradesh,medak,0.0657628007507834,0.0315960822446894,0.0655373922690985,hyderabad
AP,Hyderabad,S0130,11,11,karnataka,gulbarga,0.0398341015523,0.0120185188209191,0.0396975662428594,hyderabad
AP,Hyderabad,S0130,2,16,andhra pradesh,hyderabad,0.0248085956539125,0.3408905973377482,0.0247235617469736,hyderabad
AP,Kakinada,S0107,2,4,andhra pradesh,east godavari,0.9224718864780428,0.2495161605062575,0.9224718864780432,kakinada
AP,Kakinada,S0107,2,3,andhra pradesh,visakhapatnam,0.0775281135219573,0.0194865870294502,0.0775281135219573,kakinada
AP,Karimnagar,S0137,2,20,andhra pradesh,karimnagar,0.9379045406614058,0.437399938775475,0.9335767300915444,karimnagar
AP,Karimnagar,S0137,2,18,andhra pradesh,nizamabad,0.0354048296059195,0.0245480298906002,0.035241459679504,karimnagar
AP,Karimnagar,S0137,2,19,andhra pradesh,adilabad,0.0266906297326746,0.0091936949674426,0.0265674700885258,karimnagar
AP,Khammam,S0140,2,22,andhra pradesh,khammam,0.9412827335509938,0.5191946412104416,0.936613811255228,khammam
AP,Khammam,S0140,2,21,andhra pradesh,warangal,0.0517302082110511,0.0361453867330619,0.0514736175886246,khammam
AP,Khammam,S0140,2,6,andhra pradesh,krishna,0.0069870582379551,0.0073396863477447,0.006952401241894,khammam
AP,Kurnool,S0126,2,13,andhra pradesh,kurnool,0.9069259584392648,0.4453705840068042,0.9051165428689056,kurnool
AP,Kurnool,S0126,2,12,andhra pradesh,anantapur,0.0532331370603996,0.0238632402665135,0.0531269311831063,kurnool
AP,Kurnool,S0126,11,4,karnataka,bellary,0.0398409045003355,0.0331287012889448,0.0397614175783114,kurnool
AP,Machilipatnam,S0112,2,6,andhra pradesh,krishna,0.9493409054607996,0.3135125845121129,0.9481585678483516,machilipatnam
AP,Machilipatnam,S0112,2,5,andhra pradesh,west godavari,0.0506590945392005,0.0182445477346468,0.0505960021847663,machilipatnam
AP,Mahabubnagar,S0129,2,14,andhra pradesh,mahbubnagar,0.926260216607662,0.4421492275305879,0.921826335294773,mahabubnagar
AP,Mahabubnagar,S0129,2,13,andhra pradesh,kurnool,0.0308170930051349,0.0153688004036453,0.0306695757844413,mahabubnagar
AP,Mahabubnagar,S0129,11,11,karnataka,gulbarga,0.022434402241346,0.0122042632303876,0.0223270118179204,mahabubnagar
AP,Mahabubnagar,S0129,11,17,karnataka,raichur,0.0204882881458569,0.0128181174719829,0.0203902135051521,mahabubnagar
AP,Medak,S0133,2,17,andhra pradesh,medak,0.6710155384427411,0.4725874751929884,0.6669223100804137,medak
AP,Medak,S0133,2,18,andhra pradesh,nizamabad,0.30128135600752,0.2713030351162807,0.2994435246596612,medak
AP,Medak,S0133,11,5,karnataka,bidar,0.0277031055497388,0.0360457917215976,0.0275341152196133,medak
AP,Miryalguda,S0142,2,23,andhra pradesh,nalgonda,0.9737247933274816,0.5180824913195383,0.970510308933872,miryalguda
AP,Miryalguda,S0142,2,21,andhra pradesh,warangal,0.0203665210988804,0.0121323838788588,0.0202992866352279,miryalguda
AP,Miryalguda,S0142,2,22,andhra pradesh,khammam,0.0059086855736378,0.0027785718496042,0.0058891796745446,miryalguda
AP,Nagarkurnool,S0128,2,14,andhra pradesh,mahbubnagar,0.8640807230828124,0.5402403853615043,0.8601504481403672,nagarkurnool
AP,Nagarkurnool,S0128,2,15,andhra pradesh,rangareddy,0.103939319102974,0.1653993636190244,0.1034665506561237,nagarkurnool
AP,Nagarkurnool,S0128,2,13,andhra pradesh,kurnool,0.0245600710874753,0.0160426013449111,0.0244483594968783,nagarkurnool
AP,Nagarkurnool,S0128,2,8,andhra pradesh,prakasam,0.007419886726738,0.0048043948654238,0.0073861373395583,nagarkurnool
AP,Nalgonda,S0141,2,23,andhra pradesh,nalgonda,0.7709426458846562,0.4622264650154579,0.7640755093752613,nalgonda
AP,Nalgonda,S0141,2,15,andhra pradesh,rangareddy,0.1922950237776518,0.2319558314859323,0.1905821646104914,nalgonda
AP,Nalgonda,S0141,2,14,andhra pradesh,mahbubnagar,0.0288129646580127,0.0136553853234907,0.0285563144874674,nalgonda
AP,Nalgonda,S0141,2,17,andhra pradesh,medak,0.007949365679679,0.0068370177265085,0.0078785570669024,nalgonda
AP,Nandyal,S0127,2,13,andhra pradesh,kurnool,0.8276661031536146,0.5099303315940039,0.8256169311895195,nandyal
AP,Nandyal,S0127,2,8,andhra pradesh,prakasam,0.1455640199889485,0.0889008603414962,0.1452036262171052,nandyal
AP,Nandyal,S0127,2,11,andhra pradesh,ysr kadapa,0.0181733773163902,0.0124015664719546,0.0181283828734044,nandyal
AP,Nandyal,S0127,2,12,andhra pradesh,anantapur,0.0085964995410466,0.0048347606392933,0.0085752159512248,nandyal
AP,Narasapur,S0110,2,5,andhra pradesh,west godavari,0.90803208900081,0.1920580155284037,0.8937196497977474,narasapur
AP,Narasapur,S0110,2,4,andhra pradesh,east godavari,0.046360823465711,0.007732719976717,0.0456300822559075,narasapur
AP,Narasapur,S0110,2,6,andhra pradesh,krishna,0.0456070875334789,0.0088454653358983,0.0448882267404975,narasapur
AP,Narasaraopet,S0117,2,8,andhra pradesh,prakasam,0.6049402072943719,0.4692295009246978,0.6034011769271878,narasaraopet
AP,Narasaraopet,S0117,2,7,andhra pradesh,guntur,0.3779391524539655,0.4611146368020383,0.3769776362155657,narasaraopet
AP,Narasaraopet,S0117,2,23,andhra pradesh,nalgonda,0.0171206402516626,0.0162218692120431,0.0170770835745973,narasaraopet
AP,Nellore,S0119,2,9,andhra pradesh,sri potti sriramulu nellore,0.975135491875919,0.4583375408012205,0.9535145593731712,nellore
AP,Nellore,S0119,2,11,andhra pradesh,ysr kadapa,0.024864508124081,0.0091255699816446,0.0243132064266825,nellore
AP,Nizamabad,S0134,2,18,andhra pradesh,nizamabad,0.9257248543854062,0.6945048787270317,0.9235932163706176,nizamabad
AP,Nizamabad,S0134,14,19,maharashtra,nanded,0.0372033833747831,0.0202587078641412,0.0371177162935712,nizamabad
AP,Nizamabad,S0134,2,19,andhra pradesh,adilabad,0.018760081460843,0.0069920613738235,0.0187168832010004,nizamabad
AP,Nizamabad,S0134,2,17,andhra pradesh,medak,0.0183116807789677,0.0107445645943946,0.0182695150375185,nizamabad
AP,Ongole,S0118,2,8,andhra pradesh,prakasam,0.5611817314513109,0.3078132723668151,0.554043964891868,ongole
AP,Ongole,S0118,2,9,andhra pradesh,sri potti sriramulu nellore,0.4102114252572106,0.3219740624161028,0.4049938758798814,ongole
AP,Ongole,S0118,2,11,andhra pradesh,ysr kadapa,0.0286068432914785,0.0175324550037719,0.0282429879519807,ongole
AP,Parvathipuram,S0102,2,1,andhra pradesh,srikakulam,0.4905854196068512,0.3278039657848549,0.4905854196068515,parvathipuram
AP,Parvathipuram,S0102,2,2,andhra pradesh,vizianagaram,0.3857290983164083,0.2014802590343399,0.3857290983164086,parvathipuram
AP,Parvathipuram,S0102,19,11,odisha,koraput,0.0875415178237732,0.0109825025464402,0.0875415178237733,parvathipuram
AP,Parvathipuram,S0102,19,12,odisha,ganjam,0.0361439642529671,0.009425118269296,0.0361439642529672,parvathipuram
AP,Peddapalli,S0136,2,20,andhra pradesh,karimnagar,0.5788667876447425,0.4621061219105233,0.5763330605651574,peddapalli
AP,Peddapalli,S0136,2,19,andhra pradesh,adilabad,0.3962505922081493,0.2336383895170108,0.394516184781072,peddapalli
AP,Peddapalli,S0136,14,30,maharashtra,gadchiroli,0.0147038085352597,0.0089185053697171,0.0146394492756614,peddapalli
AP,Peddapalli,S0136,2,17,andhra pradesh,medak,0.0051533732775471,0.0047836123805618,0.0051308167210073,peddapalli
AP,Peddapalli,S0136,2,21,andhra pradesh,warangal,0.0050254383343013,0.0036408554781783,0.0050034417550084,peddapalli
AP,Rajahmundry,S0108,2,4,andhra pradesh,east godavari,0.9466656240833318,0.1876742876731853,0.9465607075547512,rajahmundry
AP,Rajahmundry,S0108,2,5,andhra pradesh,west godavari,0.0533343759166682,0.0134080458200814,0.0533284650042691,rajahmundry
AP,Rajampet,S0122,2,11,andhra pradesh,ysr kadapa,0.5764508205149013,0.3577202218871112,0.5753904330512571,rajampet
AP,Rajampet,S0122,2,10,andhra pradesh,chittoor,0.4071393938363026,0.25410724274554,0.4063904565569801,rajampet
AP,Rajampet,S0122,11,14,karnataka,kolar,0.0164097856487961,0.0188279099935381,0.0163795996721892,rajampet
AP,Secunderabad,S0131,2,16,andhra pradesh,hyderabad,0.6596289018195896,0.6591094026622518,0.6596289018195893,secunderabad
AP,Secunderabad,S0131,2,15,andhra pradesh,rangareddy,0.3403710981804105,0.0166783705780169,0.3403710981804104,secunderabad
AP,Siddipet,S0132,2,17,andhra pradesh,medak,0.9879500871743944,0.4575095933502903,0.9837385388214273,siddipet
AP,Siddipet,S0132,2,18,andhra pradesh,nizamabad,0.0061611862129865,0.0036480627554069,0.0061349215929572,siddipet
AP,Siddipet,S0132,2,20,andhra pradesh,karimnagar,0.005888726612619,0.0023452292536371,0.0058636234650123,siddipet
AP,Srikakulam,S0101,2,1,andhra pradesh,srikakulam,0.9398052542891076,0.4437085610129806,0.6844696510926911,srikakulam
AP,Srikakulam,S0101,19,12,odisha,ganjam,0.0601947457108924,0.0110909815122039,0.0438404407788862,srikakulam
AP,Tenali,S0114,2,6,andhra pradesh,krishna,0.5188904429607334,0.1364914544202209,0.5188824200927369,tenali
AP,Tenali,S0114,2,7,andhra pradesh,guntur,0.4811095570392665,0.0968141439207931,0.4811021183235985,tenali
AP,Tirupathi,S0120,2,10,andhra pradesh,chittoor,0.5957262529988366,0.27199548877945,0.5656936673527672,tirupathi
AP,Tirupathi,S0120,2,9,andhra pradesh,sri potti sriramulu nellore,0.3750031975754139,0.2180206264245784,0.3560980115238676,tirupathi
AP,Tirupathi,S0120,23,13,tamil nadu,nagapattinam,0.018245895917015,0.0086178223614117,0.0173260582750468,tirupathi
AP,Tirupathi,S0120,2,11,andhra pradesh,ysr kadapa,0.0110246535087342,0.0050048057078051,0.0104688632459204,tirupathi
AP,Vijayawada,S0113,2,6,andhra pradesh,krishna,0.8847041947092963,0.4161818497968455,0.8819526582483731,vijayawada
AP,Vijayawada,S0113,2,22,andhra pradesh,khammam,0.0963446579924164,0.0237979561558645,0.0960450145173807,vijayawada
AP,Vijayawada,S0113,2,5,andhra pradesh,west godavari,0.0105214571343004,0.0053976389972613,0.0104887341370543,vijayawada
AP,Vijayawada,S0113,2,7,andhra pradesh,guntur,0.0084296901639868,0.0030336236249791,0.0084034728136235,vijayawada
AP,Visakhapatnam,S0104,2,2,andhra pradesh,vizianagaram,0.6310489348036387,0.3786810702894387,0.5772232692277188,visakhapatnam
AP,Visakhapatnam,S0104,2,3,andhra pradesh,visakhapatnam,0.3075083491748867,0.1099687434087778,0.2812792555949395,visakhapatnam
AP,Visakhapatnam,S0104,19,11,odisha,koraput,0.0462377732317176,0.0066641476470807,0.0422938969620903,visakhapatnam
AP,Visakhapatnam,S0104,2,1,andhra pradesh,srikakulam,0.0152049427897569,0.0116719875747423,0.0139080288413052,visakhapatnam
AP,Warangal,S0139,2,21,andhra pradesh,warangal,0.9602805892172428,0.5991601429257334,0.958938207234037,warangal
AP,Warangal,S0139,2,22,andhra pradesh,khammam,0.0313376914792199,0.0154352342799786,0.0312938843327365,warangal
AP,Warangal,S0139,2,20,andhra pradesh,karimnagar,0.0083817193035371,0.005762507125112,0.0083700024479558,warangal
AR,Arunachal East,S0202,3,8,arunachal pradesh,lower dibang valley,0.3119980803528338,1.0,0.2971245146629558,arunachal east
AR,Arunachal East,S0202,3,7,arunachal pradesh,east siang,0.2429129070112302,0.974477681974152,0.2313327681999116,arunachal east
AR,Arunachal East,S0202,3,9,arunachal pradesh,lohit,0.2385911851231979,0.9840799821915538,0.2272170713435793,arunachal east
AR,Arunachal East,S0202,3,10,arunachal pradesh,changlang,0.1187347933821238,0.9275829002402636,0.1130744708985817,arunachal east
AR,Arunachal East,S0202,3,11,arunachal pradesh,tirap,0.0402789811065932,0.7661573421830231,0.0383588023967345,arunachal east
AR,Arunachal East,S0202,3,6,arunachal pradesh,west siang,0.0222517430202852,0.1096311707502901,0.0211909584117638,arunachal east
AR,Arunachal East,S0202,4,18,assam,tinsukia,0.0150993548401868,0.1496620191343474,0.0143795387251763,arunachal east
AR,Arunachal East,S0202,4,11,assam,dhemaji,0.010132955163549,0.1774760292221218,0.009649897145733,arunachal east
AR,Arunachal West,S0201,3,4,arunachal pradesh,lower subansiri,0.3224348069598011,1.0,0.3172112498027949,arunachal west
AR,Arunachal West,S0201,3,6,arunachal pradesh,west siang,0.1714043793377161,0.8903688292497098,0.1686275681712239,arunachal west
AR,Arunachal West,S0201,3,5,arunachal pradesh,upper subansiri,0.1521763797757985,1.0,0.1497110689577754,arunachal west
AR,Arunachal West,S0201,3,3,arunachal pradesh,east kameng,0.1418529185154643,1.0,0.139554851396904,arunachal west
AR,Arunachal West,S0201,3,2,arunachal pradesh,west kameng,0.1204726291969936,1.0,0.1185209302771441,arunachal west
AR,Arunachal West,S0201,3,1,arunachal pradesh,tawang,0.0447476183148452,1.0,0.0440226911765148,arunachal west
AR,Arunachal West,S0201,4,9,assam,sonitpur,0.0233705509867765,0.1846091381486536,0.0229919398497805,arunachal west
AR,Arunachal West,S0201,4,11,assam,dhemaji,0.0089155621691889,0.1646380951053879,0.0087711269296541,arunachal west
AR,Arunachal West,S0201,4,10,assam,lakhimpur,0.0085909395665834,0.1102854831753317,0.0084517633272637,arunachal west
AR,Arunachal West,S0201,3,7,arunachal pradesh,east siang,0.006034215176832,0.025522318025848,0.005936458770906,arunachal west
AS,Autonomous District,S0303,4,19,assam,karbi anglong,0.5360259077844935,0.8052194450012042,0.5360269140173617,autonomous district
AS,Autonomous District,S0303,4,20,assam,dima hasao,0.2820670317950732,0.8942230026130138,0.2820675612939542,autonomous district
AS,Autonomous District,S0303,18,1,nagaland,kohima,0.0564266347340907,0.2343832593773827,0.0564267406586994,autonomous district
AS,Autonomous District,S0303,15,2,manipur,tamenglong,0.0381425801793189,0.1422871426435592,0.0381426517809287,autonomous district
AS,Autonomous District,S0303,4,14,assam,golaghat,0.0320767491492914,0.1440267444171027,0.0320768093640662,autonomous district
AS,Autonomous District,S0303,4,23,assam,cachar,0.0202762069041157,0.0851393562800471,0.0202762449668017,autonomous district
AS,Autonomous District,S0303,4,13,assam,nagaon,0.0196427876715459,0.070618904176654,0.0196428245451714,autonomous district
AS,Autonomous District,S0303,16,1,meghalaya,jaintia hills,0.0153421017820701,0.0626647548581386,0.0153421305824077,autonomous district
AS,Barpeta,S0306,4,5,assam,barpeta,0.5367193262739387,0.5808404550107654,0.536719326273939,barpeta
AS,Barpeta,S0306,4,3,assam,bongaigaon,0.2130064709697832,0.3892475458157315,0.2130064709697833,barpeta
AS,Barpeta,S0306,4,6,assam,nalbari,0.1565256317928287,0.2782948483189296,0.1565256317928288,barpeta
AS,Barpeta,S0306,4,4,assam,goalpara,0.050024542361804,0.1087835526629735,0.050024542361804,barpeta
AS,Barpeta,S0306,4,7,assam,kamrup,0.0437240286016453,0.0359930154835713,0.0437240286016453,barpeta
AS,Dhubri,S0304,4,2,assam,dhubri,0.5228290358356205,0.379122089786009,0.5219141782566811,dhubri
AS,Dhubri,S0304,4,4,assam,goalpara,0.300264618885723,0.7505142914741973,0.2997392093475249,dhubri
AS,Dhubri,S0304,16,5,meghalaya,west garo hills,0.1169884537976235,0.0858927738603437,0.1167837448655075,dhubri
AS,Dhubri,S0304,4,3,assam,bongaigaon,0.034506743737072,0.0724789271980501,0.034446363088966,dhubri
AS,Dhubri,S0304,16,4,meghalaya,east garo hills,0.0203597888959044,0.0344666861649001,0.0203241628960071,dhubri
AS,Dhubri,S0304,4,5,assam,barpeta,0.0050513588480564,0.0062833685956681,0.0050425198708586,dhubri
AS,Dibrugarh,S0313,4,17,assam,dibrugarh,0.4956532156941091,0.7352012495947734,0.495653353021839,dibrugarh
AS,Dibrugarh,S0313,4,18,assam,tinsukia,0.2730936433818418,0.3786281785524048,0.2730937190462961,dibrugarh
AS,Dibrugarh,S0313,4,16,assam,sivasagar,0.1294819846686088,0.2503208082617517,0.129482020543423,dibrugarh
AS,Dibrugarh,S0313,3,10,arunachal pradesh,changlang,0.0662701971654586,0.0724170997597366,0.0662702155265535,dibrugarh
AS,Dibrugarh,S0313,3,11,arunachal pradesh,tirap,0.0355009590899816,0.0944555996965138,0.0355009689260241,dibrugarh
AS,Gauhati,S0307,4,7,assam,kamrup,0.6294742068219359,0.6619142478467267,0.6280041441852745,gauhati
AS,Gauhati,S0307,16,2,meghalaya,east khasi hills,0.1642651938547225,0.1543626853867522,0.1638815719026668,gauhati
AS,Gauhati,S0307,16,3,meghalaya,west khasi hills,0.0593591780549329,0.0537379905022256,0.0592205517079662,gauhati
AS,Gauhati,S0307,4,4,assam,goalpara,0.0506518032761496,0.140702155862829,0.0505335119741887,gauhati
AS,Gauhati,S0307,16,4,meghalaya,east garo hills,0.0454548089377911,0.0855179202274792,0.0453486546020743,gauhati
AS,Gauhati,S0307,4,6,assam,nalbari,0.040852723663751,0.0927825799613853,0.0407573169544481,gauhati
AS,Gauhati,S0307,4,8,assam,darrang,0.0099420853907167,0.015982856630115,0.0099188668249597,gauhati
AS,Jorhat,S0312,4,16,assam,sivasagar,0.4602886140162187,0.6716873681981776,0.4596815912607044,jorhat
AS,Jorhat,S0312,4,15,assam,jorhat,0.2191957636766342,0.3209709967005681,0.2189066910982294,jorhat
AS,Jorhat,S0312,18,5,nagaland,mokokchung,0.1045630661916105,0.2823132176303907,0.1044251697530894,jorhat
AS,Jorhat,S0312,18,7,nagaland,mon,0.0926727076560447,0.1809387871110306,0.092550492070759,jorhat
AS,Jorhat,S0312,18,4,nagaland,wokha,0.0528751105195055,0.132882630576181,0.0528053794979066,jorhat
AS,Jorhat,S0312,3,11,arunachal pradesh,tirap,0.038333453188332,0.0769865594287377,0.0382828995190163,jorhat
AS,Jorhat,S0312,18,6,nagaland,tuensang,0.0320712847516542,0.0320234120081545,0.0320289895502305,jorhat
AS,Kaliabor,S0311,4,14,assam,golaghat,0.3950220668557623,0.5831037719439826,0.3941315243808544,kaliabor
AS,Kaliabor,S0311,4,19,assam,karbi anglong,0.2006037989685519,0.099069352349848,0.2001515553634507,kaliabor
AS,Kaliabor,S0311,4,13,assam,nagaon,0.1868105303804885,0.22079584834072,0.1863893824851618,kaliabor
AS,Kaliabor,S0311,4,15,assam,jorhat,0.1014474663494005,0.1858137929040458,0.1012187619671997,kaliabor
AS,Kaliabor,S0311,18,4,nagaland,wokha,0.0652141174825708,0.2050036810336654,0.0650670979956744,kaliabor
AS,Kaliabor,S0311,18,1,nagaland,kohima,0.0509020199632258,0.0695102985788808,0.0507872658402557,kaliabor
AS,Karimganj,S0301,4,22,assam,hailakandi,0.3627217096712961,0.9764101654793124,0.3627213660882438,karimganj
AS,Karimganj,S0301,4,21,assam,karimganj,0.2577365257010627,0.7618406632967554,0.2577362815637535,karimganj
AS,Karimganj,S0301,17,1,mizoram,aizawl,0.2564237615976902,0.069676734588965,0.2564235187038783,karimganj
AS,Karimganj,S0301,4,23,assam,cachar,0.123118003029951,0.1086509740192116,0.1231178864081494,karimganj
AS,Kokrajhar,S0305,4,2,assam,kokrajhar,0.4398261608662492,0.5451324124803102,0.4396807284723474,kokrajhar
AS,Kokrajhar,S0305,4,5,assam,barpeta,0.1941931705731567,0.4128761763935664,0.1941289588909316,kokrajhar
AS,Kokrajhar,S0305,4,6,assam,nalbari,0.1625851332132907,0.5679064236617111,0.1625313730070094,kokrajhar
AS,Kokrajhar,S0305,4,3,assam,bongaigaon,0.1499317765086467,0.5382735269862183,0.1498822002462055,kokrajhar
AS,Kokrajhar,S0305,4,7,assam,kamrup,0.0327486834579751,0.052962461017317,0.0327378548173525,kokrajhar
AS,Kokrajhar,S0305,4,2,assam,dhubri,0.0207150753806813,0.0256748234228303,0.0207082257585567,kokrajhar
AS,Lakhimpur,S0314,4,10,assam,lakhimpur,0.2844405478259316,0.7604925065087301,0.2833292945199233,lakhimpur
AS,Lakhimpur,S0314,4,18,assam,tinsukia,0.2167294498124688,0.4717098023132476,0.2158827304559836,lakhimpur
AS,Lakhimpur,S0314,4,11,assam,dhemaji,0.1710579315662112,0.6578858756724904,0.1703896418535637,lakhimpur
AS,Lakhimpur,S0314,4,15,assam,jorhat,0.1371789249194971,0.417760445102994,0.1366429938259994,lakhimpur
AS,Lakhimpur,S0314,4,17,assam,dibrugarh,0.1137187274163216,0.2647987504052266,0.1132744507027435,lakhimpur
AS,Lakhimpur,S0314,4,14,assam,golaghat,0.0335982628737779,0.0824602213608052,0.0334670010653614,lakhimpur
AS,Lakhimpur,S0314,4,16,assam,sivasagar,0.0256983854006036,0.0779918235400706,0.0255979868605439,lakhimpur
AS,Lakhimpur,S0314,3,9,arunachal pradesh,lohit,0.0175777701851879,0.0159200178084461,0.0175090972924522,lakhimpur
AS,Mangaldoi,S0308,4,8,assam,darrang,0.6489511478405591,0.9840171433698848,0.6489511478405585,mangaldoi
AS,Mangaldoi,S0308,4,7,assam,kamrup,0.224831872667589,0.2229951476371092,0.2248318726675889,mangaldoi
AS,Mangaldoi,S0308,4,12,assam,morigaon,0.0737100918482785,0.2350753396894187,0.0737100918482784,mangaldoi
AS,Mangaldoi,S0308,4,6,assam,nalbari,0.0284829924086173,0.061016148057974,0.0284829924086173,mangaldoi
AS,Mangaldoi,S0308,4,9,assam,sonitpur,0.0240238952349558,0.0205788734036555,0.0240238952349558,mangaldoi
AS,Nowgong,S0310,4,13,assam,nagaon,0.5129537390476742,0.4920079844031805,0.5122843146690359,nowgong
AS,Nowgong,S0310,4,12,assam,morigaon,0.2558618292016382,0.7649246603105813,0.2555279196636191,nowgong
AS,Nowgong,S0310,4,19,assam,karbi anglong,0.1763691325933179,0.0706849818491616,0.1761389640849132,nowgong
AS,Nowgong,S0310,4,7,assam,kamrup,0.0281095604556948,0.0261351280152757,0.0280728763970567,nowgong
AS,Nowgong,S0310,4,20,assam,dima hasao,0.0267057387016747,0.0225878140089085,0.0266708866844741,nowgong
AS,Silchar,S0302,4,23,assam,cachar,0.6856958392302499,0.721214337792123,0.683712181933765,silchar
AS,Silchar,S0302,15,3,manipur,churachandpur,0.1102668144802768,0.0927821626978528,0.1099478223578374,silchar
AS,Silchar,S0302,15,7,manipur,imphal west,0.0875466770393451,0.2077908742665353,0.0872934122610622,silchar
AS,Silchar,S0302,15,2,manipur,tamenglong,0.0741652787890821,0.069301943419863,0.0739507252100769,silchar
AS,Silchar,S0302,17,1,mizoram,aizawl,0.0349727153651722,0.0113260807106594,0.0348715423989049,silchar
AS,Silchar,S0302,4,22,assam,hailakandi,0.0073526750958737,0.0235898345206878,0.0073314044584159,silchar
AS,Tezpur,S0309,4,9,assam,sonitpur,0.6493367433815785,0.7948119884476909,0.6441773963632588,tezpur
AS,Tezpur,S0309,4,13,assam,nagaon,0.1481274995866677,0.2165772630794455,0.146950542974997,tezpur
AS,Tezpur,S0309,4,14,assam,golaghat,0.1042739816054615,0.1904092622781095,0.1034454659522693,tezpur
AS,Tezpur,S0309,4,10,assam,lakhimpur,0.064960389403146,0.1292220103159381,0.0644442424350403,tezpur
AS,Tezpur,S0309,4,15,assam,jorhat,0.0333013860231462,0.0754547652923919,0.0330367877104284,tezpur
BR,Araria,S0422,5,41,bihar,araria,0.5810299740854847,0.6710096427701431,0.5810299740854848,araria
BR,Araria,S0422,5,21,bihar,saharsa,0.2469902733911328,0.2146606464294417,0.2469902733911329,araria
BR,Araria,S0422,5,23,bihar,purnia,0.1033116900655262,0.0786532278394353,0.1033116900655262,araria
BR,Araria,S0422,5,22,bihar,madhepura,0.0686680624578561,0.0962124064072827,0.0686680624578561,araria
BR,Arrah,S0433,5,3,bihar,bhojpur,0.5574295512381852,0.260901208017973,0.557429551238185,arrah
BR,Arrah,S0433,5,1,bihar,patna,0.3224611763190186,0.1913154040266821,0.3224611763190185,arrah
BR,Arrah,S0433,5,6,bihar,jehanabad,0.1201092724427961,0.1297021723898428,0.1201092724427961,arrah
BR,Aurangabad,S0437,5,5,bihar,aurangabad,0.6365350211600577,0.9539081001248908,0.6362250610461507,aurangabad
BR,Aurangabad,S0437,5,7,bihar,gaya,0.2636838256850144,0.2136559250147759,0.2635554251007138,aurangabad
BR,Aurangabad,S0437,5,34,bihar,hazaribag,0.0465221279453742,0.0170437999627821,0.0464994740400936,aurangabad
BR,Aurangabad,S0437,5,6,bihar,jehanabad,0.0356049162179051,0.0723873461884771,0.0355875784383334,aurangabad
BR,Aurangabad,S0437,5,35,bihar,palamu,0.0176541089916485,0.0055852819831396,0.0176455123403221,aurangabad
BR,Bagaha,S0401,5,12,bihar,pashchim champaran,0.9315438155190624,0.7746916853899429,0.901939056903741,bagaha
BR,Bagaha,S0401,25,55,uttar pradesh,deoria,0.0578723444437726,0.0431083532440345,0.0560331429384672,bagaha
BR,Bagaha,S0401,5,13,bihar,purba champaran,0.0105838400371649,0.0115388018398003,0.0102474822359498,bagaha
BR,Balia,S0419,5,17,bihar,begusarai,0.7470524948864268,0.5726174274138243,0.7470524948864254,balia
BR,Balia,S0419,5,25,bihar,khagaria,0.1640538582596828,0.1457581626309368,0.1640538582596826,balia
BR,Balia,S0419,5,26,bihar,munger,0.0673828365576598,0.0186463708318177,0.0673828365576597,balia
BR,Balia,S0419,5,1,bihar,patna,0.0215108102962304,0.0099350516999614,0.0215108102962304,balia
BR,Banka,S0426,5,27,bihar,bhagalpur,0.5716145845225393,0.4542343904983778,0.5716145845225395,banka
BR,Banka,S0426,5,26,bihar,munger,0.2859815331490791,0.213977147576886,0.2859815331490792,banka
BR,Banka,S0426,5,31,bihar,santal parganas,0.0590951179998385,0.0193816546603843,0.0590951179998385,banka
BR,Banka,S0426,5,31,bihar,santal parganas,0.0539248044758627,0.0176859269150249,0.0539248044758628,banka
BR,Banka,S0426,5,31,bihar,santal parganas,0.017737932886793,0.0058175785282607,0.017737932886793,banka
BR,Banka,S0426,5,33,bihar,giridih,0.0116460269658872,0.0072439721485174,0.0116460269658872,banka
BR,Barh,S0418,5,1,bihar,patna,0.6621958853912508,0.3666849086195943,0.6621958491117736,barh
BR,Barh,S0418,5,2,bihar,nalanda,0.2692235421206907,0.2707620661327656,0.2692235273708416,barh
BR,Barh,S0418,5,26,bihar,munger,0.0360760125323883,0.0119689693357366,0.0360760105559054,barh
BR,Barh,S0418,5,17,bihar,begusarai,0.03250455995567,0.0298710802973378,0.0325045581748549,barh
BR,Begusarai,S0430,5,26,bihar,munger,0.7019667403952724,0.2535101811577753,0.7005708163348664,begusarai
BR,Begusarai,S0430,5,17,bihar,begusarai,0.2459155036758621,0.2459989156838966,0.2454264785573576,begusarai
BR,Begusarai,S0430,5,8,bihar,nawada,0.0335695410222029,0.0290011471232414,0.0335027849676592,begusarai
BR,Begusarai,S0430,5,2,bihar,nalanda,0.0185482149066624,0.0203056805542056,0.0185113301114495,begusarai
BR,Bettiah,S0402,5,13,bihar,purba champaran,0.5147450892880866,0.3053538623329228,0.5142860456700142,bettiah
BR,Bettiah,S0402,5,12,bihar,pashchim champaran,0.4755396533196942,0.2151820806419204,0.475115572648427,bettiah
BR,Bettiah,S0402,25,55,uttar pradesh,deoria,0.009715257392219,0.0039376619187729,0.0097065934399121,bettiah
BR,Bhagalpur,S0427,5,27,bihar,bhagalpur,0.8501481780103285,0.2674113806276936,0.8501481780103277,bhagalpur
BR,Bhagalpur,S0427,5,31,bihar,santal parganas,0.0804496797487703,0.0104441262631701,0.0804496797487703,bhagalpur
BR,Bhagalpur,S0427,5,31,bihar,santal parganas,0.0694021422409011,0.0090099145050921,0.069402142240901,bhagalpur
BR,Bikramganj,S0436,5,4,bihar,rohtas,0.6988126815699796,0.2193184421985083,0.6988126815699793,bikramganj
BR,Bikramganj,S0436,5,3,bihar,bhojpur,0.2537398955484388,0.1191051508507407,0.2537398955484387,bikramganj
BR,Bikramganj,S0436,5,5,bihar,aurangabad,0.0298245151389899,0.0238084618111416,0.0298245151389899,bikramganj
BR,Bikramganj,S0436,5,6,bihar,jehanabad,0.0176229077425917,0.0190855186652985,0.0176229077425917,bikramganj
BR,Buxar,S0434,5,3,bihar,bhojpur,0.9683494292612246,0.5133431796437707,0.9683482444303668,buxar
BR,Buxar,S0434,25,59,uttar pradesh,ballia,0.0163444029237564,0.0153443330185335,0.0163443829254455,buxar
BR,Buxar,S0434,5,4,bihar,rohtas,0.0094493357606104,0.0033492654109553,0.0094493241988082,buxar
BR,Buxar,S0434,25,60,uttar pradesh,ghazipur,0.0058568320544085,0.0042044725264957,0.0058568248882398,buxar
BR,Chapra,S0407,5,9,bihar,saran,0.7480154298178073,0.3921692360235499,0.7480154298178078,chapra
BR,Chapra,S0407,5,1,bihar,patna,0.1791971898098784,0.0824414031012142,0.1791971898098785,chapra
BR,Chapra,S0407,5,3,bihar,bhojpur,0.0523643893740736,0.0190048225819143,0.0523643893740737,chapra
BR,Chapra,S0407,5,16,bihar,vaishali,0.0148731480282837,0.0153552745795173,0.0148731480282837,chapra
BR,Chapra,S0407,5,15,bihar,muzaffarpur,0.0055498429699568,0.0029427927080882,0.0055498429699568,chapra
BR,Darbhanga,S0415,5,19,bihar,darbhanga,0.9229457905755384,0.4907059455558931,0.9221901375136264,darbhanga
BR,Darbhanga,S0415,5,20,bihar,madhubani,0.0770542094244616,0.0315294510981065,0.0769911220255273,darbhanga
BR,Gaya,S0440,5,7,bihar,gaya,0.8737303323792884,0.6251306342404174,0.8737303323792888,gaya
BR,Gaya,S0440,5,8,bihar,nawada,0.0582088458422716,0.0822863796813455,0.0582088458422716,gaya
BR,Gaya,S0440,5,34,bihar,hazaribag,0.0570964588213294,0.0184704701312369,0.0570964588213295,gaya
BR,Gaya,S0440,5,6,bihar,jehanabad,0.0109643629571104,0.0196833044372666,0.0109643629571104,gaya
BR,Gopalganj,S0404,5,11,bihar,gopalganj,0.8043181292849546,0.8489641183082812,0.802193979519518,gopalganj
BR,Gopalganj,S0404,5,9,bihar,saran,0.1454243630990605,0.092231532366694,0.1450403071944146,gopalganj
BR,Gopalganj,S0404,25,55,uttar pradesh,deoria,0.0409598158500871,0.015516542326591,0.0408516437474545,gopalganj
BR,Gopalganj,S0404,5,10,bihar,siwan,0.0092976917658977,0.0108855534170017,0.0092731371909546,gopalganj
BR,Hajipur,S0408,5,16,bihar,vaishali,0.8298291537231169,0.7231469494104006,0.8298291537231176,hajipur
BR,Hajipur,S0408,5,1,bihar,patna,0.0738790076545805,0.0286891985921865,0.0738790076545805,hajipur
BR,Hajipur,S0408,5,18,bihar,samastipur,0.0722468949225487,0.048487815780145,0.0722468949225487,hajipur
BR,Hajipur,S0408,5,15,bihar,muzaffarpur,0.0240449436997538,0.0107618249641421,0.0240449436997538,hajipur
BR,Jahanabad,S0438,5,6,bihar,jehanabad,0.7421808935899741,0.7591416583191147,0.7421808935899734,jahanabad
BR,Jahanabad,S0438,5,7,bihar,gaya,0.1336944814045843,0.0545011038317777,0.1336944814045842,jahanabad
BR,Jahanabad,S0438,5,1,bihar,patna,0.0960757014126846,0.0539918749864299,0.0960757014126846,jahanabad
BR,Jahanabad,S0438,5,2,bihar,nalanda,0.0280489235927569,0.0286285447374124,0.0280489235927568,jahanabad
BR,Jhanjharpur,S0414,5,20,bihar,madhubani,0.8617552773652796,0.528552454978187,0.8582884299292072,jhanjharpur
BR,Jhanjharpur,S0414,5,21,bihar,saharsa,0.1382447226347203,0.0892585485500812,0.1376885631602091,jhanjharpur
BR,Katihar,S0425,5,24,bihar,katihar,0.7595949245103647,0.8128049436072118,0.7584466891329703,katihar
BR,Katihar,S0425,26,5,west bengal,maldah,0.1200084789812242,0.0904368364684225,0.1198270691577681,katihar
BR,Katihar,S0425,26,4,west bengal,uttar dinajpur,0.0699915286296003,0.0448071282115416,0.0698857265149505,katihar
BR,Katihar,S0425,5,31,bihar,santal parganas,0.0296493150124797,0.0057550958687712,0.0296044958709685,katihar
BR,Katihar,S0425,5,23,bihar,purnia,0.0207557528663309,0.0153319251770339,0.0207243776043899,katihar
BR,Khagaria,S0428,5,27,bihar,bhagalpur,0.4580044421561719,0.2046396915425888,0.4570950846860884,khagaria
BR,Khagaria,S0428,5,25,bihar,khagaria,0.3226832532885098,0.4358637094231781,0.3220425729809841,khagaria
BR,Khagaria,S0428,5,24,bihar,katihar,0.1250283405558421,0.1271035174659156,0.1247800996110134,khagaria
BR,Khagaria,S0428,5,22,bihar,madhepura,0.0398942371759,0.0515255201981282,0.0398150280695027,khagaria
BR,Khagaria,S0428,5,26,bihar,munger,0.0355944142636192,0.014974582604138,0.0355237423584484,khagaria
BR,Khagaria,S0428,5,17,bihar,begusarai,0.0187953125599569,0.0219023563499108,0.0187579948915987,khagaria
BR,Kishanganj,S0423,5,42,bihar,kishanganj,0.433152700849569,1.0,0.4314463081561957,kishanganj
BR,Kishanganj,S0423,5,41,bihar,araria,0.2149520939521163,0.3050342469426253,0.214105296317412,kishanganj
BR,Kishanganj,S0423,5,23,bihar,purnia,0.2134560545617063,0.1996881342286301,0.212615150531451,kishanganj
BR,Kishanganj,S0423,26,4,west bengal,uttar dinajpur,0.1306811885621624,0.1059498358614401,0.1301663737523126,kishanganj
BR,Kishanganj,S0423,26,3,west bengal,darjiling,0.0077579620744458,0.0088799638408843,0.007727399804435,kishanganj
BR,Madhepura,S0421,5,22,bihar,madhepura,0.6939291937996709,0.8128511728017462,0.6939291937996703,madhepura
BR,Madhepura,S0421,5,21,bihar,saharsa,0.132594789272431,0.0963426601855981,0.1325947892724309,madhepura
BR,Madhepura,S0421,5,23,bihar,purnia,0.0836940241045362,0.0532698075916943,0.0836940241045362,madhepura
BR,Madhepura,S0421,5,27,bihar,bhagalpur,0.0458675670845639,0.0185870105403858,0.0458675670845639,madhepura
BR,Madhepura,S0421,5,25,bihar,khagaria,0.0439144257387978,0.053797878504727,0.0439144257387978,madhepura
BR,Madhubani,S0413,5,20,bihar,madhubani,0.8705026919386593,0.4204044356222648,0.8705026919386591,madhubani
BR,Madhubani,S0413,5,19,bihar,darbhanga,0.117434844218834,0.0736918115159859,0.1174348442188339,madhubani
BR,Madhubani,S0413,5,14,bihar,sitamarhi,0.0120624638425067,0.0077405858854971,0.0120624638425067,madhubani
BR,Maharajganj,S0406,5,9,bihar,saran,0.8034273267039337,0.4334069258206939,0.8010638198368726,maharajganj
BR,Maharajganj,S0406,5,10,bihar,siwan,0.1503443078354928,0.1497163921154077,0.1499020278778885,maharajganj
BR,Maharajganj,S0406,5,3,bihar,bhojpur,0.0462283654605735,0.0172632514445805,0.0460923717551225,maharajganj
BR,Monghyr,S0429,5,26,bihar,munger,0.9020103288027312,0.433765643099062,0.8989202224902159,monghyr
BR,Monghyr,S0429,5,27,bihar,bhagalpur,0.0776985880310473,0.0396829612945551,0.0774324082660473,monghyr
BR,Monghyr,S0429,5,25,bihar,khagaria,0.0202910831662214,0.0313292702533468,0.0202215699886252,monghyr
BR,Motihari,S0403,5,13,bihar,purba champaran,0.8403004892768164,0.4945695633404684,0.8403004892768162,motihari
BR,Motihari,S0403,5,15,bihar,muzaffarpur,0.0884948187575068,0.0602566289467969,0.0884948187575068,motihari
BR,Motihari,S0403,5,11,bihar,gopalganj,0.03426574958399,0.0383928575162107,0.03426574958399,motihari
BR,Motihari,S0403,5,9,bihar,saran,0.0167197643578691,0.0112564417756086,0.0167197643578691,motihari
BR,Motihari,S0403,5,14,bihar,sitamarhi,0.0144423387369403,0.0122876985805734,0.0144423387369403,motihari
BR,Motihari,S0403,5,12,bihar,pashchim champaran,0.005776839286877,0.002593529635129,0.005776839286877,motihari
BR,Muzaffarpur,S0410,5,15,bihar,muzaffarpur,0.9036769400181912,0.4279629690101667,0.9003019714933799,muzaffarpur
BR,Muzaffarpur,S0410,5,14,bihar,sitamarhi,0.04803184621306,0.0284228947587567,0.0478524613444427,muzaffarpur
BR,Muzaffarpur,S0410,5,19,bihar,darbhanga,0.0318142898962734,0.0184096574874209,0.0316954728475203,muzaffarpur
BR,Muzaffarpur,S0410,5,18,bihar,samastipur,0.0164769238724752,0.0117009305532724,0.0164153873908049,muzaffarpur
BR,Nalanda,S0431,5,2,bihar,nalanda,0.7957505483731092,0.6803037085756163,0.7925369036241816,nalanda
BR,Nalanda,S0431,5,8,bihar,nawada,0.1045563661898957,0.0705392301548208,0.1041341144957435,nalanda
BR,Nalanda,S0431,5,26,bihar,munger,0.050873307354165,0.0143476014487969,0.0506678551086421,nalanda
BR,Nalanda,S0431,5,7,bihar,gaya,0.04881977808283,0.0166698018411148,0.0486226190311643,nalanda
BR,Nawada,S0439,5,8,bihar,nawada,0.7133754957069801,0.8181732430405921,0.713134034673149,nawada
BR,Nawada,S0439,5,7,bihar,gaya,0.1393924214141555,0.080913437024305,0.1393452403175444,nawada
BR,Nawada,S0439,5,34,bihar,hazaribag,0.0978663038075158,0.0256856216132221,0.0978331783370773,nawada
BR,Nawada,S0439,5,26,bihar,munger,0.0373808715323199,0.0179219641786683,0.0373682189756509,nawada
BR,Nawada,S0439,5,33,bihar,giridih,0.0119849075390285,0.0047768372724763,0.0119808509262317,nawada
BR,Patna,S0432,5,1,bihar,patna,1.0,0.2205701866892578,1.0,patna
BR,Purnea,S0424,5,23,bihar,purnia,0.9197141313882516,0.6530569051632062,0.9194434351680102,purnea
BR,Purnea,S0424,5,24,bihar,katihar,0.058421012274012,0.0600915389268725,0.0584038174232801,purnea
BR,Purnea,S0424,5,27,bihar,bhagalpur,0.0218648563377363,0.0098846650298142,0.0218584209315979,purnea
BR,Rosera,S0416,5,19,bihar,darbhanga,0.5311408316068978,0.3876107413704604,0.5291262340350317,rosera
BR,Rosera,S0416,5,18,bihar,samastipur,0.3104966740010163,0.2780762249562841,0.3093189715757997,rosera
BR,Rosera,S0416,5,17,bihar,begusarai,0.0724133503809761,0.062274400718716,0.0721386892154866,rosera
BR,Rosera,S0416,5,25,bihar,khagaria,0.0699307697102029,0.0697095403533019,0.0696655248815749,rosera
BR,Rosera,S0416,5,21,bihar,saharsa,0.0160183743009066,0.0094705801248255,0.0159576171983615,rosera
BR,Saharsa,S0420,5,21,bihar,saharsa,0.7345494252278041,0.5902675647100533,0.734549425227804,saharsa
BR,Saharsa,S0420,5,25,bihar,khagaria,0.1945159645447087,0.2635414388345092,0.1945159645447086,saharsa
BR,Saharsa,S0420,5,22,bihar,madhepura,0.0304217898194013,0.0394109005928427,0.0304217898194013,saharsa
BR,Saharsa,S0420,5,41,bihar,araria,0.0224352423764183,0.0239561102872315,0.0224352423764183,saharsa
BR,Saharsa,S0420,5,19,bihar,darbhanga,0.0113471069023565,0.0112548837021738,0.0113471069023565,saharsa
BR,Saharsa,S0420,5,20,bihar,madhubani,0.0067304711293108,0.005137788774016,0.0067304711293108,saharsa
BR,Samastipur,S0417,5,18,bihar,samastipur,0.805203606581032,0.6617350287102984,0.8049183968978768,samastipur
BR,Samastipur,S0417,5,1,bihar,patna,0.0975198951691233,0.0463719722846733,0.0974853528270682,samastipur
BR,Samastipur,S0417,5,17,bihar,begusarai,0.0853264600820938,0.0673358195363142,0.0852962367541729,samastipur
BR,Samastipur,S0417,5,19,bihar,darbhanga,0.0119500381677509,0.008002522671919,0.0119458053667901,samastipur
BR,Sasaram,S0435,5,4,bihar,rohtas,0.958005311664088,0.7298142454250299,0.953461322494154,sasaram
BR,Sasaram,S0435,5,3,bihar,bhojpur,0.0304947845258373,0.0347454067480256,0.0303501423522108,sasaram
BR,Sasaram,S0435,5,5,bihar,aurangabad,0.0114999038100744,0.0222834380639674,0.0114453577259013,sasaram
BR,Sheohar,S0412,5,14,bihar,sitamarhi,0.6277342205669758,0.4595802046844885,0.6277342205669751,sheohar
BR,Sheohar,S0412,5,13,bihar,purba champaran,0.3722657794330242,0.1885377724868084,0.3722657794330238,sheohar
BR,Sitamarhi,S0411,5,14,bihar,sitamarhi,0.7352545923046615,0.491968616090684,0.7253785969103428,sitamarhi
BR,Sitamarhi,S0411,5,15,bihar,muzaffarpur,0.2204183430054921,0.1180324307833614,0.217457667121072,sitamarhi
BR,Sitamarhi,S0411,5,20,bihar,madhubani,0.0285479618314355,0.0143758695274255,0.0281645034450272,sitamarhi
BR,Sitamarhi,S0411,5,19,bihar,darbhanga,0.0157791028584107,0.0103244376961468,0.0155671567532287,sitamarhi
BR,Siwan,S0405,5,10,bihar,siwan,0.7876490522136622,0.8195401248814327,0.7876489332940196,siwan
BR,Siwan,S0405,5,9,bihar,saran,0.0818137173461727,0.0461137539372224,0.0818137049938973,siwan
BR,Siwan,S0405,5,11,bihar,gopalganj,0.0760446595517467,0.0713332966408589,0.0760446480704865,siwan
BR,Siwan,S0405,25,55,uttar pradesh,deoria,0.0401195047243892,0.0135068667698315,0.0401194986671266,siwan
BR,Siwan,S0405,25,59,uttar pradesh,ballia,0.0143730661640289,0.0099316600800684,0.0143730639939762,siwan
BR,Vaishali,S0409,5,15,bihar,muzaffarpur,0.7223819841659151,0.3800433535874445,0.7223819841659159,vaishali
BR,Vaishali,S0409,5,16,bihar,vaishali,0.2552854447148052,0.2614977760100822,0.2552854447148054,vaishali
BR,Vaishali,S0409,5,9,bihar,saran,0.0223325711192796,0.0116168652211905,0.0223325711192796,vaishali
CG,Bastar,S2609,13,45,madhya pradesh,bastar,0.9816593835815228,0.6522455161775526,0.9798946145180708,bastar
CG,Bastar,S2609,19,11,odisha,koraput,0.0113921669642631,0.0113283360359648,0.0113716868016319,bastar
CG,Bastar,S2609,14,30,maharashtra,gadchiroli,0.0069484494542142,0.0119466673783786,0.0069359579435733,bastar
CG,Bilaspur,S2604,13,40,madhya pradesh,bilaspur,0.9655451326659332,0.384579442734857,0.9608103492305282,bilaspur
CG,Bilaspur,S2604,13,14,madhya pradesh,shahdol,0.0217101003057366,0.012287279067216,0.0216036395926835,bilaspur
CG,Bilaspur,S2604,13,35,madhya pradesh,mandla,0.01274476702833,0.0075667465332466,0.0126822699893286,bilaspur
CG,Durg,S2610,13,43,madhya pradesh,durg,0.91814786871021,0.5564887179255341,0.9181478687102108,durg
CG,Durg,S2610,13,40,madhya pradesh,bilaspur,0.0367712089167474,0.0099277460615783,0.0367712089167474,durg
CG,Durg,S2610,13,42,madhya pradesh,raj nandgaon,0.0325902283467981,0.017250636435716,0.0325902283467981,durg
CG,Durg,S2610,13,44,madhya pradesh,raipur,0.0124906940262443,0.0032109755663551,0.0124906940262443,durg
CG,Janjgir,S2603,13,40,madhya pradesh,bilaspur,0.964359128698036,0.4884276797146877,0.9643591286980364,janjgir
CG,Janjgir,S2603,13,41,madhya pradesh,raigarh,0.0187425666032113,0.0147824464028508,0.0187425666032113,janjgir
CG,Janjgir,S2603,13,39,madhya pradesh,surguja,0.0168983046987526,0.0078386589104032,0.0168983046987526,janjgir
CG,Kanker,S2608,13,45,madhya pradesh,bastar,0.6703785284419819,0.3108147351641054,0.6691670287545427,kanker
CG,Kanker,S2608,13,43,madhya pradesh,durg,0.1747052769317975,0.3572783141144165,0.1743895517415998,kanker
CG,Kanker,S2608,13,44,madhya pradesh,raipur,0.1387923195563216,0.1203851074555934,0.1385414958132756,kanker
CG,Kanker,S2608,13,42,madhya pradesh,raj nandgaon,0.0086290399288677,0.015411222741118,0.0086134456358927,kanker
CG,Kanker,S2608,14,30,maharashtra,gadchiroli,0.0074948351410312,0.0089919146893565,0.0074812905687552,kanker
CG,Mahasamund,S2607,13,44,madhya pradesh,raipur,0.9356079231369436,0.4984849668914128,0.935607923136944,mahasamund
CG,Mahasamund,S2607,19,10,odisha,kalahandi,0.0411761782207333,0.038133661958826,0.0411761782207333,mahasamund
CG,Mahasamund,S2607,13,41,madhya pradesh,raigarh,0.0108965399418748,0.0094949982437547,0.0108965399418748,mahasamund
CG,Mahasamund,S2607,13,43,madhya pradesh,durg,0.0069256953836031,0.0086999120681812,0.0069256953836031,mahasamund
CG,Mahasamund,S2607,19,1,odisha,sambalpur,0.0053936633168447,0.0034562070754842,0.0053936633168447,mahasamund
CG,Raigarh,S2602,13,41,madhya pradesh,raigarh,0.9191503490732104,0.8020194248524359,0.9180264532190542,raigarh
CG,Raigarh,S2602,5,37,bihar,gumla,0.0301875853384616,0.0378862033395487,0.0301506733119981,raigarh
CG,Raigarh,S2602,13,39,madhya pradesh,surguja,0.0263351307105378,0.0135149732013134,0.0263029292929416,raigarh
CG,Raigarh,S2602,19,2,odisha,sundargarh,0.0243269348777902,0.0298829876945978,0.0242971889920588,raigarh
CG,Raipur,S2606,13,44,madhya pradesh,raipur,0.93280670644883,0.1955035463521795,0.9328067064488296,raipur
CG,Raipur,S2606,13,43,madhya pradesh,durg,0.0416990549702242,0.0206054685871971,0.0416990549702242,raipur
CG,Raipur,S2606,13,40,madhya pradesh,bilaspur,0.0254942385809458,0.0056117374814204,0.0254942385809458,raipur
CG,Rajnandgaon,S2611,13,42,madhya pradesh,raj nandgaon,0.8806002504359822,0.95874432258654,0.8803702830920903,rajnandgaon
CG,Rajnandgaon,S2611,13,43,madhya pradesh,durg,0.0456638750199963,0.0569275873046708,0.0456519499722292,rajnandgaon
CG,Rajnandgaon,S2611,14,30,maharashtra,gadchiroli,0.0214565020529239,0.0156927262111806,0.0214508987218053,rajnandgaon
CG,Rajnandgaon,S2611,13,38,madhya pradesh,balaghat,0.020930301638358,0.0262290334979053,0.0209248357236342,rajnandgaon
CG,Rajnandgaon,S2611,14,28,maharashtra,bhandara,0.0120971094669072,0.0140755663438102,0.0120939503261603,rajnandgaon
CG,Rajnandgaon,S2611,13,40,madhya pradesh,bilaspur,0.0110212095862651,0.0061203786935512,0.0110183314150475,rajnandgaon
CG,Rajnandgaon,S2611,13,35,madhya pradesh,mandla,0.0082307517995671,0.006813218820656,0.0082286023519276,rajnandgaon
CG,Sarangarh,S2605,13,44,madhya pradesh,raipur,0.4299282848690183,0.1526920781537004,0.4299282848690182,sarangarh
CG,Sarangarh,S2605,13,40,madhya pradesh,bilaspur,0.2823915571348392,0.1053330153139053,0.2823915571348391,sarangarh
CG,Sarangarh,S2605,13,41,madhya pradesh,raigarh,0.261212403141037,0.1517268290049181,0.2612124031410369,sarangarh
CG,Sarangarh,S2605,19,1,odisha,sambalpur,0.0264677548551054,0.0113056448384334,0.0264677548551054,sarangarh
CG,Surguja,S2601,13,39,madhya pradesh,surguja,0.9386717388550008,0.9639822222863444,0.9323279101279264,surguja
CG,Surguja,S2601,5,35,bihar,palamu,0.0272692218555201,0.04676897171215,0.0270849281713585,surguja
CG,Surguja,S2601,13,15,madhya pradesh,sidhi,0.017679633270896,0.036524362700499,0.017560148939169,surguja
CG,Surguja,S2601,25,63,uttar pradesh,sonbhadra,0.0090449200049672,0.0285358380713447,0.0089837916882336,surguja
CG,Surguja,S2601,13,41,madhya pradesh,raigarh,0.0073344860136159,0.0128068872736893,0.0072849173293299,surguja
CH,Chandigarh,U0201,8,1,haryana,ambala,0.5749270235663375,0.0273702855640808,0.5749270235663368,chandigarh
CH,Chandigarh,U0201,20,8,punjab,rupnagar,0.2654165659926242,0.0149416616250583,0.265416565992624,chandigarh
CH,Chandigarh,U0201,28,1,chandigarh,chandigarh,0.1596564104410382,0.1045510335238126,0.159656410441038,chandigarh
DD,Daman And Diu,U0401,30,1,daman diu,daman,1.0,0.3167077109289721,0.6285184321596958,daman and diu
DL,Chandni Chowk,U0505,31,1,nct of delhi,north west,0.9385566226409632,0.0063915175670807,0.9385566226409668,chandni chowk
DL,Chandni Chowk,U0505,25,16,uttar pradesh,ghaziabad,0.0614433773590367,0.0002451921401698,0.0614433773590369,chandni chowk
DL,Delhi Sadar,U0506,31,1,nct of delhi,north west,0.8271308494502029,0.0149317190423438,0.8271308494502035,delhi sadar
DL,Delhi Sadar,U0506,25,16,uttar pradesh,ghaziabad,0.1728691505497971,0.0018286940212259,0.1728691505497972,delhi sadar
DL,East Delhi,U0504,25,16,uttar pradesh,ghaziabad,0.4186554601015784,0.0544604909096219,0.4186506964136768,east delhi
DL,East Delhi,U0504,8,8,haryana,sonipat,0.2842022472981662,0.0169873400084991,0.2841990134915255,east delhi
DL,East Delhi,U0504,31,1,nct of delhi,north west,0.2717570777245991,0.060327829375757,0.2717539855258183,east delhi
DL,East Delhi,U0504,25,15,uttar pradesh,meerut,0.0253852148756562,0.0024520099610596,0.0253849260289732,east delhi
DL,Karol Bagh,U0507,31,1,nct of delhi,north west,1.0,0.0208775785459827,1.0,karol bagh
DL,New Delhi,U0501,31,1,nct of delhi,north west,1.0,0.041265758453102,0.9999999999999996,new delhi
DL,Outer Delhi,U0503,31,1,nct of delhi,north west,0.8014616139657151,0.4466633950346985,0.8014610016372905,outer delhi
DL,Outer Delhi,U0503,8,8,haryana,sonipat,0.1141398496042877,0.0171275785519864,0.114139762399769,outer delhi
DL,Outer Delhi,U0503,8,8,haryana,rohtak,0.084398536429997,0.0126646615304735,0.0843984719482776,outer delhi
DL,South Delhi,U0502,31,1,nct of delhi,north west,1.0,0.0903500129345981,0.999999734127358,south delhi
DN,Dadra & Nagar Haveli,U0301,29,1,dadra nagar haveli,dadra nagar haveli,0.7306407243128451,0.6783641288519463,0.7306407243128458,dadra & nagar haveli
DN,Dadra & Nagar Haveli,U0301,14,2,maharashtra,thane,0.1495270541342669,0.0086342427393404,0.1495270541342671,dadra & nagar haveli
DN,Dadra & Nagar Haveli,U0301,7,18,gujarat,valsad,0.1198322215528878,0.0126360842869691,0.1198322215528879,dadra & nagar haveli
GA,Mormugao,S0502,6,1,goa,north goa,0.9587627053847514,0.50239753968107,0.7397727410233909,mormugao
GA,Mormugao,S0502,6,2,goa,south goa,0.0412372946152485,0.0252128098248121,0.0318183282459546,mormugao
GA,Panaji,S0501,6,2,goa,south goa,0.7576945627455416,0.915645747229148,0.632093840713666,panaji
GA,Panaji,S0501,11,20,karnataka,uttara kannada,0.1367957896641184,0.0259308795479255,0.1141195678756508,panaji
GA,Panaji,S0501,6,1,goa,north goa,0.1055096475903399,0.1092775057170939,0.0880196343709552,panaji
GJ,Ahmedabad,S0610,7,12,gujarat,ahmadabad,0.5059840340727406,0.0089721736380986,0.5059840340727397,ahmedabad
GJ,Ahmedabad,S0610,7,10,gujarat,gandhinagar,0.4940159659272594,0.0069757857663223,0.4940159659272586,ahmedabad
GJ,Amreli,S0607,7,5,gujarat,amreli,0.7672207100071052,0.9347051445268733,0.7111609756125924,amreli
GJ,Amreli,S0607,7,4,gujarat,bhavnagar,0.1746463652421603,0.1640216607003095,0.1618852018367148,amreli
GJ,Amreli,S0607,7,6,gujarat,junagadh,0.0522059430348254,0.0381418850364242,0.0483913284628071,amreli
GJ,Amreli,S0607,7,2,gujarat,rajkot,0.0059269817159089,0.0035481221749438,0.0054939055275043,amreli
GJ,Anand,S0620,7,13,gujarat,kheda,0.946722783242636,0.3592282949442688,0.91516983799803,anand
GJ,Anand,S0620,7,12,gujarat,ahmadabad,0.0532772167573638,0.0174162358010856,0.0515015616945667,anand
GJ,Banaskantha,S0614,7,8,gujarat,banas kantha,0.8509582386609187,0.7531276228628033,0.828565364302306,banaskantha
GJ,Banaskantha,S0614,21,18,rajasthan,jalor,0.0881646350551701,0.0837837797913269,0.0858445921835362,banaskantha
GJ,Banaskantha,S0614,7,2,gujarat,rajkot,0.0420829988449499,0.0334064425810322,0.0409755892648375,banaskantha
GJ,Banaskantha,S0614,21,19,rajasthan,sirohi,0.0187941274389613,0.0351500230327158,0.0182995620004943,banaskantha
GJ,Baroda,S0622,7,15,gujarat,vadodara,0.8408071054398116,0.2926540727848298,0.8405465442617659,baroda
GJ,Baroda,S0622,7,13,gujarat,kheda,0.1018060459610147,0.0391476992471872,0.1017744968659891,baroda
GJ,Baroda,S0622,7,14,gujarat,panch mahals,0.0322806405738785,0.0094370665644499,0.0322706369931742,baroda
GJ,Baroda,S0622,7,16,gujarat,bharuch,0.0251062080252952,0.008600350212849,0.0250984277590522,baroda
GJ,Bhavnagar,S0608,7,4,gujarat,bhavnagar,0.9685178277040748,0.5302327707294281,0.7995395615937921,bhavnagar
GJ,Bhavnagar,S0608,7,5,gujarat,amreli,0.0246120300172718,0.0174790990985766,0.0203179447265222,bhavnagar
GJ,Bhavnagar,S0608,7,12,gujarat,ahmadabad,0.0068701422786533,0.0038518353702879,0.0056715017405335,bhavnagar
GJ,Broach,S0623,7,16,gujarat,bharuch,0.8532737486585246,0.7894490797647277,0.8338462261339364,broach
GJ,Broach,S0623,7,17,gujarat,surat,0.1467262513414754,0.1434902862018394,0.1433855560987513,broach
GJ,Bulsar,S0626,7,18,gujarat,valsad,0.6422890670372896,0.7163388562622798,0.6342190837946989,bulsar
GJ,Bulsar,S0626,7,19,gujarat,the dangs,0.3020737868500808,0.8414820109348008,0.2982784079108896,bulsar
GJ,Bulsar,S0626,29,1,dadra nagar haveli,dadra nagar haveli,0.0327534010202915,0.3216358711480537,0.0323418738576219,bulsar
GJ,Bulsar,S0626,30,1,daman diu,daman,0.0228837450923381,0.6832922890710279,0.0225962243343175,bulsar
GJ,Chhota Udaipur,S0621,7,15,gujarat,vadodara,0.7519515050529374,0.6441177181732185,0.7519515050529375,chhota udaipur
GJ,Chhota Udaipur,S0621,7,16,gujarat,bharuch,0.1955484466603295,0.1648566982046326,0.1955484466603296,chhota udaipur
GJ,Chhota Udaipur,S0621,7,14,gujarat,panch mahals,0.035028779838203,0.0252021212921283,0.035028779838203,chhota udaipur
GJ,Chhota Udaipur,S0621,13,21,madhya pradesh,jhabua,0.0174712684485299,0.0169786843427935,0.0174712684485299,chhota udaipur
GJ,Dhandhuka,S0609,7,12,gujarat,ahmadabad,0.6475641055371149,0.7436134382225578,0.6281096185035895,dhandhuka
GJ,Dhandhuka,S0609,7,4,gujarat,bhavnagar,0.2665240492475647,0.2988531413399348,0.2585169830499891,dhandhuka
GJ,Dhandhuka,S0609,7,3,gujarat,surendranagar,0.0711262149295544,0.064871091300588,0.0689894009612399,dhandhuka
GJ,Dhandhuka,S0609,7,10,gujarat,mahesana,0.0147856302857661,0.0135205885583277,0.0143414320199614,dhandhuka
GJ,Dohad,S0617,7,14,gujarat,panch mahals,0.9116238376459416,0.5085077496164823,0.9071197258333292,dohad
GJ,Dohad,S0617,21,24,rajasthan,banswara,0.050818598327215,0.0454042500108091,0.050567515984286,dohad
GJ,Dohad,S0617,21,23,rajasthan,dungarpur,0.0375575640268433,0.0462591224026518,0.0373720012313123,dohad
GJ,Gandhinagar,S0611,7,10,gujarat,gandhinagar,0.7226764080954288,0.064598489402327,0.7226764080954293,gandhinagar
GJ,Gandhinagar,S0611,7,10,gujarat,mahesana,0.2054307054046371,0.0183630088063448,0.2054307054046373,gandhinagar
GJ,Gandhinagar,S0611,7,12,gujarat,ahmadabad,0.0575153551808933,0.0064561111434223,0.0575153551808933,gandhinagar
GJ,Gandhinagar,S0611,7,9,gujarat,sabar kantha,0.0143775313190407,0.0016726458036395,0.0143775313190407,gandhinagar
GJ,Godhra,S0618,7,14,gujarat,panch mahals,0.8037309348765879,0.4230929154252386,0.803730934876588,godhra
GJ,Godhra,S0618,7,13,gujarat,kheda,0.1277720719771747,0.0884705659084816,0.1277720719771747,godhra
GJ,Godhra,S0618,7,9,gujarat,sabar kantha,0.0320523116910019,0.0198161716244573,0.0320523116910019,godhra
GJ,Godhra,S0618,7,15,gujarat,vadodara,0.0290726453252201,0.0182210308855916,0.0290726453252201,godhra
GJ,Godhra,S0618,21,23,rajasthan,dungarpur,0.0073720361300155,0.0085690089018633,0.0073720361300155,godhra
GJ,Jamnagar,S0603,7,1,gujarat,jamnagar,0.969989941183957,0.7496351894406326,0.9045819552544798,jamnagar
GJ,Jamnagar,S0603,7,6,gujarat,junagadh,0.0219971763490379,0.016218740586699,0.0205138712754101,jamnagar
GJ,Jamnagar,S0603,7,2,gujarat,rajkot,0.008012882467005,0.0048408512090169,0.007472560880766,jamnagar
GJ,Junagadh,S0606,7,6,gujarat,junagadh,0.9553973032844068,0.6021789430597879,0.856673944533714,junagadh
GJ,Junagadh,S0606,7,5,gujarat,amreli,0.0317155302628509,0.0333338624322863,0.0284382929696912,junagadh
GJ,Junagadh,S0606,30,2,daman diu,diu,0.007290157572193,1.0,0.0065368491434644,junagadh
GJ,Junagadh,S0606,7,2,gujarat,rajkot,0.0055970088805492,0.0028905488984439,0.0050186573259177,junagadh
GJ,Kaira,S0619,7,13,gujarat,kheda,0.8993923078247774,0.3580516361188431,0.8993923078247777,kaira
GJ,Kaira,S0619,7,12,gujarat,ahmadabad,0.1006076921752226,0.0345058507514202,0.1006076921752226,kaira
GJ,Kapadvanj,S0616,7,9,gujarat,sabar kantha,0.5067757759914984,0.3356916876146337,0.5067344808012045,kapadvanj
GJ,Kapadvanj,S0616,7,12,gujarat,ahmadabad,0.2235353761928034,0.14286917358578,0.223517161162933,kapadvanj
GJ,Kapadvanj,S0616,7,13,gujarat,kheda,0.2090689981992326,0.1551018037812193,0.2090519619783354,kapadvanj
GJ,Kapadvanj,S0616,7,10,gujarat,mahesana,0.0244327328211105,0.012435281130475,0.0244307418925795,kapadvanj
GJ,Kapadvanj,S0616,7,10,gujarat,gandhinagar,0.0219296906641187,0.0111613330571457,0.0219279036987743,kapadvanj
GJ,Kapadvanj,S0616,21,23,rajasthan,dungarpur,0.0142574261312363,0.0177561420862235,0.0142562643489391,kapadvanj
GJ,Kutch,S0601,7,7,gujarat,kachchh,0.9692938981000608,1.0,0.463458275959706,kutch
GJ,Kutch,S0601,7,2,gujarat,rajkot,0.0307061018999394,0.0492678300531291,0.0146818184617519,kutch
GJ,Mandvi,S0625,7,17,gujarat,surat,0.9055356494030472,0.6704212040708369,0.905535657895917,mandvi
GJ,Mandvi,S0625,7,18,gujarat,valsad,0.0406759200219118,0.0420838201661872,0.0406759204034045,mandvi
GJ,Mandvi,S0625,7,19,gujarat,the dangs,0.0275235016566733,0.0711254903902803,0.0275235019148117,mandvi
GJ,Mandvi,S0625,14,7,maharashtra,dhule,0.0201197035074832,0.0084981870834158,0.0201197036961825,mandvi
GJ,Mandvi,S0625,7,16,gujarat,bharuch,0.0061452254108844,0.0043042854546723,0.0061452254685195,mandvi
GJ,Mehsana,S0612,7,10,gujarat,mahesana,0.9727362417646496,0.3537641637103902,0.9726591878448072,mehsana
GJ,Mehsana,S0612,7,12,gujarat,ahmadabad,0.0272637582353504,0.012451256187537,0.0272615985754637,mehsana
GJ,Patan,S0613,7,10,gujarat,mahesana,0.8838925838747309,0.4961274210910512,0.876545043876076,patan
GJ,Patan,S0613,7,8,gujarat,banas kantha,0.1161074161252689,0.0567909944331229,0.1151422492037623,patan
GJ,Porbandar,S0605,7,6,gujarat,junagadh,0.4882198634430307,0.3384523628217927,0.4454740505703605,porbandar
GJ,Porbandar,S0605,7,1,gujarat,jamnagar,0.2698970520859273,0.196115893074287,0.246266368971174,porbandar
GJ,Porbandar,S0605,7,2,gujarat,rajkot,0.241883084471042,0.1373948246495697,0.2207051483810452,porbandar
GJ,Rajkot,S0604,7,2,gujarat,rajkot,0.8895478368448881,0.5647628539787147,0.8875926271537461,rajkot
GJ,Rajkot,S0604,7,1,gujarat,jamnagar,0.0667950819958648,0.0542489174850804,0.0666482676411673,rajkot
GJ,Rajkot,S0604,7,3,gujarat,surendranagar,0.0190655846100591,0.0154462728337653,0.0190236788077483,rajkot
GJ,Rajkot,S0604,7,5,gujarat,amreli,0.0112082861242002,0.0144818939422639,0.0111836505186224,rajkot
GJ,Rajkot,S0604,7,4,gujarat,bhavnagar,0.0069198821508681,0.0068924272303275,0.0069046723778997,rajkot
GJ,Rajkot,S0604,7,6,gujarat,junagadh,0.0064633282741195,0.005008068495296,0.0064491219981271,rajkot
GJ,Sabarkantha,S0615,7,9,gujarat,sabar kantha,0.5896793712467675,0.6099184893681395,0.5879094838576663,sabarkantha
GJ,Sabarkantha,S0615,7,8,gujarat,banas kantha,0.2744726811385184,0.1900813827040736,0.273648867790643,sabarkantha
GJ,Sabarkantha,S0615,21,19,rajasthan,sirohi,0.0767713215665184,0.1123524615011669,0.0765408970332709,sabarkantha
GJ,Sabarkantha,S0615,21,21,rajasthan,udaipur,0.0473373260748874,0.0216719811225561,0.04719524591991,sabarkantha
GJ,Sabarkantha,S0615,7,10,gujarat,mahesana,0.011739299973308,0.009329468145248,0.0117040651660674,sabarkantha
GJ,Surat,S0624,7,17,gujarat,surat,0.5295540614069405,0.111820397414196,0.5106141002856085,surat
GJ,Surat,S0624,7,18,gujarat,valsad,0.4704459385930594,0.1388212766074248,0.4536200308416052,surat
GJ,Surendranagar,S0602,7,3,gujarat,surendranagar,0.7555300576030273,0.9196826358656466,0.7514136489972874,surendranagar
GJ,Surendranagar,S0602,7,2,gujarat,rajkot,0.2137387699932499,0.2038885264551494,0.2125742417215729,surendranagar
GJ,Surendranagar,S0602,7,12,gujarat,ahmadabad,0.0194857755149383,0.0298639252998103,0.0193796097665183,surendranagar
GJ,Surendranagar,S0602,7,10,gujarat,mahesana,0.0112453968887844,0.0137244603323675,0.0111841277863018,surendranagar
HP,Hamirpur,S0804,9,2,himachal pradesh,kangra,0.2648881062910367,0.2187958962748937,0.2648881062910369,hamirpur
HP,Hamirpur,S0804,9,3,himachal pradesh,hamirpur,0.24619776148081,1.0,0.2461977614808102,hamirpur
HP,Hamirpur,S0804,9,4,himachal pradesh,una,0.2005565527654401,0.5870840260316874,0.2005565527654402,hamirpur
HP,Hamirpur,S0804,9,5,himachal pradesh,bilaspur,0.1688544956736201,0.7261682246776344,0.1688544956736202,hamirpur
HP,Hamirpur,S0804,9,6,himachal pradesh,mandi,0.1004712935261919,0.1213098722064087,0.1004712935261919,hamirpur
HP,Hamirpur,S0804,9,10,himachal pradesh,solan,0.019031790262901,0.0445337051871533,0.019031790262901,hamirpur
HP,Kangra,S0803,9,2,himachal pradesh,kangra,0.5268494010796252,0.668552475866685,0.5007127813233397,kangra
HP,Kangra,S0803,9,1,himachal pradesh,chamba,0.4165679955928976,0.4954571136315107,0.395902357023055,kangra
HP,Kangra,S0803,9,8,himachal pradesh,lahul spiti,0.0294389931539412,0.0158726765498323,0.0279785458828696,kangra
HP,Kangra,S0803,20,1,punjab,gurdaspur,0.0111052824172791,0.0231155616148065,0.0105543573460315,kangra
HP,Kangra,S0803,9,7,himachal pradesh,kullu,0.0081058465810036,0.0106437533187812,0.0077037213637094,kangra
HP,Kangra,S0803,9,6,himachal pradesh,mandi,0.007932481175253,0.0147141608368949,0.0075389564910138,kangra
HP,Mandi,S0802,9,8,himachal pradesh,lahul spiti,0.4212191530363379,0.9813113003206294,0.3876496532990691,mandi
HP,Mandi,S0802,9,12,himachal pradesh,kinnaur,0.186153139832869,0.916834980164113,0.1713174711941921,mandi
HP,Mandi,S0802,9,7,himachal pradesh,kullu,0.1743752340087566,0.9893562466812188,0.1604782178592128,mandi
HP,Mandi,S0802,9,6,himachal pradesh,mandi,0.1026070736920152,0.8223850870406575,0.0944296959338655,mandi
HP,Mandi,S0802,9,1,himachal pradesh,chamba,0.0844503432211326,0.4340033305423936,0.0777199850355221,mandi
HP,Mandi,S0802,9,9,himachal pradesh,shimla,0.0258625191607525,0.146828196317569,0.0238013787213549,mandi
HP,Mandi,S0802,9,2,himachal pradesh,kangra,0.0053325370481358,0.0292384514785768,0.004907554946192,mandi
HP,Simla,S0801,9,9,himachal pradesh,shimla,0.4975871363600783,0.7785443489761341,0.496687394330318,simla
HP,Simla,S0801,9,11,himachal pradesh,sirmaur,0.2777436845968166,0.7587721993257698,0.2772414656922841,simla
HP,Simla,S0801,9,10,himachal pradesh,solan,0.1682932425116757,0.7204356771369566,0.1679889329896891,simla
HP,Simla,S0801,9,6,himachal pradesh,mandi,0.0188288853175233,0.0415908799160388,0.0187948387390333,simla
HP,Simla,S0801,9,12,himachal pradesh,kinnaur,0.0182855286238146,0.0248201214806738,0.0182524645483251,simla
HP,Simla,S0801,9,5,himachal pradesh,bilaspur,0.0113249838819792,0.0891007895939002,0.0113045059330123,simla
HP,Simla,S0801,25,4,uttar pradesh,dehra dun,0.0079365387081118,0.0232733966348614,0.0079221877795513,simla
HR,Ambala,S0701,8,1,haryana,ambala,0.4520034989208723,0.684558369246359,0.4520035094562694,ambala
HR,Ambala,S0701,8,2,haryana,yamunanagar,0.2904029335288864,0.5671505585188094,0.2904029402976619,ambala
HR,Ambala,S0701,9,11,himachal pradesh,sirmaur,0.1448068410392199,0.1714585611750144,0.1448068444144097,ambala
HR,Ambala,S0701,9,10,himachal pradesh,solan,0.0698163417025711,0.12953540872744,0.0698163433298658,ambala
HR,Ambala,S0701,20,9,punjab,patiala,0.0429703848084501,0.0380786281194324,0.0429703858100133,ambala
HR,Bhiwani,S0708,8,13,haryana,bhiwani,0.6181891191943045,0.8379810502680369,0.6179691292052258,bhiwani
HR,Bhiwani,S0708,8,15,haryana,hisar,0.2936615807099252,0.2917058758242762,0.2935570777254382,bhiwani
HR,Bhiwani,S0708,8,8,haryana,rohtak,0.0592591859550179,0.0644743232600364,0.0592380978651983,bhiwani
HR,Bhiwani,S0708,8,12,haryana,mahendragarh,0.0231943492547026,0.0644588786747017,0.0231860952682108,bhiwani
HR,Bhiwani,S0708,8,14,haryana,jind,0.0056957648860497,0.0128476138677393,0.005693737980017,bhiwani
HR,Faridabad,S0706,8,9,haryana,faridabad,0.5019228189743195,0.8837467305817083,0.4993724105500299,faridabad
HR,Faridabad,S0706,8,10,haryana,gurgaon,0.3779166611942934,0.4801959185312928,0.3759963622958314,faridabad
HR,Faridabad,S0706,31,1,nct of delhi,north west,0.0506723814806654,0.1150145539149771,0.0504149011196983,faridabad
HR,Faridabad,S0706,25,17,uttar pradesh,bulandshahr,0.0438632776053451,0.0373064419834435,0.0436403961811647,faridabad
HR,Faridabad,S0706,25,16,uttar pradesh,ghaziabad,0.0195937515641795,0.0260607576414341,0.0194941903026397,faridabad
HR,Faridabad,S0706,21,6,rajasthan,bharatpur,0.006031109181197,0.0040660102148827,0.0060004634502558,faridabad
HR,Hissar,S0709,8,14,haryana,jind,0.382964739767499,0.6066551324535648,0.3829644259845378,hissar
HR,Hissar,S0709,8,15,haryana,hisar,0.3620300219654434,0.2525546078899904,0.3620297253353871,hissar
HR,Hissar,S0709,8,4,haryana,kaithal,0.2001842754708541,0.3852844053524696,0.200184111449449,hissar
HR,Hissar,S0709,8,6,haryana,panipat,0.0238519529582563,0.0641822158287488,0.0238519334151087,hissar
HR,Hissar,S0709,20,10,punjab,sangrur,0.0207249678129044,0.0172667571432532,0.0207249508318586,hissar
HR,Hissar,S0709,20,9,punjab,patiala,0.0102440420250424,0.0104887445662089,0.0102440336315652,hissar
HR,Karnal,S0703,8,5,haryana,karnal,0.5323499079824333,0.979226425704254,0.5304311613091574,karnal
HR,Karnal,S0703,8,6,haryana,panipat,0.292935485599892,0.6307717424773822,0.2918796593847444,karnal
HR,Karnal,S0703,8,3,haryana,kurukshetra,0.0784336146086584,0.1613859668607153,0.0781509166409369,karnal
HR,Karnal,S0703,25,14,uttar pradesh,muzaffarnagar,0.0367974396374272,0.0285115293492991,0.0366648107709041,karnal
HR,Karnal,S0703,8,2,haryana,yamunanagar,0.0299300064553966,0.0540447814797307,0.0298221298512002,karnal
HR,Karnal,S0703,8,4,haryana,kaithal,0.0172589923461139,0.0265813105389869,0.0171967858280857,karnal
HR,Karnal,S0703,8,14,haryana,jind,0.0122945533700783,0.0155849468572034,0.0122502401598673,karnal
HR,Kurukshetra,S0702,8,3,haryana,kurukshetra,0.3859005611407076,0.8386140331392847,0.3859007095243491,kurukshetra
HR,Kurukshetra,S0702,8,4,haryana,kaithal,0.3258439113751806,0.5300218092126436,0.3258440366662815,kurukshetra
HR,Kurukshetra,S0702,8,2,haryana,yamunanagar,0.1109318955730401,0.211556593677572,0.1109319382277555,kurukshetra
HR,Kurukshetra,S0702,8,1,haryana,ambala,0.106256227627138,0.1571432922292884,0.1062562684840001,kurukshetra
HR,Kurukshetra,S0702,20,9,punjab,patiala,0.0603743416904707,0.0522440967959448,0.0603743649051679,kurukshetra
HR,Kurukshetra,S0702,8,5,haryana,karnal,0.0106930625934627,0.0207735742957458,0.0106930667050804,kurukshetra
HR,Mahendragarh,S0707,8,12,haryana,mahendragarh,0.3312970104126336,0.6380455491741233,0.3312970469519588,mahendragarh
HR,Mahendragarh,S0707,8,11,haryana,rewari,0.2877646288744567,0.703063430489036,0.2877646606125196,mahendragarh
HR,Mahendragarh,S0707,8,10,haryana,gurgaon,0.2429903112976038,0.3809198343183564,0.2429903380974292,mahendragarh
HR,Mahendragarh,S0707,31,1,nct of delhi,north west,0.0619694048823581,0.1735325758162431,0.0619694117170719,mahendragarh
HR,Mahendragarh,S0707,8,8,haryana,rohtak,0.0221512238456442,0.0167017681120921,0.0221512262887413,mahendragarh
HR,Mahendragarh,S0707,8,9,haryana,faridabad,0.0180084810328433,0.0391192181652128,0.0180084830190301,mahendragarh
HR,Mahendragarh,S0707,21,4,rajasthan,jhunjhunun,0.0151523322464276,0.0109516733927143,0.0151523339176047,mahendragarh
HR,Mahendragarh,S0707,8,13,haryana,bhiwani,0.011869431464753,0.0111500386017994,0.0118694327738533,mahendragarh
HR,Mahendragarh,S0707,21,5,rajasthan,alwar,0.0087971759432794,0.004669770044342,0.0087971769135353,mahendragarh
HR,Rohtak,S0705,8,8,haryana,rohtak,0.8683093043602119,0.5279242683184833,0.8667181473395253,rohtak
HR,Rohtak,S0705,8,11,haryana,rewari,0.0558967130353207,0.1101224377129134,0.0557942835819763,rohtak
HR,Rohtak,S0705,8,14,haryana,jind,0.0285017856462767,0.0359259740655364,0.0284495567733331,rohtak
HR,Rohtak,S0705,8,8,haryana,sonipat,0.0211283417444362,0.0128458422594388,0.0210896245394802,rohtak
HR,Rohtak,S0705,8,13,haryana,bhiwani,0.0181657103097924,0.0137604072096635,0.0181324220594534,rohtak
HR,Rohtak,S0705,8,10,haryana,gurgaon,0.0079981449039616,0.0101103536152632,0.007983488485618,rohtak
HR,Sirsa,S0710,8,16,haryana,sirsa,0.4364263616143786,0.7301983625111891,0.4364262553250591,sirsa
HR,Sirsa,S0710,8,15,haryana,hisar,0.3444424488654098,0.3962753310426422,0.344442364978283,sirsa
HR,Sirsa,S0710,20,11,punjab,bathinda,0.164587589274294,0.2148250930547817,0.1645875491898618,sirsa
HR,Sirsa,S0710,20,10,punjab,sangrur,0.0316668515664022,0.0435102382637532,0.0316668438541089,sirsa
HR,Sirsa,S0710,20,12,punjab,faridkot,0.0162130543499753,0.0215358114582636,0.0162130504013721,sirsa
HR,Sirsa,S0710,8,14,haryana,jind,0.0066636943295399,0.0174087589999185,0.0066636927066326,sirsa
HR,Sonepat,S0704,8,8,haryana,sonipat,0.327057112228228,0.1897555572036137,0.3268721647901477,sonepat
HR,Sonepat,S0704,8,14,haryana,jind,0.2590335245657977,0.3115775737560374,0.2588870437679366,sonepat
HR,Sonepat,S0704,8,8,haryana,rohtak,0.2439174124602567,0.1415186607553765,0.2437794796685484,sonepat
HR,Sonepat,S0704,8,6,haryana,panipat,0.1492957695730977,0.3050460416938688,0.1492113443486754,sonepat
HR,Sonepat,S0704,25,15,uttar pradesh,meerut,0.0206961811726198,0.0194045974543599,0.020684477694717,sonepat
JH,Chatra,S2704,5,35,bihar,palamu,0.5533774299799674,0.2000365071865336,0.552000419502935,chatra
JH,Chatra,S2704,5,34,bihar,hazaribag,0.4134718847310646,0.1730777978412615,0.4124430116936267,chatra
JH,Chatra,S2704,5,38,bihar,ranchi,0.0232899817605063,0.0151339600240208,0.0232320275557328,chatra
JH,Chatra,S2704,5,7,bihar,gaya,0.0098607035284616,0.0091290980476091,0.0098361664018388,chatra
JH,Dhanbad,S2707,5,32,bihar,dhanbad,0.8272793695424879,0.5760489382335149,0.8272793695424879,dhanbad
JH,Dhanbad,S2707,26,15,west bengal,puruliya,0.1532820911355391,0.0545173051433239,0.1532820911355391,dhanbad
JH,Dhanbad,S2707,5,33,bihar,giridih,0.0129498109450532,0.0039296537138935,0.0129498109450532,dhanbad
JH,Dhanbad,S2707,26,16,west bengal,barddhaman,0.0064887283769197,0.0023128924964535,0.0064887283769197,dhanbad
JH,Dumka,S2702,5,31,bihar,santal parganas,0.7663022025611229,0.2992901432894504,0.7663022025611232,dumka
JH,Dumka,S2702,26,17,west bengal,birbhum,0.1338950449189792,0.1628489752128471,0.1338950449189792,dumka
JH,Dumka,S2702,5,31,bihar,santal parganas,0.0736361447848786,0.0287596358855449,0.0736361447848786,dumka
JH,Dumka,S2702,5,32,bihar,dhanbad,0.0170566792340163,0.0289909795237622,0.0170566792340163,dumka
JH,Dumka,S2702,26,16,west bengal,barddhaman,0.0091099285010029,0.0079263280302065,0.0091099285010029,dumka
JH,Giridih,S2706,5,33,bihar,giridih,0.6870806751043591,0.3486400381951809,0.6870806751043587,giridih
JH,Giridih,S2706,5,32,bihar,dhanbad,0.2905732526093671,0.338330768024144,0.290573252609367,giridih
JH,Giridih,S2706,26,15,west bengal,puruliya,0.0120667724082647,0.0071765011443563,0.0120667724082647,giridih
JH,Giridih,S2706,5,34,bihar,hazaribag,0.0102792998780089,0.0034346635237201,0.0102792998780089,giridih
JH,Godda,S2703,5,31,bihar,santal parganas,0.4872015116086467,0.1270223072121197,0.4861347540045111,godda
JH,Godda,S2703,5,31,bihar,santal parganas,0.2685601032445906,0.0700185100547367,0.2679720744198078,godda
JH,Godda,S2703,5,31,bihar,santal parganas,0.2299182518666017,0.0599438756375046,0.229414831746458,godda
JH,Godda,S2703,5,27,bihar,bhagalpur,0.0088015301933969,0.0055599004665844,0.0087822587029805,godda
JH,Godda,S2703,5,31,bihar,santal parganas,0.0055186030867639,0.0014388003320313,0.0055065197666864,godda
JH,Hazaribagh,S2714,5,34,bihar,hazaribag,0.8883043674951996,0.5745714295298789,0.8818964666199874,hazaribagh
JH,Hazaribagh,S2714,5,33,bihar,giridih,0.0995816546641914,0.0978161201570658,0.098863309246306,hazaribagh
JH,Hazaribagh,S2714,5,35,bihar,palamu,0.0121139778406089,0.0067664588983511,0.0120265920615363,hazaribagh
JH,Jamshedpur,S2709,5,39,bihar,singhbhum,0.7160944541921669,0.1935380671735274,0.7160944541921666,jamshedpur
JH,Jamshedpur,S2709,26,13,west bengal,purba medinipur,0.1860465241577997,0.0497435709102827,0.1860465241577996,jamshedpur
JH,Jamshedpur,S2709,26,15,west bengal,puruliya,0.0926146496586837,0.0537880326822964,0.0926146496586837,jamshedpur
JH,Jamshedpur,S2709,19,4,odisha,mayurbhanj,0.0052443719913496,0.0018765096441679,0.0052443719913496,jamshedpur
JH,Khunti,S2711,5,37,bihar,gumla,0.472573473899478,0.4564859914364125,0.4702066007280947,khunti
JH,Khunti,S2711,5,38,bihar,ranchi,0.3345339926577189,0.3966895643146575,0.332858486993798,khunti
JH,Khunti,S2711,5,39,bihar,singhbhum,0.1928925334428031,0.1220475242727985,0.1919264357086272,khunti
JH,Kodarma,S2705,5,33,bihar,giridih,0.6427322076008021,0.5375933785128658,0.6395993130374281,kodarma
JH,Kodarma,S2705,5,34,bihar,hazaribag,0.2907292266787707,0.1601266714445726,0.2893121139171811,kodarma
JH,Kodarma,S2705,5,26,bihar,munger,0.0207602710152994,0.0208875397671187,0.0206590784199559,kodarma
JH,Kodarma,S2705,5,31,bihar,santal parganas,0.0164420110400181,0.007251353038622,0.0163618671069942,kodarma
JH,Kodarma,S2705,5,31,bihar,santal parganas,0.0162641192177672,0.0071728981341285,0.0161848423897619,kodarma
JH,Kodarma,S2705,5,32,bihar,dhanbad,0.0130721644473425,0.0250892502542055,0.013008446288451,kodarma
JH,Lohardaga,S2712,5,37,bihar,gumla,0.4334390826994606,0.4764359329372747,0.4328900702641607,lohardaga
JH,Lohardaga,S2712,5,35,bihar,palamu,0.2296049875768254,0.1723512955595613,0.2293141601032126,lohardaga
JH,Lohardaga,S2712,5,38,bihar,ranchi,0.1843132026912519,0.2487054449942198,0.1840797437247986,lohardaga
JH,Lohardaga,S2712,5,36,bihar,lohardaga,0.152642727032462,1.0,0.1524493832417338,lohardaga
JH,Palamu,S2713,5,35,bihar,palamu,0.9842730742012062,0.5601058219227467,0.9712525737251364,palamu
JH,Palamu,S2713,5,4,bihar,rohtas,0.0157269257987937,0.0166663186848948,0.0155188814560014,palamu
JH,Rajmahal,S2701,5,31,bihar,santal parganas,0.6480561901456198,0.2546671873164671,0.6480561887083658,rajmahal
JH,Rajmahal,S2701,5,31,bihar,santal parganas,0.1497596427527866,0.0588511730515238,0.1497596424206508,rajmahal
JH,Rajmahal,S2701,26,17,west bengal,birbhum,0.0899732585366582,0.1101037123491169,0.0899732583371163,rajmahal
JH,Rajmahal,S2701,5,31,bihar,santal parganas,0.0445066590084606,0.0174898193071667,0.0445066589097541,rajmahal
JH,Rajmahal,S2701,26,6,west bengal,murshidabad,0.0346642202165516,0.0392944126218419,0.0346642201396735,rajmahal
JH,Rajmahal,S2701,26,5,west bengal,maldah,0.0330400293399229,0.0504076307387105,0.033040029266647,rajmahal
JH,Ranchi,S2708,5,38,bihar,ranchi,0.5749317218138981,0.3394710306671019,0.5749317218138998,ranchi
JH,Ranchi,S2708,5,39,bihar,singhbhum,0.1957449324985384,0.0616708608190209,0.195744932498539,ranchi
JH,Ranchi,S2708,26,15,west bengal,puruliya,0.1049376010893105,0.0710445057515215,0.1049376010893108,ranchi
JH,Ranchi,S2708,5,34,bihar,hazaribag,0.0725347573843316,0.0275895459533254,0.0725347573843318,ranchi
JH,Ranchi,S2708,5,39,bihar,singhbhum,0.0518509872139213,0.0163360296227462,0.0518509872139215,ranchi
JH,Singhbhum,S2710,5,39,bihar,singhbhum,0.8394312561927082,0.4908562612101594,0.8355332883065989,singhbhum
JH,Singhbhum,S2710,5,39,bihar,singhbhum,0.0980842623232833,0.0573546361686949,0.0976288000065678,singhbhum
JH,Singhbhum,S2710,19,4,odisha,mayurbhanj,0.0624844814840084,0.0483729520178149,0.062194329669422,singhbhum
JK,Ladakh,S0904,9,8,himachal pradesh,lahul spiti,1.0,0.0028160231295383,0.0002228313972915,ladakh
JK,Udhampur,S0905,9,1,himachal pradesh,chamba,1.0,0.0444606657257872,0.0159632244441963,udhampur
KA,Bagalkot,S1027,11,6,karnataka,bijapur,0.7110449889029354,0.3235609782360301,0.7110449889029355,bagalkot
KA,Bagalkot,S1027,11,10,karnataka,dharwad,0.1664997944494472,0.0915054210725287,0.1664997944494473,bagalkot
KA,Bagalkot,S1027,11,3,karnataka,belgaum,0.0658470769824193,0.037841016302428,0.0658470769824193,bagalkot
KA,Bagalkot,S1027,11,17,karnataka,raichur,0.056608139665198,0.0308673147954771,0.056608139665198,bagalkot
KA,Bangalore North,S1012,11,1,karnataka,bangalore,0.5105746180105604,0.3026831063357237,0.5105746180105604,bangalore north
KA,Bangalore North,S1012,11,2,karnataka,bangalore rural,0.4809328752398626,0.1061377545802529,0.4809328752398627,bangalore north
KA,Bangalore North,S1012,11,14,karnataka,kolar,0.0084925067495769,0.0013138836885798,0.0084925067495769,bangalore north
KA,Bangalore South,S1013,11,1,karnataka,bangalore,0.7734333821268662,0.1703064108518942,0.7734317607843975,bangalore south
KA,Bangalore South,S1013,11,2,karnataka,bangalore rural,0.1949096965911224,0.0159771016487611,0.1949092880034199,bangalore south
KA,Bangalore South,S1013,23,4,tamil nadu,dharmapuri,0.0316569212820114,0.00160862724015,0.03165685491985,bangalore south
KA,Belgaum,S1025,11,3,karnataka,belgaum,0.9082407181018092,0.4173487175274809,0.9082407181018092,belgaum
KA,Belgaum,S1025,11,10,karnataka,dharwad,0.0809774471708336,0.0355851685970133,0.0809774471708336,belgaum
KA,Belgaum,S1025,14,14,maharashtra,kolhapur,0.0107818347273572,0.0082739441965558,0.0107818347273572,belgaum
KA,Bellary,S1005,11,4,karnataka,bellary,0.9059764105095792,0.8283030303206677,0.90365709762189,bellary
KA,Bellary,S1005,11,8,karnataka,chitradurga,0.064695223656328,0.0551005822997995,0.0645296029356806,bellary
KA,Bellary,S1005,2,12,andhra pradesh,anantapur,0.0190901752437848,0.0094092370044131,0.0190413041154005,bellary
KA,Bellary,S1005,11,10,karnataka,dharwad,0.0102381905903078,0.0069896184956658,0.0102119806723593,bellary
KA,Bidar,S1001,11,5,karnataka,bidar,0.615139731740416,0.946254695922278,0.6150815294035825,bidar
KA,Bidar,S1001,11,11,karnataka,gulbarga,0.3014002577991404,0.1575957108539697,0.3013717403771288,bidar
KA,Bidar,S1001,14,13,maharashtra,solapur,0.0340653023087643,0.0186376444666968,0.034062079170838,bidar
KA,Bidar,S1001,14,21,maharashtra,latur,0.0268489801718215,0.0304574429673996,0.0268464398166681,bidar
KA,Bidar,S1001,14,20,maharashtra,osmanabad,0.0110545987531578,0.0132498987639794,0.0110535528062827,bidar
KA,Bidar,S1001,2,17,andhra pradesh,medak,0.0061728997998935,0.0051398094018986,0.0061723157420366,bidar
KA,Bidar,S1001,14,19,maharashtra,nanded,0.0053182294268062,0.0041095431770884,0.0053177262348248,bidar
KA,Bijapur,S1028,11,6,karnataka,bijapur,0.9740810313567412,0.6192753618420134,0.968764728976858,bijapur
KA,Bijapur,S1028,14,12,maharashtra,sangli,0.0151804179830724,0.01738965743152,0.0150975668755638,bijapur
KA,Bijapur,S1028,14,13,maharashtra,solapur,0.0056209065853151,0.003895942003416,0.0055902290152827,bijapur
KA,Bijapur,S1028,11,3,karnataka,belgaum,0.0051176440748713,0.004108904284725,0.0050897131918145,bijapur
KA,Chamarajanagar,S1015,11,16,karnataka,mysore,0.8722757768797433,0.5199752892649242,0.8707207612330427,chamarajanagar
KA,Chamarajanagar,S1015,23,8,tamil nadu,erode,0.0664321625961585,0.0594773940452324,0.0663137332472997,chamarajanagar
KA,Chamarajanagar,S1015,23,9,tamil nadu,the nilgiris,0.0560015775714325,0.1659993545323519,0.0559017429415234,chamarajanagar
KA,Chamarajanagar,S1015,23,4,tamil nadu,dharmapuri,0.0052904829526655,0.0041058810560967,0.0052810515503636,chamarajanagar
KA,Chikballapur,S1009,11,14,karnataka,kolar,0.456649155692559,0.3670349370697192,0.4566491556925587,chikballapur
KA,Chikballapur,S1009,11,2,karnataka,bangalore rural,0.2992016103975064,0.3430465714972138,0.2992016103975062,chikballapur
KA,Chikballapur,S1009,11,19,karnataka,tumkur,0.1765011692791357,0.1152450201605096,0.1765011692791356,chikballapur
KA,Chikballapur,S1009,11,1,karnataka,bangalore,0.060830402128824,0.1873498608526091,0.0608304021288239,chikballapur
KA,Chikballapur,S1009,2,12,andhra pradesh,anantapur,0.0068176625019748,0.0024426132064039,0.0068176625019747,chikballapur
KA,Chikkodi,S1026,11,3,karnataka,belgaum,0.8645461193072072,0.3460514065650471,0.8645458491288993,chikkodi
KA,Chikkodi,S1026,14,14,maharashtra,kolhapur,0.0773814146013553,0.0517262411203575,0.077381390418979,chikkodi
KA,Chikkodi,S1026,11,6,karnataka,bijapur,0.0410671467770823,0.0130160663079731,0.0410671339432357,chikkodi
KA,Chikkodi,S1026,14,12,maharashtra,sangli,0.0170053193143552,0.0097115509872155,0.0170053140000425,chikkodi
KA,Chikmagalur,S1020,11,7,karnataka,chikmagalur,0.6151339690320494,0.8684312446300606,0.6151339690320495,chikmagalur
KA,Chikmagalur,S1020,11,9,karnataka,dakshina kannada,0.3357102061390187,0.3830092282857999,0.3357102061390187,chikmagalur
KA,Chikmagalur,S1020,11,12,karnataka,hassan,0.0491558248289318,0.0780349678990196,0.0491558248289318,chikmagalur
KA,Chitradurga,S1007,11,8,karnataka,chitradurga,0.5629150575432278,0.5116391322047125,0.5629150481731635,chitradurga
KA,Chitradurga,S1007,11,19,karnataka,tumkur,0.3542906108632587,0.3396224828944913,0.3542906049658755,chitradurga
KA,Chitradurga,S1007,2,12,andhra pradesh,anantapur,0.0472780165247923,0.0248679885521078,0.0472780157378209,chitradurga
KA,Chitradurga,S1007,11,7,karnataka,chikmagalur,0.0203629043629022,0.0274486559832825,0.0203629040239492,chitradurga
KA,Chitradurga,S1007,11,12,karnataka,hassan,0.0081333876188458,0.0123282482550491,0.0081333874834606,chitradurga
KA,Chitradurga,S1007,11,4,karnataka,bellary,0.0070200230869729,0.0068493257061953,0.0070200229701204,chitradurga
KA,Davangere,S1006,11,8,karnataka,chitradurga,0.6475243560171454,0.3717446690255742,0.6475243560171456,davangere
KA,Davangere,S1006,11,18,karnataka,shimoga,0.3338877323953637,0.2021531031570737,0.3338877323953638,davangere
KA,Davangere,S1006,11,7,karnataka,chikmagalur,0.0118179458470213,0.0100621575034271,0.0118179458470213,davangere
KA,Davangere,S1006,11,4,karnataka,bellary,0.0067699657404695,0.004172184469064,0.0067699657404695,davangere
KA,Dharwad North,S1024,11,10,karnataka,dharwad,0.907042877387441,0.3473536269201955,0.9047312980426848,dharwad north
KA,Dharwad North,S1024,11,20,karnataka,uttara kannada,0.092957122612559,0.0434099978707655,0.0927202233766617,dharwad north
KA,Dharwad South,S1023,11,10,karnataka,dharwad,0.860306168907922,0.4071915243729484,0.8603061689079224,dharwad south
KA,Dharwad South,S1023,11,18,karnataka,shimoga,0.0951092991974664,0.0592261757787835,0.0951092991974665,dharwad south
KA,Dharwad South,S1023,11,8,karnataka,chitradurga,0.0219944036217055,0.0129870822517794,0.0219944036217055,dharwad south
KA,Dharwad South,S1023,11,20,karnataka,uttara kannada,0.0139241939450211,0.0080367198229751,0.0139241939450211,dharwad south
KA,Dharwad South,S1023,11,4,karnataka,bellary,0.0086659343278849,0.0054929188698796,0.0086659343278849,dharwad south
KA,Gulbarga,S1002,11,11,karnataka,gulbarga,0.971071815061533,0.5928133361443859,0.9632527143680552,gulbarga
KA,Gulbarga,S1002,11,6,karnataka,bijapur,0.028928184938467,0.0169491687152139,0.0286952542865779,gulbarga
KA,Hassan,S1019,11,12,karnataka,hassan,0.8015046015856673,0.8605538187132743,0.7983443680084863,hassan
KA,Hassan,S1019,11,13,karnataka,kodagu,0.0737837620801461,0.1212505382571192,0.0734928418260202,hassan
KA,Hassan,S1019,11,16,karnataka,mysore,0.0619679822953055,0.0351804080996139,0.0617236502004275,hassan
KA,Hassan,S1019,11,15,karnataka,mandya,0.0316514284137215,0.0448614823188083,0.0315266307436384,hassan
KA,Hassan,S1019,11,9,karnataka,dakshina kannada,0.024799016105675,0.0191353712243649,0.0247012366503567,hassan
KA,Hassan,S1019,11,19,karnataka,tumkur,0.0062932095194843,0.0042731790997592,0.0062683961721967,hassan
KA,Kanakapura,S1011,11,2,karnataka,bangalore rural,0.5691616046681793,0.4983454993892113,0.5691615001371011,kanakapura
KA,Kanakapura,S1011,11,1,karnataka,bangalore,0.1444131444046419,0.339660621959773,0.1444131178820136,kanakapura
KA,Kanakapura,S1011,11,15,karnataka,mandya,0.1292019630120278,0.1344778889401724,0.1292019392830545,kanakapura
KA,Kanakapura,S1011,11,16,karnataka,mysore,0.0926190367405081,0.038613150962218,0.0926190197302816,kanakapura
KA,Kanakapura,S1011,23,4,tamil nadu,dharmapuri,0.0503846260692944,0.0273473453244941,0.0503846168157551,kanakapura
KA,Kanakapura,S1011,11,19,karnataka,tumkur,0.0142196251053481,0.0070903637630572,0.0142196224938003,kanakapura
KA,Kanara,S1022,11,20,karnataka,uttara kannada,0.800077153354963,0.9095220299805232,0.7811200740203271,kanara
KA,Kanara,S1022,11,3,karnataka,belgaum,0.1292352332128968,0.1259773247687596,0.1261731253167098,kanara
KA,Kanara,S1022,11,18,karnataka,shimoga,0.0369311901656302,0.0452956610981646,0.0360561401795675,kanara
KA,Kanara,S1022,11,9,karnataka,dakshina kannada,0.012973782347156,0.0180833145192326,0.0126663807169581,kanara
KA,Kanara,S1022,6,1,goa,north goa,0.0126220469927942,0.0783980445742128,0.0123229794026192,kanara
KA,Kanara,S1022,6,2,goa,south goa,0.0081605939265597,0.0591414429460398,0.0079672362911931,kanara
KA,Kolar,S1010,11,14,karnataka,kolar,0.913072100927125,0.5512303886819242,0.9130720781549772,kolar
KA,Kolar,S1010,23,4,tamil nadu,dharmapuri,0.0565663923739374,0.0301976508817414,0.0565663909631635,kolar
KA,Kolar,S1010,2,10,andhra pradesh,chittoor,0.017900837239426,0.0058786301164975,0.0179008367929766,kolar
KA,Kolar,S1010,11,2,karnataka,bangalore rural,0.0124606694595114,0.0107308435816283,0.0124606691487406,kolar
KA,Koppal,S1004,11,17,karnataka,raichur,0.6907946887051495,0.4699247398206785,0.6907946887051505,koppal
KA,Koppal,S1004,11,10,karnataka,dharwad,0.1624403219896752,0.1113746405416481,0.1624403219896755,koppal
KA,Koppal,S1004,11,4,karnataka,bellary,0.1329281232153574,0.1220538393452484,0.1329281232153576,koppal
KA,Koppal,S1004,11,6,karnataka,bijapur,0.0138368660898176,0.0078551801437093,0.0138368660898177,koppal
KA,Mandya,S1014,11,15,karnataka,mandya,0.8176709306862858,0.7148967058732816,0.8161327061816563,mandya
KA,Mandya,S1014,11,16,karnataka,mysore,0.1823290693137142,0.0638519059209556,0.1819860669740209,mandya
KA,Mangalore,S1017,11,13,karnataka,kodagu,0.5334875268521703,0.8009818775300611,0.5334875897361148,mangalore
KA,Mangalore,S1017,11,9,karnataka,dakshina kannada,0.1994045882184855,0.1405766302122322,0.1994046117229658,mangalore
KA,Mangalore,S1017,12,1,kerala,kasaragod,0.1297535057386972,0.3558836751378557,0.1297535210331734,mangalore
KA,Mangalore,S1017,12,2,kerala,kannur,0.0791098279019746,0.1539256217717053,0.0791098372269124,mangalore
KA,Mangalore,S1017,12,3,kerala,wayanad,0.049346378345348,0.1329330604568656,0.0493463841619693,mangalore
KA,Mangalore,S1017,11,16,karnataka,mysore,0.0088981729433241,0.0046154058917468,0.0088981739921813,mangalore
KA,Mysore,S1016,11,16,karnataka,mysore,0.8556639074020164,0.3262299930888719,0.855663907402016,mysore
KA,Mysore,S1016,12,3,kerala,wayanad,0.0738686399636941,0.146268038684768,0.073868639963694,mysore
KA,Mysore,S1016,11,13,karnataka,kodagu,0.0704674526342895,0.0777675842128197,0.0704674526342895,mysore
KA,Raichur,S1003,11,17,karnataka,raichur,0.6388434915961665,0.4863898279118614,0.6378063319600101,raichur
KA,Raichur,S1003,11,11,karnataka,gulbarga,0.3234907408572974,0.2141560527913557,0.3229655550433991,raichur
KA,Raichur,S1003,2,13,andhra pradesh,kurnool,0.0218942216709936,0.0132876826506353,0.0218586764971271,raichur
KA,Raichur,S1003,11,6,karnataka,bijapur,0.0089632348217497,0.0056950019202775,0.0089486830489152,raichur
KA,Raichur,S1003,2,14,andhra pradesh,mahbubnagar,0.0068083110537927,0.003955001784417,0.0067972577903435,raichur
KA,Shimoga,S1021,11,18,karnataka,shimoga,0.8207503670407664,0.693325059965978,0.8207503670407653,shimoga
KA,Shimoga,S1021,11,9,karnataka,dakshina kannada,0.0833406792695957,0.0800075510620895,0.0833406792695955,shimoga
KA,Shimoga,S1021,11,7,karnataka,chikmagalur,0.0791772645617979,0.0940579418832296,0.0791772645617978,shimoga
KA,Shimoga,S1021,11,20,karnataka,uttara kannada,0.0167316891278399,0.0131003727778104,0.0167316891278399,shimoga
KA,Tumkur,S1008,11,19,karnataka,tumkur,0.8246718000706278,0.4533353405014827,0.824671800070629,tumkur
KA,Tumkur,S1008,11,15,karnataka,mandya,0.092171725477916,0.1057639228677376,0.0921717254779162,tumkur
KA,Tumkur,S1008,11,12,karnataka,hassan,0.0564675892406497,0.0490829651326568,0.0564675892406498,tumkur
KA,Tumkur,S1008,11,2,karnataka,bangalore rural,0.0266888852108065,0.0257622293029322,0.0266888852108065,tumkur
KA,Udupi,S1018,11,9,karnataka,dakshina kannada,0.9864549866308906,0.3591879046962807,0.9864549866308896,udupi
KA,Udupi,S1018,12,1,kerala,kasaragod,0.0135450133691093,0.019188227277761,0.0135450133691093,udupi
KL,Adoor,S1117,12,13,kerala,kollam,0.5065617578051013,0.6418441512389768,0.506561757805101,adoor
KL,Adoor,S1117,12,12,kerala,pathanamthitta,0.390877201081008,0.5155572993949333,0.3908772010810079,adoor
KL,Adoor,S1117,12,14,kerala,thiruvananthapuram,0.0578410670985782,0.0809799072551734,0.0578410670985782,adoor
KL,Adoor,S1117,23,20,tamil nadu,tirunelveli,0.0363740500149928,0.0179532248431321,0.0363740500149927,adoor
KL,Adoor,S1117,12,9,kerala,idukki,0.0083459240003196,0.0052677469930812,0.0083459240003196,adoor
KL,Alleppey,S1115,12,11,kerala,alappuzha,0.6407335516516562,0.5784267979173944,0.4861133172135032,alleppey
KL,Alleppey,S1115,12,10,kerala,kottayam,0.2673256186574406,0.0820084299469039,0.2028152621737059,alleppey
KL,Alleppey,S1115,12,13,kerala,kollam,0.0404582223333558,0.0110739444511721,0.0306949442811782,alleppey
KL,Alleppey,S1115,12,12,kerala,pathanamthitta,0.038627481023162,0.0110060465226609,0.0293059929316445,alleppey
KL,Alleppey,S1115,12,8,kerala,ernakulam,0.0128551263343851,0.0038388482346833,0.0097529590724539,alleppey
KL,Badagara,S1103,12,4,kerala,kozhikode,0.982832765302934,0.5539315920907164,0.980891768166219,badagara
KL,Badagara,S1103,33,3,puducherry,mahe,0.0171672346970659,0.1503004553181833,0.0171333311128869,badagara
KL,Calicut,S1104,12,3,kerala,wayanad,0.3577952673269473,0.3472357282281918,0.357795267326947,calicut
KL,Calicut,S1104,12,4,kerala,kozhikode,0.3352738912781971,0.3227037634661739,0.3352738912781969,calicut
KL,Calicut,S1104,12,5,kerala,malappuram,0.2269321175449935,0.1394686123835428,0.2269321175449933,calicut
KL,Calicut,S1104,23,9,tamil nadu,the nilgiris,0.079998723849862,0.0743329649196309,0.079998723849862,calicut
KL,Cannanore,S1102,12,2,kerala,kannur,0.4996975957221986,0.3917352835640312,0.4996975957221986,cannanore
KL,Cannanore,S1102,12,3,kerala,wayanad,0.3441766336217545,0.3735631726301745,0.3441766336217545,cannanore
KL,Cannanore,S1102,12,4,kerala,kozhikode,0.1053116063832104,0.1133635382118206,0.1053116063832104,cannanore
KL,Cannanore,S1102,33,3,puducherry,mahe,0.0508141642728364,0.8496995446818167,0.0508141642728364,cannanore
KL,Chirayinkil,S1119,12,14,kerala,thiruvananthapuram,1.0,0.5900700614224753,0.9979821115406192,chirayinkil
KL,Ernakulam,S1111,12,8,kerala,ernakulam,0.9350828042856782,0.1700748909943266,0.8543868291217317,ernakulam
KL,Ernakulam,S1111,12,10,kerala,kottayam,0.0649171957143217,0.0121295085369157,0.0593149577209947,ernakulam
KL,Idukki,S1114,12,9,kerala,idukki,0.8343867957620285,0.8368112660789354,0.8318674414564361,idukki
KL,Idukki,S1114,12,12,kerala,pathanamthitta,0.1066131841489189,0.2234380477524196,0.1062912754299858,idukki
KL,Idukki,S1114,23,16,tamil nadu,madurai,0.0223840773186217,0.0184896578580898,0.0223164906527543,idukki
KL,Idukki,S1114,12,10,kerala,kottayam,0.0173457417892465,0.0391401108563764,0.0172933679148248,idukki
KL,Idukki,S1114,12,8,kerala,ernakulam,0.0113911397340236,0.0250209059646258,0.0113567452336788,idukki
KL,Idukki,S1114,23,20,tamil nadu,tirunelveli,0.0078790612471605,0.0061792376790724,0.0078552711452823,idukki
KL,Kasaragod,S1101,12,2,kerala,kannur,0.5061352443729359,0.4543390946642633,0.5058580568865524,kasaragod
KL,Kasaragod,S1101,12,1,kerala,kasaragod,0.4938647556270641,0.6249280975843832,0.4935942881349312,kasaragod
KL,Kottayam,S1113,12,10,kerala,kottayam,0.836135316339507,0.4027713948408766,0.8339882291858304,kottayam
KL,Kottayam,S1113,12,12,kerala,pathanamthitta,0.163864683660493,0.0733135847154913,0.1634439003849234,kottayam
KL,Manjeri,S1105,12,5,kerala,malappuram,0.8280005218971177,0.5535373313930412,0.8280005218971166,manjeri
KL,Manjeri,S1105,12,6,kerala,palakkad,0.1375632628861783,0.0726945047733785,0.1375632628861781,manjeri
KL,Manjeri,S1105,23,9,tamil nadu,the nilgiris,0.0287423922542862,0.0290507333123504,0.0287423922542862,manjeri
KL,Manjeri,S1105,12,4,kerala,kozhikode,0.0056938229624175,0.0059613421065185,0.0056938229624175,manjeri
KL,Mavelikara,S1116,12,12,kerala,pathanamthitta,0.388403562655911,0.1389093325814613,0.388403562655911,mavelikara
KL,Mavelikara,S1116,12,11,kerala,alappuzha,0.3720392790520372,0.4215732020826056,0.3720392790520372,mavelikara
KL,Mavelikara,S1116,12,13,kerala,kollam,0.2395571582920516,0.0823034347889437,0.2395571582920516,mavelikara
KL,Mukundapuram,S1110,12,8,kerala,ernakulam,0.6504713541341743,0.48618660675466,0.650471354134174,mukundapuram
KL,Mukundapuram,S1110,12,7,kerala,thrissur,0.2456174676191496,0.1358543660220096,0.2456174676191494,mukundapuram
KL,Mukundapuram,S1110,12,9,kerala,idukki,0.1039111782466761,0.0354618451509862,0.103911178246676,mukundapuram
KL,Muvattupuzha,S1112,12,10,kerala,kottayam,0.5097473643135346,0.4639505558189272,0.5097473643135353,muvattupuzha
KL,Muvattupuzha,S1112,12,8,kerala,ernakulam,0.355402077735593,0.3148787480517042,0.3554020777355935,muvattupuzha
KL,Muvattupuzha,S1112,12,9,kerala,idukki,0.0901638208718306,0.0364737098983734,0.0901638208718308,muvattupuzha
KL,Muvattupuzha,S1112,12,12,kerala,pathanamthitta,0.0446867370790415,0.0377756890330335,0.0446867370790416,muvattupuzha
KL,Ottapalam,S1108,12,7,kerala,thrissur,0.6988199608401406,0.3382929374483095,0.6988199608401411,ottapalam
KL,Ottapalam,S1108,12,6,kerala,palakkad,0.3011800391598594,0.103624344850472,0.3011800391598597,ottapalam
KL,Palghat,S1107,12,6,kerala,palakkad,0.8516837332839459,0.6209883017661237,0.8505610164406107,palghat
KL,Palghat,S1107,12,7,kerala,thrissur,0.1161682096991927,0.1191747858033016,0.116015073035203,palghat
KL,Palghat,S1107,23,10,tamil nadu,coimbatore,0.0241215063476253,0.0114396868624277,0.0240897086034572,palghat
KL,Palghat,S1107,12,9,kerala,idukki,0.008026550669236,0.0050805501690583,0.0080159698124249,palghat
KL,Ponnani,S1106,12,5,kerala,malappuram,0.547379198336877,0.2142725632895725,0.5473791983368776,ponnani
KL,Ponnani,S1106,12,6,kerala,palakkad,0.3381505006046053,0.1046335883021168,0.3381505006046057,ponnani
KL,Ponnani,S1106,12,7,kerala,thrissur,0.1144703010585176,0.0498363155254612,0.1144703010585177,ponnani
KL,Quilon,S1118,12,13,kerala,kollam,0.8908378185658868,0.249467361793817,0.8908378185658871,quilon
KL,Quilon,S1118,12,14,kerala,thiruvananthapuram,0.1091621814341131,0.0337777786090023,0.1091621814341132,quilon
KL,Trichur,S1109,12,7,kerala,thrissur,1.0,0.3568415952009178,1.0,trichur
KL,Trivandrum,S1120,12,14,kerala,thiruvananthapuram,0.8925234420055613,0.2800169830243084,0.8925234420055613,trivandrum
KL,Trivandrum,S1120,23,21,tamil nadu,kanniyakumari,0.1074765579944385,0.0415617613350755,0.1074765579944385,trivandrum
ML,Shillong,S1501,16,3,meghalaya,west khasi hills,0.3328330262505929,0.8444161746632906,0.3061372620572754,shillong
ML,Shillong,S1501,16,2,meghalaya,east khasi hills,0.3211077426679101,0.8456373146132478,0.2953524362445117,shillong
ML,Shillong,S1501,16,1,meghalaya,jaintia hills,0.2713879520687285,0.9373352451418612,0.2496205545993458,shillong
ML,Shillong,S1501,4,20,assam,dima hasao,0.0310318347636717,0.0831891833780777,0.0285428433535667,shillong
ML,Shillong,S1501,4,23,assam,cachar,0.0239378713152332,0.0849953319086182,0.02201787024106,shillong
ML,Shillong,S1501,4,19,assam,karbi anglong,0.0197015729338634,0.0250262207997861,0.0181213555161247,shillong
ML,Tura,S1502,16,5,meghalaya,west garo hills,0.6587865253926259,0.9141072261396564,0.6297159188204371,tura
ML,Tura,S1502,16,4,meghalaya,east garo hills,0.2750585838944755,0.8800153936076206,0.2629209344913792,tura
ML,Tura,S1502,16,3,meghalaya,west khasi hills,0.0661548907128986,0.1018458348344837,0.0632356403539228,tura
MN,Inner Manipur,S1401,15,7,manipur,imphal west,0.2993646494765505,0.2644636766215039,0.2990345237173785,inner manipur
MN,Inner Manipur,S1401,15,5,manipur,thoubal,0.2729718176477607,1.0,0.2726707967066072,inner manipur
MN,Inner Manipur,S1401,15,1,manipur,senapati,0.1742644285773688,0.0750442654472946,0.1740722576684743,inner manipur
MN,Inner Manipur,S1401,15,4,manipur,chandel,0.164613521646472,0.0673049405380568,0.1644319933200696,inner manipur
MN,Inner Manipur,S1401,15,8,manipur,ukhrul,0.0536673429560537,0.0160770224169812,0.0536081610440708,inner manipur
MN,Inner Manipur,S1401,15,6,manipur,bishnupur,0.035118239695794,0.0893803896466039,0.0350795128936795,inner manipur
MN,Outer Manipur,S1402,15,8,manipur,ukhrul,0.2434734444789532,0.9188823275410108,0.2084248894535587,outer manipur
MN,Outer Manipur,S1402,15,3,manipur,churachandpur,0.2074613334275755,0.8185558489449424,0.1775968035366918,outer manipur
MN,Outer Manipur,S1402,15,4,manipur,chandel,0.1810695663581515,0.9326950594619432,0.1550041912470823,outer manipur
MN,Outer Manipur,S1402,15,2,manipur,tamenglong,0.1440666038292432,0.6312473769033135,0.1233278891721405,outer manipur
MN,Outer Manipur,S1402,15,1,manipur,senapati,0.1342614476663927,0.7284049123209237,0.1149342074969561,outer manipur
MN,Outer Manipur,S1402,15,7,manipur,imphal west,0.0474183245740271,0.527745449111961,0.0405923491104546,outer manipur
MN,Outer Manipur,S1402,15,6,manipur,bishnupur,0.0283997631350688,0.910619610353396,0.0243115527633883,outer manipur
MN,Outer Manipur,S1402,17,1,mizoram,aizawl,0.0075129763380692,0.0114091636062614,0.0064314663395031,outer manipur
MN,Outer Manipur,S1402,18,2,nagaland,phek,0.0063365401925186,0.0559599947579133,0.0054243808476529,outer manipur
MP,Balaghat,S1212,13,38,madhya pradesh,balaghat,0.921072291385825,0.9544457922022808,0.9190965467633916,balaghat
MP,Balaghat,S1212,13,35,madhya pradesh,mandla,0.0366481929348048,0.0250851178939813,0.0365695807880819,balaghat
MP,Balaghat,S1212,13,37,madhya pradesh,seoni,0.0283260643528661,0.0306795418106596,0.0282653035745393,balaghat
MP,Balaghat,S1212,14,28,maharashtra,bhandara,0.013953451326504,0.0134250730905728,0.0139235204984023,balaghat
MP,Betul,S1217,13,31,madhya pradesh,betul,0.7011128247799424,0.9222392044802732,0.6987593654463508,betul
MP,Betul,S1217,13,32,madhya pradesh,hoshangabad,0.2540504993864308,0.3371949132721948,0.2531977157860562,betul
MP,Betul,S1217,13,20,madhya pradesh,dewas,0.0220141160940638,0.0395053857201246,0.0219402202456907,betul
MP,Betul,S1217,14,24,maharashtra,amravati,0.0086443386805358,0.0095362734408896,0.0086153218107377,betul
MP,Betul,S1217,13,25,madhya pradesh,east nimar,0.0077423753808629,0.0093986149818529,0.0077163861749031,betul
MP,Betul,S1217,13,36,madhya pradesh,chhindwara,0.0064358456781641,0.0072832414399746,0.0064142421636576,betul
MP,Bhind,S1202,13,2,madhya pradesh,bhind,0.5817368982424699,0.9524033978662254,0.5780535932294562,bhind
MP,Bhind,S1202,13,4,madhya pradesh,datia,0.2241454800941266,0.7839659710360004,0.2227262884063218,bhind
MP,Bhind,S1202,13,3,madhya pradesh,gwalior,0.1030833877565479,0.1366005430893772,0.1024307085814273,bhind
MP,Bhind,S1202,25,35,uttar pradesh,etawah,0.0492015313459945,0.0754151006495259,0.0488900086497341,bhind
MP,Bhind,S1202,25,20,uttar pradesh,agra,0.0269952608154611,0.0386547836823049,0.0268243385655753,bhind
MP,Bhind,S1202,25,38,uttar pradesh,jalaun,0.0097982756161602,0.0152342175738259,0.0097362371967219,bhind
MP,Bhind,S1202,13,5,madhya pradesh,shivpuri,0.0050391661292396,0.0033252656236934,0.0050072603210962,bhind
MP,Bhopal,S1219,13,32,madhya pradesh,hoshangabad,0.4981091589231611,0.6133539284259557,0.4947310074104354,bhopal
MP,Bhopal,S1219,13,34,madhya pradesh,narsimhapur,0.2850124751890322,0.6462128293283883,0.2830795347743508,bhopal
MP,Bhopal,S1219,13,30,madhya pradesh,raisen,0.1620256904454432,0.2252779341014177,0.1609268402808287,bhopal
MP,Bhopal,S1219,13,29,madhya pradesh,sehore,0.0409555677659181,0.0767235648843949,0.0406778091446912,bhopal
MP,Bhopal,S1219,13,10,madhya pradesh,sagar,0.0138971076764453,0.0160387561445249,0.013802858184183,bhopal
MP,Chhindwara,S1216,13,36,madhya pradesh,chhindwara,0.9285861563512534,0.9211065076351532,0.925216984535375,chhindwara
MP,Chhindwara,S1216,13,34,madhya pradesh,narsimhapur,0.0241007951946706,0.0516280802558239,0.0240133507293888,chhindwara
MP,Chhindwara,S1216,13,32,madhya pradesh,hoshangabad,0.0218646643236277,0.0254373775727764,0.0217853331702404,chhindwara
MP,Chhindwara,S1216,13,31,madhya pradesh,betul,0.0201399149641967,0.0232210504469316,0.020066841686712,chhindwara
MP,Chhindwara,S1216,13,37,madhya pradesh,seoni,0.0053084691662514,0.0071806149000512,0.0052892085466761,chhindwara
MP,Damoh,S1207,13,11,madhya pradesh,damoh,0.3920584489493379,0.9340798647702796,0.3898898679291963,damoh
MP,Damoh,S1207,13,9,madhya pradesh,panna,0.3622446926214236,0.9312061680500668,0.3602410195283655,damoh
MP,Damoh,S1207,13,8,madhya pradesh,chhatarpur,0.2010377613885791,0.4146889534940205,0.1999257673100243,damoh
MP,Damoh,S1207,13,12,madhya pradesh,satna,0.0173539222591982,0.041022994803812,0.0172579330347926,damoh
MP,Damoh,S1207,13,10,madhya pradesh,sagar,0.0136381438410397,0.0227434591422243,0.0135627075892184,damoh
MP,Damoh,S1207,13,7,madhya pradesh,tikamgarh,0.0072937944172027,0.0231014042390612,0.0072534504731291,damoh
MP,Damoh,S1207,25,42,uttar pradesh,banda,0.0063732365232186,0.0136022172706939,0.0063379844331331,damoh
MP,Dhar,S1225,13,22,madhya pradesh,dhar,0.7295332006655392,0.9516939835648056,0.7295332006655387,dhar
MP,Dhar,S1225,13,24,madhya pradesh,west nimar,0.1973478239925712,0.1671332464487275,0.1973478239925711,dhar
MP,Dhar,S1225,13,21,madhya pradesh,jhabua,0.039122461735892,0.0664110383609404,0.039122461735892,dhar
MP,Dhar,S1225,13,17,madhya pradesh,ratlam,0.013586191099815,0.0322077073148917,0.013586191099815,dhar
MP,Dhar,S1225,13,23,madhya pradesh,indore,0.01106565741217,0.0330943796043616,0.01106565741217,dhar
MP,Dhar,S1225,13,18,madhya pradesh,ujjain,0.0093446650940124,0.0173735063118313,0.0093446650940124,dhar
MP,Guna,S1204,13,5,madhya pradesh,shivpuri,0.5265721565774657,0.8142804134673052,0.5257280091094877,guna
MP,Guna,S1204,13,6,madhya pradesh,guna,0.4397265117246965,0.6538518459367645,0.4390215864512299,guna
MP,Guna,S1204,21,26,rajasthan,kota,0.015800951283215,0.0214675709988477,0.0157756207889024,guna
MP,Guna,S1204,25,40,uttar pradesh,lalitpur,0.0119684142336397,0.0385710274619883,0.0119492276768785,guna
MP,Guna,S1204,25,39,uttar pradesh,jhansi,0.0059319661809829,0.0186961070937472,0.0059224566500112,guna
MP,Gwalior,S1203,13,3,madhya pradesh,gwalior,0.7457562396535121,0.7913498090150669,0.7452493751622287,gwalior
MP,Gwalior,S1203,13,5,madhya pradesh,shivpuri,0.2012621238773887,0.1063500212056567,0.2011253330352751,gwalior
MP,Gwalior,S1203,13,4,madhya pradesh,datia,0.0529816364690991,0.1483885727830775,0.0529456266997022,gwalior
MP,Hoshangabad,S1218,13,29,madhya pradesh,sehore,0.4368445480313659,0.5750574092343222,0.4328972513845051,hoshangabad
MP,Hoshangabad,S1218,13,28,madhya pradesh,bhopal,0.3300238460651382,0.9618370238718156,0.3270417737768891,hoshangabad
MP,Hoshangabad,S1218,13,20,madhya pradesh,dewas,0.2028392561610623,0.2373018840623502,0.2010064148922299,hoshangabad
MP,Hoshangabad,S1218,13,19,madhya pradesh,shajapur,0.012682928708521,0.0175467874470665,0.0125683266557104,hoshangabad
MP,Hoshangabad,S1218,13,27,madhya pradesh,vidisha,0.0105806495242943,0.0125359536741257,0.0104850435185033,hoshangabad
MP,Hoshangabad,S1218,13,26,madhya pradesh,rajgarh,0.0070287715096182,0.0099661251566056,0.0069652600240417,hoshangabad
MP,Indore,S1226,13,23,madhya pradesh,indore,0.8518475628844745,0.8930808166647028,0.8518475628844748,indore
MP,Indore,S1226,13,18,madhya pradesh,ujjain,0.0577967271686988,0.0376685439944417,0.0577967271686988,indore
MP,Indore,S1226,13,20,madhya pradesh,dewas,0.0556857679254927,0.0296467680329494,0.0556857679254927,indore
MP,Indore,S1226,13,22,madhya pradesh,dhar,0.0346699420213339,0.0158546708389716,0.0346699420213339,indore
MP,Jabalpur,S1214,13,33,madhya pradesh,jabalpur,0.9042169404908142,0.3557449107594042,0.9005655080032182,jabalpur
MP,Jabalpur,S1214,13,9,madhya pradesh,panna,0.0837909705037237,0.0487103390005484,0.0834526036161287,jabalpur
MP,Jabalpur,S1214,13,11,madhya pradesh,damoh,0.0119920890054619,0.0064611251732497,0.0119436622381367,jabalpur
MP,Jhabua,S1228,13,21,madhya pradesh,jhabua,0.5929376107978589,0.8769731722000225,0.5929364072233193,jhabua
MP,Jhabua,S1228,13,17,madhya pradesh,ratlam,0.2719753492565416,0.5617652201026636,0.2719747971873191,jhabua
MP,Jhabua,S1228,21,24,rajasthan,banswara,0.0638651614221773,0.1120123049939779,0.0638650317854654,jhabua
MP,Jhabua,S1228,7,14,gujarat,panch mahals,0.0308314912665964,0.0337601471017009,0.0308314286832871,jhabua
MP,Jhabua,S1228,7,15,gujarat,vadodara,0.0218232197273979,0.0284506340514405,0.0218231754295305,jhabua
MP,Jhabua,S1228,21,22,rajasthan,chittaurgarh,0.0072590934462447,0.0061638717935493,0.0072590787113723,jhabua
MP,Jhabua,S1228,13,18,madhya pradesh,ujjain,0.0058682825378826,0.0095060033564435,0.005868270626148,jhabua
MP,Jhabua,S1228,13,22,madhya pradesh,dhar,0.0054397915453002,0.006182978451773,0.0054397805033382,jhabua
MP,Khajuraho,S1206,13,8,madhya pradesh,chhatarpur,0.4508728070363321,0.5710582481843759,0.4503892683390407,khajuraho
MP,Khajuraho,S1206,13,7,madhya pradesh,tikamgarh,0.4456769541249823,0.866735485256853,0.4451989877219364,khajuraho
MP,Khajuraho,S1206,25,39,uttar pradesh,jhansi,0.0616446243902202,0.1266682579925481,0.0615785135915481,khajuraho
MP,Khajuraho,S1206,25,41,uttar pradesh,hamirpur,0.023616694439677,0.0363265285776731,0.023591366707586,khajuraho
MP,Khajuraho,S1206,25,42,uttar pradesh,banda,0.0181889200087883,0.0238362604933922,0.0181694132952564,khajuraho
MP,Khandwa,S1223,13,25,madhya pradesh,east nimar,0.7598508915912838,0.9102513203491251,0.7537684471947678,khandwa
MP,Khandwa,S1223,13,20,madhya pradesh,dewas,0.1955916392239035,0.346376680273444,0.1940259698495985,khandwa
MP,Khandwa,S1223,13,24,madhya pradesh,west nimar,0.0262235094105466,0.0258963399436491,0.0260135958082382,khandwa
MP,Khandwa,S1223,13,32,madhya pradesh,hoshangabad,0.018333959774266,0.024013780729073,0.0181872003348431,khandwa
MP,Khargone,S1224,13,24,madhya pradesh,west nimar,0.9392364974471944,0.7610698378732574,0.9348237945689296,khargone
MP,Khargone,S1224,13,23,madhya pradesh,indore,0.0257991996950818,0.0738248037309355,0.0256779903904382,khargone
MP,Khargone,S1224,13,22,madhya pradesh,dhar,0.015982729557313,0.0199490517424849,0.0159076398041872,khargone
MP,Khargone,S1224,13,20,madhya pradesh,dewas,0.0101974134919842,0.014818026367643,0.0101495041997141,khargone
MP,Khargone,S1224,13,25,madhya pradesh,east nimar,0.0087841598084265,0.0086344592216468,0.008742890237477,khargone
MP,Mandla,S1213,13,35,madhya pradesh,mandla,0.8146249164357614,0.960534916752116,0.8131032071194731,mandla
MP,Mandla,S1213,13,37,madhya pradesh,seoni,0.114775820956641,0.2141435142714975,0.1145614211359253,mandla
MP,Mandla,S1213,13,33,madhya pradesh,jabalpur,0.0362184091303596,0.0568283958493402,0.0361507535879341,mandla
MP,Mandla,S1213,13,14,madhya pradesh,shahdol,0.0343808534772379,0.0386445920786757,0.0343166304661531,mandla
MP,Mandsaur,S1229,13,16,madhya pradesh,mandsaur,0.7974144309371569,0.9179720310600304,0.797005833357067,mandsaur
MP,Mandsaur,S1229,21,22,rajasthan,chittaurgarh,0.1000776603377405,0.0963102219082303,0.1000263802401544,mandsaur
MP,Mandsaur,S1229,13,17,madhya pradesh,ratlam,0.0780214640701866,0.1826431674436771,0.0779814856346614,mandsaur
MP,Mandsaur,S1229,21,20,rajasthan,bhilwara,0.0118138128373691,0.0127043316310999,0.0118077594037344,mandsaur
MP,Mandsaur,S1229,21,26,rajasthan,kota,0.0069103131024061,0.0062145366452261,0.0069067722369517,mandsaur
MP,Mandsaur,S1229,21,27,rajasthan,jhalawar,0.0057623187151404,0.0099089402914974,0.0057593660855022,mandsaur
MP,Morena,S1201,13,1,madhya pradesh,morena,0.8228889721042367,0.9635651559496944,0.8205171642911588,morena
MP,Morena,S1201,21,8,rajasthan,sawai madhopur,0.0520598790922684,0.0616104131157967,0.0519098272235901,morena
MP,Morena,S1201,21,7,rajasthan,dhaulpur,0.0496224816144259,0.2143057920647644,0.0494794550414771,morena
MP,Morena,S1201,13,5,madhya pradesh,shivpuri,0.0231970332942659,0.028232246777,0.0231301726281582,morena
MP,Morena,S1201,25,20,uttar pradesh,agra,0.0228484478990162,0.0603417293262097,0.0227825919584451,morena
MP,Morena,S1201,13,3,madhya pradesh,gwalior,0.0195632935006593,0.0478135558450502,0.0195069063403651,morena
MP,Morena,S1201,13,2,madhya pradesh,bhind,0.0098198924951273,0.0296514808528678,0.0097915886795057,morena
MP,Rajgarh,S1221,13,26,madhya pradesh,rajgarh,0.5046234026567126,0.9341551635321972,0.5001747921402937,rajgarh
MP,Rajgarh,S1221,13,6,madhya pradesh,guna,0.3130536524722389,0.3138139147737525,0.3102938641563198,rajgarh
MP,Rajgarh,S1221,13,27,madhya pradesh,vidisha,0.1321007776032206,0.2043408254428888,0.1309362162583069,rajgarh
MP,Rajgarh,S1221,21,27,rajasthan,jhalawar,0.0392235129208256,0.0686944715728847,0.0388777300436308,rajgarh
MP,Rajgarh,S1221,21,26,rajasthan,kota,0.0109986543470022,0.0100738608005267,0.0109016934665972,rajgarh
MP,Rewa,S1209,13,13,madhya pradesh,rewa,0.8256259621863944,0.94466868213548,0.8254036831916168,rewa
MP,Rewa,S1209,13,12,madhya pradesh,satna,0.1069090942236755,0.1007656637382533,0.1068803116428399,rewa
MP,Rewa,S1209,25,45,uttar pradesh,allahabad,0.0345747032555783,0.0322022386534495,0.0345653948875807,rewa
MP,Rewa,S1209,25,42,uttar pradesh,banda,0.0239583213714221,0.0203879830067691,0.0239518711968456,rewa
MP,Rewa,S1209,25,62,uttar pradesh,mirzapur,0.0089319189629295,0.0127769806065664,0.0089295142687224,rewa
MP,Sagar,S1205,13,10,madhya pradesh,sagar,0.9371796173191004,0.9312246937569052,0.9330568766701526,sagar
MP,Sagar,S1205,25,40,uttar pradesh,lalitpur,0.0377576034650062,0.076983551379556,0.0375915042416179,sagar
MP,Sagar,S1205,13,30,madhya pradesh,raisen,0.0109114687957716,0.0130618104306624,0.0108634682256431,sagar
MP,Sagar,S1205,13,8,madhya pradesh,chhatarpur,0.0075071428678002,0.0092267744657632,0.0074741182453195,sagar
MP,Sagar,S1205,13,11,madhya pradesh,damoh,0.0066441675523213,0.0094320081187098,0.0066149392388367,sagar
MP,Satna,S1208,13,12,madhya pradesh,satna,0.6881619255074081,0.8429714342103708,0.6859754812560304,satna
MP,Satna,S1208,13,33,madhya pradesh,jabalpur,0.2198601139246348,0.1982096933896783,0.2191615692008137,satna
MP,Satna,S1208,25,42,uttar pradesh,banda,0.0488612805126628,0.0540389645520853,0.0487060373032784,satna
MP,Satna,S1208,13,14,madhya pradesh,shahdol,0.0198800036083842,0.0128389925586047,0.019816840393455,satna
MP,Satna,S1208,13,9,madhya pradesh,panna,0.0150765833229776,0.0200834929493849,0.0150286816479283,satna
MP,Satna,S1208,13,13,madhya pradesh,rewa,0.0081600931239323,0.0121343240683865,0.0081341666841799,satna
MP,Seoni,S1215,13,37,madhya pradesh,seoni,0.5129152511268215,0.7479963290177916,0.5078387686854767,seoni
MP,Seoni,S1215,13,33,madhya pradesh,jabalpur,0.3009069387805738,0.3690350066335401,0.2979287688239532,seoni
MP,Seoni,S1215,13,34,madhya pradesh,narsimhapur,0.1308336757869744,0.3021590904157876,0.1295387740338874,seoni
MP,Seoni,S1215,13,11,madhya pradesh,damoh,0.0297866634879614,0.0500270019377609,0.0294918555760292,seoni
MP,Seoni,S1215,13,36,madhya pradesh,chhindwara,0.0255574708176687,0.0273317246247239,0.0253045205465156,seoni
MP,Shahdol,S1211,13,14,madhya pradesh,shahdol,0.9370306787491068,0.9362291362955036,0.9326605340237784,shahdol
MP,Shahdol,S1211,13,39,madhya pradesh,surguja,0.0227704528824425,0.0146641456019388,0.0226642555328633,shahdol
MP,Shahdol,S1211,13,15,madhya pradesh,sidhi,0.0202510378017809,0.0262353276538405,0.0201565905568411,shahdol
MP,Shahdol,S1211,13,33,madhya pradesh,jabalpur,0.0144701077076772,0.020181993368037,0.0144026216943505,shahdol
MP,Shahdol,S1211,13,12,madhya pradesh,satna,0.0054777228589924,0.0103809267726019,0.0054521757320925,shahdol
MP,Shajapur,S1222,13,19,madhya pradesh,shajapur,0.634772764418914,0.9297441824515392,0.6346255141243924,shajapur
MP,Shajapur,S1222,13,20,madhya pradesh,dewas,0.2619231204941183,0.324406938307222,0.261862361339352,shajapur
MP,Shajapur,S1222,21,27,rajasthan,jhalawar,0.0384994588235865,0.054675444936322,0.0384905279794034,shajapur
MP,Shajapur,S1222,13,26,madhya pradesh,rajgarh,0.0372247979833468,0.0558787113111971,0.0372161628263681,shajapur
MP,Shajapur,S1222,13,18,madhya pradesh,ujjain,0.0214150858152532,0.0324697213841219,0.021410118088422,shajapur
MP,Shajapur,S1222,13,29,madhya pradesh,sehore,0.0061647724647811,0.0085914893543004,0.0061633424025415,shajapur
MP,Sidhi,S1210,13,15,madhya pradesh,sidhi,0.9363378577299414,0.9372403096456604,0.9353409717751086,sidhi
MP,Sidhi,S1210,25,63,uttar pradesh,sonbhadra,0.0294547844995475,0.0450246901220601,0.0294234250273999,sidhi
MP,Sidhi,S1210,13,13,madhya pradesh,rewa,0.0243018887111912,0.0431969937961334,0.0242760153457899,sidhi
MP,Sidhi,S1210,25,62,uttar pradesh,mirzapur,0.0099054690593199,0.0220128273240019,0.0098949230551189,sidhi
MP,Ujjain,S1227,13,18,madhya pradesh,ujjain,0.7744686738238096,0.9029822249531612,0.7716444590040856,ujjain
MP,Ujjain,S1227,13,17,madhya pradesh,ratlam,0.1439406285955954,0.2139917829695561,0.1434157277568914,ujjain
MP,Ujjain,S1227,13,19,madhya pradesh,shajapur,0.0467975629684294,0.052709030101394,0.0466269087181937,ujjain
MP,Ujjain,S1227,21,27,rajasthan,jhalawar,0.0187276029260211,0.0204520335404068,0.0186593099459314,ujjain
MP,Ujjain,S1227,13,20,madhya pradesh,dewas,0.0083411067190411,0.0079443172362665,0.0083106896369757,ujjain
MP,Ujjain,S1227,13,22,madhya pradesh,dhar,0.0077244249671032,0.0063193154019648,0.0076962567064578,ujjain
MP,Vidisha,S1220,13,30,madhya pradesh,raisen,0.4419806293256849,0.7616602554679198,0.4415792745871009,vidisha
MP,Vidisha,S1220,13,27,madhya pradesh,vidisha,0.3747401520792778,0.7831232208829855,0.3743998572206453,vidisha
MP,Vidisha,S1220,13,29,madhya pradesh,sehore,0.1462728718175933,0.3396275365269824,0.1461400440275613,vidisha
MP,Vidisha,S1220,13,10,madhya pradesh,sagar,0.0209677426961742,0.0299930909563455,0.0209487022624309,vidisha
MP,Vidisha,S1220,13,6,madhya pradesh,guna,0.0086147189552007,0.0116666088891874,0.0086068960823306,vidisha
MP,Vidisha,S1220,13,28,madhya pradesh,bhopal,0.0074238851260688,0.0381629761281846,0.0074171436281923,vidisha
MS,Ahmednagar,S1339,14,9,maharashtra,ahmadnagar,0.879215609421759,0.4746011973870725,0.8761867654775499,ahmednagar
MS,Ahmednagar,S1339,14,10,maharashtra,pune,0.0642362318799361,0.0376334414382254,0.064014941993993,ahmednagar
MS,Ahmednagar,S1339,14,18,maharashtra,bid,0.0409830819318823,0.0341408326445882,0.0408418977238289,ahmednagar
MS,Ahmednagar,S1339,14,13,maharashtra,solapur,0.0155650767664224,0.0094546065753554,0.0155114560299388,ahmednagar
MS,Akola,S1319,14,23,maharashtra,akola,0.6923473174902519,0.4110910887792166,0.692347317490252,akola
MS,Akola,S1319,14,22,maharashtra,buldana,0.2911738887514831,0.1969947291475437,0.2911738887514832,akola
MS,Akola,S1319,14,24,maharashtra,amravati,0.0164787937582649,0.0088286642944857,0.0164787937582649,akola
MS,Amravati,S1321,14,24,maharashtra,amravati,0.8807244715153683,0.6580219162457356,0.8777480769468669,amravati
MS,Amravati,S1321,13,31,madhya pradesh,betul,0.0472624135432016,0.0421041532958707,0.0471026909562702,amravati
MS,Amravati,S1321,13,25,madhya pradesh,east nimar,0.0472225230590142,0.0388232774751517,0.0470629352813498,amravati
MS,Amravati,S1321,14,23,maharashtra,akola,0.0247905918824159,0.0205272917333688,0.0247068124651121,amravati
MS,Aurangabad,S1333,14,15,maharashtra,aurangabad,0.881397843131758,0.7699972626877241,0.8813978431317585,aurangabad
MS,Aurangabad,S1333,14,9,maharashtra,ahmadnagar,0.0727764944318287,0.0396628539839803,0.0727764944318287,aurangabad
MS,Aurangabad,S1333,14,8,maharashtra,jalgaon,0.0235063450796195,0.0198575235482292,0.0235063450796195,aurangabad
MS,Aurangabad,S1333,14,6,maharashtra,nashik,0.0223193173567937,0.0136168405987282,0.0223193173567937,aurangabad
MS,Baramati,S1343,14,10,maharashtra,pune,0.8685846344796234,0.4247754464756544,0.8685846344796238,baramati
MS,Baramati,S1343,14,11,maharashtra,satara,0.081710227310306,0.0625678953124137,0.081710227310306,baramati
MS,Baramati,S1343,14,13,maharashtra,solapur,0.0497051382100705,0.0252026881502324,0.0497051382100705,baramati
MS,Beed,S1334,14,18,maharashtra,bid,0.8708995354834469,0.7835992658712644,0.8684011374470593,beed
MS,Beed,S1334,14,21,maharashtra,latur,0.066139630863857,0.0899699126085803,0.065949892418554,beed
MS,Beed,S1334,14,9,maharashtra,ahmadnagar,0.0539479686962036,0.031453212107398,0.0537932051516544,beed
MS,Beed,S1334,14,17,maharashtra,parbhani,0.0090128649564924,0.0081381685515889,0.0089870092484663,beed
MS,Bhandara,S1324,14,28,maharashtra,bhandara,0.9589381239029732,0.5896838999533499,0.9589381199646084,bhandara
MS,Bhandara,S1324,13,38,madhya pradesh,balaghat,0.0291791207440423,0.0193251742998138,0.0291791206242034,bhandara
MS,Bhandara,S1324,14,27,maharashtra,nagpur,0.006069183704611,0.0035661513306057,0.0060691836796848,bhandara
MS,Bhandara,S1324,13,42,madhya pradesh,raj nandgaon,0.0058135716483735,0.0033451180427054,0.0058135716244971,bhandara
MS,Buldhana,S1318,14,22,maharashtra,buldana,0.8917163144438366,0.7938387778668949,0.8832822640825777,buldhana
MS,Buldhana,S1318,14,16,maharashtra,jalna,0.0411698700528473,0.0485054104741845,0.0407804763053428,buldhana
MS,Buldhana,S1318,14,8,maharashtra,jalgaon,0.0401017223274241,0.0305880647051601,0.0397224313576344,buldhana
MS,Buldhana,S1318,13,25,madhya pradesh,east nimar,0.0270120931758918,0.0209543385142211,0.0267566068171494,buldhana
MS,Chandrapur,S1326,14,30,maharashtra,gadchiroli,0.6001202813600073,0.7489092618970604,0.5942704696742565,chandrapur
MS,Chandrapur,S1326,14,29,maharashtra,chandrapur,0.3814181086963989,0.6334784393642782,0.3777001471831624,chandrapur
MS,Chandrapur,S1326,14,25,maharashtra,yavatmal,0.0112364577044346,0.0158545795100333,0.0111269277258162,chandrapur
MS,Chandrapur,S1326,13,45,madhya pradesh,bastar,0.007225152239159,0.0034844104717051,0.0071547233912885,chandrapur
MS,Chimur,S1325,14,28,maharashtra,bhandara,0.3508587683784593,0.3828154606122669,0.3507619285663197,chimur
MS,Chimur,S1325,14,29,maharashtra,chandrapur,0.3419632245192323,0.3121270288059427,0.3418688399479868,chimur
MS,Chimur,S1325,14,30,maharashtra,gadchiroli,0.2886274894364579,0.1979475058796665,0.2885478259525309,chimur
MS,Chimur,S1325,14,27,maharashtra,nagpur,0.0134094313093412,0.0139800361535807,0.0134057301995901,chimur
MS,Chimur,S1325,13,42,madhya pradesh,raj nandgaon,0.005141086356509,0.0052487001939203,0.0051396673757628,chimur
MS,Dahanu,S1311,14,2,maharashtra,thane,0.8603630700166506,0.7282062157521311,0.8517325951201771,dahanu
MS,Dahanu,S1311,14,6,maharashtra,nashik,0.1227355295608216,0.0636239599384304,0.1215043447927916,dahanu
MS,Dahanu,S1311,7,18,gujarat,valsad,0.0086148851076476,0.0133154711362408,0.0085284674634591,dahanu
MS,Dahanu,S1311,14,9,maharashtra,ahmadnagar,0.0082865153148801,0.0038372466473888,0.0082033916140884,dahanu
MS,Dhule,S1314,14,7,maharashtra,dhule,0.570932548177076,0.3422211005921561,0.5673236982312975,dhule
MS,Dhule,S1314,14,6,maharashtra,nashik,0.4052368341807049,0.1995479648943988,0.4026753425794117,dhule
MS,Dhule,S1314,7,19,gujarat,the dangs,0.023830617642219,0.0873924986749189,0.0236799849213125,dhule
MS,Erandol,S1316,14,8,maharashtra,jalgaon,0.8589584161892609,0.4747393142472679,0.8589585592944229,erandol
MS,Erandol,S1316,14,7,maharashtra,dhule,0.0682829613779536,0.0331767978237766,0.0682829727541088,erandol
MS,Erandol,S1316,14,6,maharashtra,nashik,0.0444229167587693,0.0177315049062959,0.0444229241597664,erandol
MS,Erandol,S1316,13,24,madhya pradesh,west nimar,0.0200511234611765,0.0092910147051959,0.0200511268017564,erandol
MS,Erandol,S1316,14,15,maharashtra,aurangabad,0.0082845822128394,0.0047351189131503,0.0082845835930768,erandol
MS,Hingoli,S1329,14,17,maharashtra,parbhani,0.4914627138843128,0.4454826585279821,0.4901100413005704,hingoli
MS,Hingoli,S1329,14,19,maharashtra,nanded,0.4724978482242979,0.4395138976508551,0.4711973734026806,hingoli
MS,Hingoli,S1329,14,25,maharashtra,yavatmal,0.0291403735937974,0.0215790076581503,0.0290601693721408,hingoli
MS,Hingoli,S1329,14,23,maharashtra,akola,0.0068990642975918,0.006411094123476,0.00688007572559,hingoli
MS,Ichalkaranji,S1347,14,14,maharashtra,kolhapur,0.683525766697676,0.3920549649905617,0.6831704487617651,ichalkaranji
MS,Ichalkaranji,S1347,14,5,maharashtra,sindhudurg,0.2084314830556914,0.1760098868136112,0.2083231338932363,ichalkaranji
MS,Ichalkaranji,S1347,14,4,maharashtra,ratnagiri,0.0585948752662973,0.0340848207206367,0.0585644158291422,ichalkaranji
MS,Ichalkaranji,S1347,11,3,karnataka,belgaum,0.0494478749803352,0.0169831364101503,0.0494221704381962,ichalkaranji
MS,Jalgaon,S1317,14,8,maharashtra,jalgaon,0.914393620693352,0.461315699156953,0.914393620693353,jalgaon
MS,Jalgaon,S1317,13,24,madhya pradesh,west nimar,0.0464483132720075,0.0196461009855171,0.0464483132720075,jalgaon
MS,Jalgaon,S1317,13,25,madhya pradesh,east nimar,0.0232669470948672,0.011937989458002,0.0232669470948672,jalgaon
MS,Jalgaon,S1317,14,15,maharashtra,aurangabad,0.0158911189397732,0.0082908058314323,0.0158911189397732,jalgaon
MS,Jalna,S1332,14,16,maharashtra,jalna,0.5330541877153532,0.7101450265877155,0.5330541877153532,jalna
MS,Jalna,S1332,14,15,maharashtra,aurangabad,0.2384372101907664,0.2126695087624766,0.2384372101907663,jalna
MS,Jalna,S1332,14,18,maharashtra,bid,0.190560383593504,0.1636347360390522,0.1905603835935039,jalna
MS,Jalna,S1332,14,8,maharashtra,jalgaon,0.015651661098936,0.0134993983423896,0.015651661098936,jalna
MS,Jalna,S1332,14,9,maharashtra,ahmadnagar,0.0131904533041605,0.0073395012362861,0.0131904533041605,jalna
MS,Jalna,S1332,14,22,maharashtra,buldana,0.0091061040972797,0.0091664929855613,0.0091061040972797,jalna
MS,Karad,S1345,14,11,maharashtra,satara,0.4370077303620852,0.2207727975622932,0.4370077303620854,karad
MS,Karad,S1345,14,12,maharashtra,sangli,0.2383954559096328,0.1318032285043072,0.2383954559096329,karad
MS,Karad,S1345,14,14,maharashtra,kolhapur,0.1967758972107078,0.1273416369819469,0.1967758972107078,karad
MS,Karad,S1345,14,4,maharashtra,ratnagiri,0.1278209165175741,0.0838899174307147,0.1278209165175742,karad
MS,Khed,S1341,14,10,maharashtra,pune,0.8715303300114356,0.426286260574674,0.8671804887932739,khed
MS,Khed,S1341,14,3,maharashtra,raigarh,0.0991122073421611,0.1173389524728587,0.0986175345237013,khed
MS,Khed,S1341,14,11,maharashtra,satara,0.0293574626464032,0.0224835669353537,0.0292109384272423,khed
MS,Kolaba,S1303,14,3,maharashtra,raigarh,0.9594912643801632,0.7120973550341804,0.7942870347096473,kolaba
MS,Kolaba,S1303,14,4,maharashtra,ratnagiri,0.0274610782404833,0.0171276968481316,0.0227328577291986,kolaba
MS,Kolaba,S1303,14,10,maharashtra,pune,0.0130476573793534,0.0040006878109412,0.0108011250070619,kolaba
MS,Kolhapur,S1348,14,14,maharashtra,kolhapur,0.8124817760482204,0.3745232350465591,0.8124817760482199,kolhapur
MS,Kolhapur,S1348,11,3,karnataka,belgaum,0.1141553548752755,0.0315093630326601,0.1141553548752754,kolhapur
MS,Kolhapur,S1348,14,5,maharashtra,sindhudurg,0.0733628690765041,0.0497878213406744,0.0733628690765041,kolhapur
MS,Kopargaon,S1340,14,9,maharashtra,ahmadnagar,0.9038718743924584,0.3255260317500711,0.9038718743924578,kopargaon
MS,Kopargaon,S1340,14,10,maharashtra,pune,0.0670767278374289,0.0262187002078791,0.0670767278374289,kopargaon
MS,Kopargaon,S1340,14,6,maharashtra,nashik,0.0290513977701126,0.0117124702640316,0.0290513977701126,kopargaon
MS,Latur,S1335,14,21,maharashtra,latur,0.7493712538186206,0.6568969016049944,0.7481083034276897,latur
MS,Latur,S1335,14,20,maharashtra,osmanabad,0.2245695003652334,0.2079959543216434,0.2241910228925092,latur
MS,Latur,S1335,11,5,karnataka,bidar,0.0148899244347341,0.0176995123561244,0.0148648297493029,latur
MS,Latur,S1335,11,11,karnataka,gulbarga,0.0111693213814117,0.0045129663982832,0.0111504972021639,latur
MS,Malegaon,S1313,14,6,maharashtra,nashik,0.9266076063951746,0.4530103818327837,0.9223148803315876,malegaon
MS,Malegaon,S1313,7,18,gujarat,valsad,0.052688722879343,0.0768044915408982,0.0524446300698298,malegaon
MS,Malegaon,S1313,14,2,maharashtra,thane,0.0145508897016092,0.0116151298316082,0.0144834793079978,malegaon
MS,Malegaon,S1313,14,15,maharashtra,aurangabad,0.0061527810238729,0.0043073038052166,0.0061242768293439,malegaon
MS,Mumbai North,S1309,14,1,maharashtra,mumbai suburban,1.0,0.2058278501866471,0.5784536559940807,mumbai north
MS,Mumbai North Central,S1306,14,1,maharashtra,mumbai suburban,1.0,0.0832689714350067,0.5318614705580946,mumbai north central
MS,Mumbai North East,S1307,14,1,maharashtra,mumbai suburban,1.0,0.1479721598356115,0.4633616230405772,mumbai north east
MS,Mumbai North West,S1308,14,1,maharashtra,mumbai suburban,1.0,0.1971545684734033,0.5960136041843236,mumbai north west
MS,Mumbai South Central,S1305,14,1,maharashtra,mumbai suburban,1.0,0.0060432350223228,0.1188699690989256,mumbai south central
MS,Nagpur,S1323,14,27,maharashtra,nagpur,1.0,0.1697681832921479,1.0000000000000009,nagpur
MS,Nanded,S1330,14,19,maharashtra,nanded,0.7352114885337396,0.4757786974678872,0.7314092276822439,nanded
MS,Nanded,S1330,14,21,maharashtra,latur,0.2246681149511793,0.2134387732634775,0.223506208763122,nanded
MS,Nanded,S1330,14,17,maharashtra,parbhani,0.0333952093825113,0.0210593193323106,0.0332225008500101,nanded
MS,Nanded,S1330,2,18,andhra pradesh,nizamabad,0.0067251871325696,0.0059959935106804,0.0066904067786824,nanded
MS,Nandurbar,S1315,14,7,maharashtra,dhule,0.8479307457113996,0.6161039145006514,0.8456702544308632,nandurbar
MS,Nandurbar,S1315,7,17,gujarat,surat,0.0583137972034744,0.0742681123131276,0.0581583389531631,nandurbar
MS,Nandurbar,S1315,13,21,madhya pradesh,jhabua,0.0285379278623127,0.0396371050962434,0.0284618488459265,nandurbar
MS,Nandurbar,S1315,7,16,gujarat,bharuch,0.0272134633552775,0.0327895863631181,0.0271409152174267,nandurbar
MS,Nandurbar,S1315,13,24,madhya pradesh,west nimar,0.0244804015358244,0.0169634600436528,0.0244151394439665,nandurbar
MS,Nandurbar,S1315,7,15,gujarat,vadodara,0.013523664331711,0.0165565441049194,0.0134876117113085,nandurbar
MS,Nashik,S1312,14,6,maharashtra,nashik,0.5871356667521402,0.2407568775653311,0.5871356667521405,nashik
MS,Nashik,S1312,14,9,maharashtra,ahmadnagar,0.3209930836723949,0.1175799568878029,0.320993083672395,nashik
MS,Nashik,S1312,14,10,maharashtra,pune,0.0619968289723348,0.0246471969964041,0.0619968289723349,nashik
MS,Nashik,S1312,14,2,maharashtra,thane,0.0298744206031299,0.0200014718782808,0.0298744206031299,nashik
MS,Osmanabad,S1336,14,20,maharashtra,osmanabad,0.5428244990542025,0.7647989062987429,0.5416419478962127,osmanabad
MS,Osmanabad,S1336,14,13,maharashtra,solapur,0.4038434606094535,0.2597227973685849,0.4029636816886007,osmanabad
MS,Osmanabad,S1336,14,10,maharashtra,pune,0.0369749000333801,0.0229353677652798,0.0368943496696304,osmanabad
MS,Osmanabad,S1336,14,18,maharashtra,bid,0.0094301333248336,0.0083174873612438,0.009409589640636,osmanabad
MS,Osmanabad,S1336,14,21,maharashtra,latur,0.0069270069781301,0.009236969555548,0.0069119163915083,osmanabad
MS,Pandharpur,S1338,14,13,maharashtra,solapur,0.7074493180835776,0.4200260218214469,0.7074493180835767,pandharpur
MS,Pandharpur,S1338,14,12,maharashtra,sangli,0.2258652444993711,0.2216314839415218,0.2258652444993708,pandharpur
MS,Pandharpur,S1338,14,11,maharashtra,satara,0.0508007102402077,0.0455491415658978,0.0508007102402076,pandharpur
MS,Pandharpur,S1338,14,20,maharashtra,osmanabad,0.0107291585553486,0.013955240615634,0.0107291585553486,pandharpur
MS,Pandharpur,S1338,14,10,maharashtra,pune,0.0051555686214949,0.0029522907058642,0.0051555686214949,pandharpur
MS,Parbhani,S1331,14,17,maharashtra,parbhani,0.7501752662829634,0.4998523308695053,0.7443778138105844,parbhani
MS,Parbhani,S1331,14,16,maharashtra,jalna,0.2343001586662162,0.2413495629381,0.2324894564274331,parbhani
MS,Parbhani,S1331,14,18,maharashtra,bid,0.0155245750508204,0.0103076780838513,0.0154045991064561,parbhani
MS,Pune,S1342,14,10,maharashtra,pune,1.0,0.0259157794140563,1.0,pune
MS,Rajapur,S1301,14,5,maharashtra,sindhudurg,0.5973005495594952,0.7742022918457144,0.5278986233124305,rajapur
MS,Rajapur,S1301,14,4,maharashtra,ratnagiri,0.298756763927566,0.2667515304806166,0.2640434275490811,rajapur
MS,Rajapur,S1301,6,1,goa,north goa,0.092265054065681,0.3099269100276232,0.0815445340826168,rajapur
MS,Rajapur,S1301,14,14,maharashtra,kolhapur,0.0116776324472577,0.0102809835079803,0.0103207775331904,rajapur
MS,Ramtek,S1322,14,27,maharashtra,nagpur,0.8383402856449932,0.8059009847721486,0.8283550781580375,ramtek
MS,Ramtek,S1322,14,24,maharashtra,amravati,0.0954625890565733,0.077286656370461,0.094325564181002,ramtek
MS,Ramtek,S1322,13,36,madhya pradesh,chhindwara,0.0533150332092962,0.044278526300148,0.0526800146161492,ramtek
MS,Ramtek,S1322,13,31,madhya pradesh,betul,0.0128820920891372,0.0124355917769243,0.0127286575416406,ramtek
MS,Ratnagiri,S1302,14,4,maharashtra,ratnagiri,0.8534722207115824,0.5981460345199001,0.6763404303891384,ratnagiri
MS,Ratnagiri,S1302,14,3,maharashtra,raigarh,0.1366096867718747,0.1139242816815784,0.1082573657401304,ratnagiri
MS,Ratnagiri,S1302,14,11,maharashtra,satara,0.0099180925165428,0.0053505027891101,0.0078596664290784,ratnagiri
MS,Sangli,S1346,14,12,maharashtra,sangli,0.883208099003441,0.5506480115853718,0.8784899866688779,sangli
MS,Sangli,S1346,14,14,maharashtra,kolhapur,0.0490556845219416,0.0357989941560382,0.0487936282404327,sangli
MS,Sangli,S1346,11,3,karnataka,belgaum,0.0461811029842784,0.0201801311087485,0.0459344027650891,sangli
MS,Sangli,S1346,11,6,karnataka,bijapur,0.0215551134903389,0.0074583500865872,0.0214399657160528,sangli
MS,Satara,S1344,14,11,maharashtra,satara,0.9214279297561394,0.6432760958349312,0.9189039221775592,satara
MS,Satara,S1344,14,12,maharashtra,sangli,0.0785720702438605,0.0600310405417381,0.0783568428838513,satara
MS,Solapur,S1337,14,13,maharashtra,solapur,0.9323954109807026,0.2630602996142675,0.9323891959519908,solapur
MS,Solapur,S1337,11,11,karnataka,gulbarga,0.0248452078677214,0.0066991517606985,0.0248450422580686,solapur
MS,Solapur,S1337,11,6,karnataka,bijapur,0.0239191278941221,0.0061898927481952,0.0239189684574015,solapur
MS,Solapur,S1337,14,12,maharashtra,sangli,0.0188402532574537,0.0087850270083253,0.0188401276747733,solapur
MS,Thane,S1310,14,2,maharashtra,thane,0.7908584847475161,0.2315429397986392,0.6993463439648515,thane
MS,Thane,S1310,14,3,maharashtra,raigarh,0.1346028138811106,0.0566394108113825,0.1190275979718275,thane
MS,Thane,S1310,14,1,maharashtra,mumbai suburban,0.0478783837158615,0.3597332150470085,0.0423382605768259,thane
MS,Thane,S1310,14,10,maharashtra,pune,0.0266603176555117,0.0046348286110209,0.023575388063613,thane
MS,Wardha,S1327,14,26,maharashtra,wardha,0.66005757982949,1.0,0.6573469409497684,wardha
MS,Wardha,S1327,14,24,maharashtra,amravati,0.3093884428104422,0.2388678384290481,0.3081178864716526,wardha
MS,Wardha,S1327,14,25,maharashtra,yavatmal,0.0231530956895666,0.0157870693505579,0.0230580135584316,wardha
MS,Wardha,S1327,14,27,maharashtra,nagpur,0.007400881670501,0.0067846444515169,0.0073704886893228,wardha
MS,Washim,S1320,14,23,maharashtra,akola,0.6421028147617107,0.5383248825919552,0.639520317350027,washim
MS,Washim,S1320,14,25,maharashtra,yavatmal,0.3174814314796793,0.2121058290032358,0.3162045409939115,washim
MS,Washim,S1320,14,17,maharashtra,parbhani,0.0311421472500928,0.0254675227186127,0.0310168954791635,washim
MS,Washim,S1320,14,19,maharashtra,nanded,0.009273606508517,0.0077825041617691,0.0092363086424204,washim
MS,Yavatmal,S1328,14,25,maharashtra,yavatmal,0.965943179578849,0.7212626797282545,0.957865536015147,yavatmal
MS,Yavatmal,S1328,14,23,maharashtra,akola,0.0252350190398899,0.0236456427719832,0.0250239926633525,yavatmal
MS,Yavatmal,S1328,14,24,maharashtra,amravati,0.008821801381261,0.0074586512193799,0.0087480295811654,yavatmal
MZ,Mizoram,S1601,17,1,mizoram,aizawl,0.6130365399592816,0.835564903612558,0.4794763569149602,mizoram
MZ,Mizoram,S1601,17,2,mizoram,lunglei,0.2009792560425926,1.0,0.1571925900357945,mizoram
MZ,Mizoram,S1601,17,3,mizoram,saiha,0.1609476660869714,1.0,0.125882546241815,mizoram
MZ,Mizoram,S1601,15,3,manipur,churachandpur,0.0250365379111542,0.0886619883572046,0.0195819126673931,mizoram
NL,Nagaland,S1701,18,6,nagaland,tuensang,0.2526111650910211,0.9679765879918456,0.2339968664231552,nagaland
NL,Nagaland,S1701,18,1,nagaland,kohima,0.1661512291953878,0.6961064420437364,0.1539079516539475,nagaland
NL,Nagaland,S1701,18,2,nagaland,phek,0.1244846923454753,0.9440400052420866,0.1153117199550382,nagaland
NL,Nagaland,S1701,18,7,nagaland,mon,0.1093139207213759,0.8190612128889694,0.1012588453721532,nagaland
NL,Nagaland,S1701,18,3,nagaland,zunheboto,0.0973954893327019,1.0,0.0902186540305544,nagaland
NL,Nagaland,S1701,18,5,nagaland,mokokchung,0.069266138940519,0.7176867823696093,0.0641620866420225,nagaland
NL,Nagaland,S1701,18,4,nagaland,wokha,0.0686522177682525,0.6621136883901535,0.0635934038188011,nagaland
NL,Nagaland,S1701,15,1,manipur,senapati,0.0421894969901124,0.1965508222317815,0.0390806561859539,nagaland
NL,Nagaland,S1701,15,2,manipur,tamenglong,0.0417701994573516,0.1571635370332642,0.0386922556624472,nagaland
NL,Nagaland,S1701,15,8,manipur,ukhrul,0.0200690861321562,0.065040650042008,0.0185902442800137,nagaland
NL,Nagaland,S1701,3,11,arunachal pradesh,tirap,0.0080963640256457,0.0624004986917253,0.0074997627707375,nagaland
OD,Aska,S1810,19,12,odisha,ganjam,0.907976159930994,0.383723402841145,0.8974008236439545,aska
OD,Aska,S1810,19,13,odisha,puri,0.0762754932836819,0.0429440331376309,0.0753871010245767,aska
OD,Aska,S1810,19,8,odisha,kandhamal,0.0157483467853242,0.0075045248620707,0.0155649233976084,aska
OD,Balasore,S1802,19,5,odisha,baleshwar,0.632738903069037,0.365314711115261,0.5709873570599949,balasore
OD,Balasore,S1802,19,4,odisha,mayurbhanj,0.2592569223262292,0.0884327387301295,0.2339549917992169,balasore
OD,Balasore,S1802,26,13,west bengal,purba medinipur,0.1080041746047337,0.0275284236085105,0.097463610835186,balasore
OD,Berhampur,S1811,19,12,odisha,ganjam,0.96148542640351,0.4691292027464706,0.9272832171585124,berhampur
OD,Berhampur,S1811,19,8,odisha,kandhamal,0.0223982109834874,0.0123227456163635,0.0216014560065177,berhampur
OD,Berhampur,S1811,2,1,andhra pradesh,srikakulam,0.0083548123775825,0.0104456388395018,0.0080576128222968,berhampur
OD,Berhampur,S1811,19,11,odisha,koraput,0.0077615502354199,0.0018219415945852,0.0074854543551003,berhampur
OD,Bhadrak,S1803,19,5,odisha,baleshwar,0.9940435792374368,0.4918390543995749,0.7745478587400383,bhadrak
OD,Bhadrak,S1803,19,6,odisha,cuttack,0.0059564207625633,0.0016194649663809,0.0046411777549404,bhadrak
OD,Bhubaneswar,S1809,19,13,odisha,puri,0.9198412119930994,0.5038048153456812,0.91620432553995,bhubaneswar
OD,Bhubaneswar,S1809,19,6,odisha,cuttack,0.0711303224400098,0.0333680219323891,0.0708490859584113,bhubaneswar
OD,Bhubaneswar,S1809,19,12,odisha,ganjam,0.0090284655668907,0.0037118415914859,0.008992768640416,bhubaneswar
OD,Bolangir,S1816,19,9,odisha,balangir,0.765981355614615,0.6984932468159238,0.7634629392404259,bolangir
OD,Bolangir,S1816,19,10,odisha,kalahandi,0.1931501178437201,0.1259981194523465,0.1925150731185598,bolangir
OD,Bolangir,S1816,19,1,odisha,sambalpur,0.0408685265416648,0.0184463952490477,0.0407341577797138,bolangir
OD,Cuttack,S1806,19,6,odisha,cuttack,0.94038230519276,0.2518158444569229,0.9403823051927596,cuttack
OD,Cuttack,S1806,19,13,odisha,puri,0.0472702359037888,0.0147788329300373,0.0472702359037888,cuttack
OD,Cuttack,S1806,19,7,odisha,dhenkanal,0.0123474589034512,0.0033260540217734,0.0123474589034512,cuttack
OD,Deogarh,S1818,19,1,odisha,sambalpur,0.6349568067078433,0.4402878933960422,0.6332753253026403,deogarh
OD,Deogarh,S1818,19,7,odisha,dhenkanal,0.2985853587094435,0.3285671065709914,0.2977946502341081,deogarh
OD,Deogarh,S1818,19,2,odisha,sundargarh,0.0349014547009819,0.0463302596895281,0.0348090292848366,deogarh
OD,Deogarh,S1818,19,3,odisha,kendujhar,0.0256486319781848,0.0394914073147724,0.0255807097238132,deogarh
OD,Deogarh,S1818,19,6,odisha,cuttack,0.0059077479035463,0.0064625575682831,0.0058921031098509,deogarh
OD,Dhenkanal,S1819,19,7,odisha,dhenkanal,0.8511807580458417,0.6054170997348549,0.8489951723067709,dhenkanal
OD,Dhenkanal,S1819,19,6,odisha,cuttack,0.0803287207681239,0.0567976845877917,0.0801224598712591,dhenkanal
OD,Dhenkanal,S1819,19,9,odisha,balangir,0.0478867560855606,0.043361747144164,0.0477637967608794,dhenkanal
OD,Dhenkanal,S1819,19,1,odisha,sambalpur,0.0206037651004736,0.0092345653981196,0.0205508605972302,dhenkanal
OD,Jagatsinghpur,S1807,19,6,odisha,cuttack,0.7202240159272191,0.1571648915378434,0.6431542382628939,jagatsinghpur
OD,Jagatsinghpur,S1807,19,13,odisha,puri,0.279775984072781,0.0712807295497367,0.2498376976348486,jagatsinghpur
OD,Jajpur,S1804,19,6,odisha,cuttack,0.9033092544781122,0.2667976194391059,0.9032381938993312,jajpur
OD,Jajpur,S1804,19,5,odisha,baleshwar,0.0680688967333863,0.0365868988648481,0.0680635419612805,jajpur
OD,Jajpur,S1804,19,3,odisha,kendujhar,0.0286218487885014,0.0118986888496667,0.0286195971951179,jajpur
OD,Kalahandi,S1814,19,10,odisha,kalahandi,0.9520993949509856,0.792873485663927,0.9486546874272884,kalahandi
OD,Kalahandi,S1814,19,11,odisha,koraput,0.022434508994287,0.0085983980613776,0.0223533406600428,kalahandi
OD,Kalahandi,S1814,19,9,odisha,balangir,0.0139025542347971,0.0161841960523505,0.0138522546196254,kalahandi
OD,Kalahandi,S1814,19,8,odisha,kandhamal,0.0115635418199301,0.0103872366750459,0.0115217047809414,kalahandi
OD,Kendrapara,S1805,19,6,odisha,cuttack,0.98716119243995,0.2034597108369397,0.7412635705114196,kendrapara
OD,Kendrapara,S1805,19,5,odisha,baleshwar,0.01283880756005,0.0048155559829805,0.0096407156257316,kendrapara
OD,Keonjhar,S1821,19,3,odisha,kendujhar,0.7057056434920724,0.9168194872995036,0.7051463989349166,keonjhar
OD,Keonjhar,S1821,19,4,odisha,mayurbhanj,0.2351727977453239,0.2333795963367133,0.234986432355812,keonjhar
OD,Keonjhar,S1821,19,5,odisha,baleshwar,0.0254564129466193,0.0427595293260174,0.0254362397192739,keonjhar
OD,Keonjhar,S1821,19,6,odisha,cuttack,0.0154552731984349,0.0142653028899694,0.0154430254893578,keonjhar
OD,Keonjhar,S1821,19,7,odisha,dhenkanal,0.0091178879174608,0.0084658713675612,0.0091106623422686,keonjhar
OD,Keonjhar,S1821,5,39,bihar,singhbhum,0.0090919847000884,0.0068151163153352,0.0090847796521988,keonjhar
OD,Koraput,S1812,19,11,odisha,koraput,0.925031972324445,0.4984192879221866,0.923236052979605,koraput
OD,Koraput,S1812,19,8,odisha,kandhamal,0.0283749851811736,0.0358328964036998,0.02831989607472,koraput
OD,Koraput,S1812,2,2,andhra pradesh,vizianagaram,0.0209619145500467,0.0470253353248565,0.0209212176779692,koraput
OD,Koraput,S1812,19,12,odisha,ganjam,0.0142012081779622,0.0159047620007214,0.0141736369963707,koraput
OD,Koraput,S1812,19,10,odisha,kalahandi,0.0114299197663723,0.0133814108892129,0.0114077289506681,koraput
OD,Mayurbhanj,S1801,19,4,odisha,mayurbhanj,0.8849341270096933,0.6279382032711742,0.884934127009694,mayurbhanj
OD,Mayurbhanj,S1801,26,13,west bengal,purba medinipur,0.0386140813556338,0.0204743326857584,0.0386140813556338,mayurbhanj
OD,Mayurbhanj,S1801,19,5,odisha,baleshwar,0.0385424453866037,0.0462919140533985,0.0385424453866037,mayurbhanj
OD,Mayurbhanj,S1801,5,39,bihar,singhbhum,0.0275702515320064,0.0147769726076547,0.0275702515320064,mayurbhanj
OD,Mayurbhanj,S1801,5,39,bihar,singhbhum,0.0103390947160625,0.0055414989315508,0.0103390947160625,mayurbhanj
OD,Nowrangpur,S1813,19,11,odisha,koraput,0.8681068705419177,0.4360101433292107,0.8638698570260573,nowrangpur
OD,Nowrangpur,S1813,13,45,madhya pradesh,bastar,0.0675831688522005,0.0226804908215199,0.067253312230178,nowrangpur
OD,Nowrangpur,S1813,13,44,madhya pradesh,raipur,0.0371741310806637,0.0233389089879348,0.0369926934015323,nowrangpur
OD,Nowrangpur,S1813,19,10,odisha,kalahandi,0.027135829525218,0.0296133220356873,0.0270033862968967,nowrangpur
OD,Phulbani,S1815,19,8,odisha,kandhamal,0.7229326195587069,0.9339525964428196,0.7196593530884265,phulbani
OD,Phulbani,S1815,19,9,odisha,balangir,0.1359341693452418,0.2275846839195975,0.1353186918489368,phulbani
OD,Phulbani,S1815,19,12,odisha,ganjam,0.0862978888036563,0.0988741571123954,0.0859071525465907,phulbani
OD,Phulbani,S1815,19,7,odisha,dhenkanal,0.0335910830366839,0.0441753431607998,0.0334389906247085,phulbani
OD,Phulbani,S1815,19,1,odisha,sambalpur,0.0108168633724026,0.008963843280671,0.0107678871950486,phulbani
OD,Phulbani,S1815,19,13,odisha,puri,0.0104273758833083,0.0159159151447276,0.0103801632124059,phulbani
OD,Puri,S1808,19,13,odisha,puri,0.944920476340528,0.351275673892186,0.7393619210134561,puri
OD,Puri,S1808,19,12,odisha,ganjam,0.0291725261698151,0.0081405339262815,0.0228263176952859,puri
OD,Puri,S1808,19,6,odisha,cuttack,0.0259069974896567,0.0082489017843734,0.0202711740418888,puri
OD,Sambalpur,S1817,19,1,odisha,sambalpur,0.9588035137197198,0.4916909502514507,0.95734053056576,sambalpur
OD,Sambalpur,S1817,13,44,madhya pradesh,raipur,0.0149732600192321,0.0063844165928237,0.0149504131826753,sambalpur
OD,Sambalpur,S1817,19,9,odisha,balangir,0.0138757923337047,0.014376126067964,0.013854620059989,sambalpur
OD,Sambalpur,S1817,19,7,odisha,dhenkanal,0.012347433927343,0.0100485251440191,0.0123285936878447,sambalpur
OD,Sundargarh,S1820,19,2,odisha,sundargarh,0.862627481239752,0.923786752615874,0.8591347217196625,sundargarh
OD,Sundargarh,S1820,5,39,bihar,singhbhum,0.0433434908637923,0.0310630328785116,0.0431679940315666,sundargarh
OD,Sundargarh,S1820,19,1,odisha,sambalpur,0.0297007553209062,0.0166145005107508,0.0295804976220072,sundargarh
OD,Sundargarh,S1820,5,37,bihar,gumla,0.0266807125137212,0.0291918722867638,0.0265726829010996,sundargarh
OD,Sundargarh,S1820,19,3,odisha,kendujhar,0.0255935529150693,0.0317904165360573,0.0254899251875263,sundargarh
OD,Sundargarh,S1820,13,41,madhya pradesh,raigarh,0.0120540071467588,0.0091694142223509,0.0120052007394362,sundargarh
PB,Amritsar,S1902,20,1,punjab,gurdaspur,0.6162431185975497,0.2930495034530798,0.5419436918653038,amritsar
PB,Amritsar,S1902,20,2,punjab,amritsar,0.3837568814024503,0.1621319760898246,0.3374879407323355,amritsar
PB,Bhatinda,S1911,20,11,punjab,bathinda,0.730866556905102,0.7317530480839901,0.7288669230280687,bhatinda
PB,Bhatinda,S1911,20,10,punjab,sangrur,0.1772144252828843,0.1867773337847936,0.1767295707428226,bhatinda
PB,Bhatinda,S1911,20,12,punjab,faridkot,0.0919190178120136,0.0936570130189244,0.0916675295201716,bhatinda
PB,Faridkot,S1912,20,12,punjab,faridkot,0.7258367967411917,0.7508533166774121,0.7240179391594208,faridkot
PB,Faridkot,S1912,20,3,punjab,firozpur,0.1801362686452128,0.1706743033452351,0.1796848693507043,faridkot
PB,Faridkot,S1912,20,11,punjab,bathinda,0.0525546745202577,0.0534218588612282,0.0524229789812083,faridkot
PB,Faridkot,S1912,20,7,punjab,ludhiana,0.0414722600933377,0.0298175978438858,0.0413683357193702,faridkot
PB,Ferozepur,S1913,20,3,punjab,firozpur,0.7776025568541403,0.6969700709727394,0.7206870132882303,ferozepur
PB,Ferozepur,S1913,20,12,punjab,faridkot,0.0848119821927811,0.0829970791056987,0.0786042864684603,ferozepur
PB,Ferozepur,S1913,20,5,punjab,jalandhar,0.0793518530048342,0.1118612514053365,0.0735438038839522,ferozepur
PB,Ferozepur,S1913,20,2,punjab,amritsar,0.0340065312243251,0.0455648197154432,0.0315174702093334,ferozepur
PB,Ferozepur,S1913,20,6,punjab,kapurthala,0.024227076723919,0.0770922963254245,0.0224538093541031,ferozepur
PB,Gurdaspur,S1901,20,1,punjab,gurdaspur,0.7155919625879407,0.5191310211863104,0.5917223788177145,gurdaspur
PB,Gurdaspur,S1901,9,2,himachal pradesh,kangra,0.1234295117304794,0.0545889457608435,0.1020637571631371,gurdaspur
PB,Gurdaspur,S1901,20,7,punjab,hoshiarpur,0.0980667054084833,0.0320843914322322,0.081091274414632,gurdaspur
PB,Gurdaspur,S1901,9,1,himachal pradesh,chamba,0.0629118202730964,0.0260788901003084,0.0520217301115568,gurdaspur
PB,Hoshiarpur,S1906,20,7,punjab,hoshiarpur,0.5288247248359825,0.255515008857898,0.5287637319415173,hoshiarpur
PB,Hoshiarpur,S1906,20,8,punjab,rupnagar,0.1943385640783174,0.347097226045659,0.1943161497111884,hoshiarpur
PB,Hoshiarpur,S1906,9,4,himachal pradesh,una,0.1783843915975765,0.4129159739683125,0.1783638173319267,hoshiarpur
PB,Hoshiarpur,S1906,9,5,himachal pradesh,bilaspur,0.0543217445869122,0.1847309857284653,0.0543154792965822,hoshiarpur
PB,Hoshiarpur,S1906,9,2,himachal pradesh,kangra,0.0441305749012112,0.0288242306190009,0.0441254850266814,hoshiarpur
PB,Jullundur,S1904,20,6,punjab,kapurthala,0.5038606244910909,0.7653535677298638,0.5010989538363883,jullundur
PB,Jullundur,S1904,20,5,punjab,jalandhar,0.4897213773995204,0.3295439827500702,0.4870372042547925,jullundur
PB,Jullundur,S1904,20,2,punjab,amritsar,0.0064179981093886,0.004104957162217,0.0063828209270904,jullundur
PB,Ludhiana,S1909,20,7,punjab,ludhiana,0.6195760042782124,0.2471556531573646,0.6168279332798795,ludhiana
PB,Ludhiana,S1909,20,5,punjab,jalandhar,0.3319794943713542,0.274476644929048,0.3305070305989944,ludhiana
PB,Ludhiana,S1909,20,7,punjab,hoshiarpur,0.0484445013504335,0.0193250421102053,0.048229630328524,ludhiana
PB,Patiala,S1908,20,9,punjab,patiala,0.5680811052496516,0.5751462838735072,0.5680811802207615,patiala
PB,Patiala,S1908,20,10,punjab,sangrur,0.2659188082781544,0.2190694347104317,0.2659188433721366,patiala
PB,Patiala,S1908,8,1,haryana,ambala,0.068374468590871,0.1183092155305082,0.0683744776144237,patiala
PB,Patiala,S1908,20,8,punjab,rupnagar,0.0484069929705374,0.0990460090703412,0.0484069993589316,patiala
PB,Patiala,S1908,8,4,haryana,kaithal,0.0305352925560837,0.0581124748958997,0.030535296585904,patiala
PB,Patiala,S1908,28,1,chandigarh,chandigarh,0.0186833323547015,0.4446868772769585,0.0186833348203885,patiala
PB,Phillaur,S1905,20,7,punjab,hoshiarpur,0.5101263222033087,0.2140978475982498,0.5101263222033098,phillaur
PB,Phillaur,S1905,20,5,punjab,jalandhar,0.3266225668910834,0.2841181209155451,0.3266225668910841,phillaur
PB,Phillaur,S1905,20,1,punjab,gurdaspur,0.0955476997655177,0.0889189059319276,0.0955476997655179,phillaur
PB,Phillaur,S1905,20,6,punjab,kapurthala,0.06770341114009,0.1329384660738878,0.0677034111400902,phillaur
PB,Ropar,S1907,20,9,punjab,patiala,0.3576636936978424,0.2957262078563833,0.3565693440157768,ropar
PB,Ropar,S1907,20,8,punjab,rupnagar,0.3225109732479989,0.5389151032589413,0.3215241809421107,ropar
PB,Ropar,S1907,20,7,punjab,ludhiana,0.1754204243538623,0.0792991489614662,0.1748836875002145,ropar
PB,Ropar,S1907,9,10,himachal pradesh,solan,0.0609394343835456,0.1054952089484499,0.0607529769605028,ropar
PB,Ropar,S1907,20,7,punjab,hoshiarpur,0.0352023571767631,0.0159132950215863,0.0350946479262488,ropar
PB,Ropar,S1907,28,1,chandigarh,chandigarh,0.023189982744365,0.4507620891992289,0.0231190279600507,ropar
PB,Ropar,S1907,20,10,punjab,sangrur,0.0161432106347047,0.0108609953734325,0.0160938169787735,ropar
PB,Ropar,S1907,8,1,haryana,ambala,0.0089299237609177,0.0126188374297633,0.0089026007214233,ropar
PB,Sangrur,S1910,20,10,punjab,sangrur,0.7293071583254913,0.5225152407243356,0.7293071583254912,sangrur
PB,Sangrur,S1910,20,7,punjab,ludhiana,0.2218409114876879,0.1067920150171117,0.2218409114876879,sangrur
PB,Sangrur,S1910,20,9,punjab,patiala,0.0321594616984735,0.0283160387885231,0.0321594616984735,sangrur
PB,Sangrur,S1910,20,12,punjab,faridkot,0.0166924684883472,0.0115616249724755,0.0166924684883472,sangrur
PB,Tarn Taran,S1903,20,2,punjab,amritsar,0.9102721370537334,0.7881982470325152,0.9096937838300894,tarn taran
PB,Tarn Taran,S1903,20,1,punjab,gurdaspur,0.0777575694835377,0.0757850078138755,0.0777081652019576,tarn taran
PB,Tarn Taran,S1903,20,6,punjab,kapurthala,0.0119702934627288,0.0246156698708237,0.0119626879813234,tarn taran
PY,Puducherry,U0701,23,6,tamil nadu,cuddalore,0.4547580277991353,0.0169820152217976,0.3470423329425388,puducherry
PY,Puducherry,U0701,33,1,puducherry,puducherry,0.2826938114426644,0.4052095594641117,0.2157338932668908,puducherry
PY,Puducherry,U0701,33,1,puducherry,puducherry,0.1292534972754594,0.1852702484815704,0.0986380283434389,puducherry
PY,Puducherry,U0701,33,4,puducherry,yanam,0.042056128197027,0.1359904398940642,0.032094555679781,puducherry
PY,Puducherry,U0701,23,13,tamil nadu,thanjavur,0.0420129216931159,0.0011338735533247,0.0320615832307004,puducherry
PY,Puducherry,U0701,2,4,andhra pradesh,east godavari,0.0251499220094619,0.0010324315301768,0.0191928170014444,puducherry
PY,Puducherry,U0701,12,4,kerala,kozhikode,0.0240756915831359,0.0040397641247703,0.0183730328294655,puducherry
RJ,Ajmer,S2012,21,11,rajasthan,ajmer,0.839597968836721,0.7181510286559373,0.8389420303762544,ajmer
RJ,Ajmer,S2012,21,15,rajasthan,nagaur,0.0760223130310844,0.0306452612885944,0.0759629203683796,ajmer
RJ,Ajmer,S2012,21,9,rajasthan,jaipur,0.0412960674245999,0.0216431084801694,0.0412638047466335,ajmer
RJ,Ajmer,S2012,21,12,rajasthan,tonk,0.0281958376053774,0.0267915287676111,0.028173809521703,ajmer
RJ,Ajmer,S2012,21,16,rajasthan,pali,0.0148878131022171,0.00887064544687,0.0148761819530618,ajmer
RJ,Alwar,S2008,21,5,rajasthan,alwar,0.8702963934756842,0.6137296810180002,0.8692841825299832,alwar
RJ,Alwar,S2008,8,11,haryana,rewari,0.0575565695575197,0.1868141317980506,0.0574896275477172,alwar
RJ,Alwar,S2008,8,12,haryana,mahendragarh,0.0276113022746459,0.0706445695557381,0.0275791885458094,alwar
RJ,Alwar,S2008,8,10,haryana,gurgaon,0.0264137459889585,0.0550088230018717,0.0263830250954705,alwar
RJ,Alwar,S2008,21,9,rajasthan,jaipur,0.0181219887031915,0.0077017757932708,0.0181009116592548,alwar
RJ,Banswara,S2016,21,24,rajasthan,banswara,0.5817422002787586,0.8251935419365003,0.5806674588128723,banswara
RJ,Banswara,S2016,21,23,rajasthan,dungarpur,0.3682206083689179,0.7200447553217504,0.3675403380426148,banswara
RJ,Banswara,S2016,21,21,rajasthan,udaipur,0.026787508974485,0.012332184563865,0.0267380203063964,banswara
RJ,Banswara,S2016,21,22,rajasthan,chittaurgarh,0.0093546161517093,0.0064242245525847,0.0093373339365444,banswara
RJ,Banswara,S2016,7,9,gujarat,sabar kantha,0.0082727548100932,0.0086043647340146,0.008257471283082,banswara
RJ,Banswara,S2016,13,17,madhya pradesh,ratlam,0.0056223114160358,0.0093921221692114,0.0056119244590469,banswara
RJ,Barmer,S2023,21,13,rajasthan,jaisalmer,0.5243254063108649,0.9862491607631692,0.4941682059917123,barmer
RJ,Barmer,S2023,21,17,rajasthan,barmer,0.3692738592009197,0.95310639406769,0.3480346333108317,barmer
RJ,Barmer,S2023,21,14,rajasthan,jodhpur,0.0946688127598415,0.2835275146474311,0.0892238232246935,barmer
RJ,Barmer,S2023,21,2,rajasthan,bikaner,0.0117319217283738,0.0295180831502516,0.011057146275129,barmer
RJ,Bayana,S2010,21,7,rajasthan,dhaulpur,0.396293464790579,0.7570230927063232,0.3948719903489014,bayana
RJ,Bayana,S2010,21,6,rajasthan,bharatpur,0.3890061769258592,0.4239518440446321,0.3876108414301124,bayana
RJ,Bayana,S2010,25,20,uttar pradesh,agra,0.1073399551439612,0.1253889443167399,0.1069549349093011,bayana
RJ,Bayana,S2010,21,8,rajasthan,sawai madhopur,0.0853318988637499,0.0446682731733218,0.0850258198488998,bayana
RJ,Bayana,S2010,21,5,rajasthan,alwar,0.0220285042758505,0.0153215879746523,0.0219494897106392,bayana
RJ,Bharatpur,S2009,21,6,rajasthan,bharatpur,0.4782655459323278,0.4880119387906945,0.478265921641048,bharatpur
RJ,Bharatpur,S2009,21,5,rajasthan,alwar,0.4260910422332886,0.2774741268590974,0.4260913769555398,bharatpur
RJ,Bharatpur,S2009,25,19,uttar pradesh,mathura,0.0522244843193775,0.0729184850949335,0.0522245253451096,bharatpur
RJ,Bharatpur,S2009,8,10,haryana,gurgaon,0.0383564372041644,0.0737650705332157,0.0383564673356427,bharatpur
RJ,Bharatpur,S2009,25,20,uttar pradesh,agra,0.0050624903108417,0.0055368576925154,0.0050624942877574,bharatpur
RJ,Bhilwara,S2020,21,20,rajasthan,bhilwara,0.878426454696079,0.9039015240411284,0.8784264546960806,bhilwara
RJ,Bhilwara,S2020,21,11,rajasthan,ajmer,0.0743343843090917,0.0925227862972998,0.0743343843090918,bhilwara
RJ,Bhilwara,S2020,21,25,rajasthan,bundi,0.0236424467295596,0.042185879360414,0.0236424467295597,bhilwara
RJ,Bhilwara,S2020,21,21,rajasthan,udaipur,0.0126663645493561,0.0078190527776972,0.0126663645493561,bhilwara
RJ,Bhilwara,S2020,21,12,rajasthan,tonk,0.0109303497159133,0.0151133625060688,0.0109303497159133,bhilwara
RJ,Bikaner,S2002,21,2,rajasthan,bikaner,0.6585619761129029,0.9065307432143808,0.6368424160076839,bikaner
RJ,Bikaner,S2002,21,1,rajasthan,ganganagar,0.2578450622306636,0.4705589176569058,0.2493412592021196,bikaner
RJ,Bikaner,S2002,21,15,rajasthan,nagaur,0.0626676508306312,0.1306419026183845,0.0606008539941321,bikaner
RJ,Bikaner,S2002,21,3,rajasthan,churu,0.0209253108258021,0.0464682159053465,0.0202351881605308,bikaner
RJ,Chittorgarh,S2019,21,22,rajasthan,chittaurgarh,0.6984377333387408,0.7128506297508227,0.6959824105964832,chittorgarh
RJ,Chittorgarh,S2019,21,26,rajasthan,kota,0.2008914510086432,0.1916055510337259,0.200185227211099,chittorgarh
RJ,Chittorgarh,S2019,21,20,rajasthan,bhilwara,0.044260640216491,0.0504794984072731,0.0441050441607182,chittorgarh
RJ,Chittorgarh,S2019,13,16,madhya pradesh,mandsaur,0.0323049379785465,0.0394411776179245,0.032191371592998,chittorgarh
RJ,Chittorgarh,S2019,21,25,rajasthan,bundi,0.0241052374575783,0.0476724781508953,0.0240204967070261,chittorgarh
RJ,Churu,S2003,21,3,rajasthan,churu,0.8233047143461774,0.9104305535920392,0.8207119451359604,churu
RJ,Churu,S2003,21,1,rajasthan,ganganagar,0.063650986730694,0.0578445531816701,0.0634505356513796,churu
RJ,Churu,S2003,21,15,rajasthan,nagaur,0.0602608645399792,0.0625570961173247,0.0600710897076021,churu
RJ,Churu,S2003,8,13,haryana,bhiwani,0.0217434577273288,0.0861742843145013,0.021674982754774,churu
RJ,Churu,S2003,21,2,rajasthan,bikaner,0.017047951231696,0.0116858476568482,0.0169942634508773,churu
RJ,Churu,S2003,21,10,rajasthan,sikar,0.0139920254241245,0.0330070463514528,0.0139479614316851,churu
RJ,Dausa,S2007,21,9,rajasthan,jaipur,0.8438110008702153,0.430174570490907,0.8438110421560059,dausa
RJ,Dausa,S2007,21,5,rajasthan,alwar,0.1049813443165251,0.0888048341039078,0.1049813494530282,dausa
RJ,Dausa,S2007,21,10,rajasthan,sikar,0.0207571976755652,0.0184954301509591,0.0207571986911686,dausa
RJ,Dausa,S2007,21,8,rajasthan,sawai madhopur,0.0159536018246738,0.0101566903041086,0.015953602605248,dausa
RJ,Dausa,S2007,8,12,haryana,mahendragarh,0.0144968553130203,0.0444918261559956,0.0144968560223191,dausa
RJ,Ganganagar,S2001,21,1,rajasthan,ganganagar,0.7884940033731165,0.4715965291614241,0.7540920233177666,ganganagar
RJ,Ganganagar,S2001,8,16,haryana,sirsa,0.0970612578651641,0.2698016374888108,0.0928264768231522,ganganagar
RJ,Ganganagar,S2001,20,3,punjab,firozpur,0.0654826675269542,0.1323556256820252,0.0626256598482701,ganganagar
RJ,Ganganagar,S2001,8,15,haryana,hisar,0.0311104516973242,0.0594641852430911,0.0297531032149948,ganganagar
RJ,Ganganagar,S2001,20,12,punjab,faridkot,0.0178516195374409,0.0393951547672256,0.0170727536784039,ganganagar
RJ,Jaipur,S2006,21,9,rajasthan,jaipur,1.0,0.2681258804982674,1.0000000000000002,jaipur
RJ,Jalore,S2022,21,18,rajasthan,jalor,0.6089347848291018,0.9053343302657444,0.6052787931934727,jalore
RJ,Jalore,S2022,21,19,rajasthan,sirohi,0.2784965145433116,0.81488417057989,0.2768244456238,jalore
RJ,Jalore,S2022,21,17,rajasthan,barmer,0.079592278004099,0.04689360593231,0.0791144128699445,jalore
RJ,Jalore,S2022,21,16,rajasthan,pali,0.0329764226234876,0.0423962722564649,0.0327784350420781,jalore
RJ,Jhalawar,S2015,21,27,rajasthan,jhalawar,0.456282095790508,0.8462691096588889,0.4561595690351632,jhalawar
RJ,Jhalawar,S2015,21,26,rajasthan,kota,0.4431904219651178,0.4298792859858271,0.4430714107549383,jhalawar
RJ,Jhalawar,S2015,13,16,madhya pradesh,mandsaur,0.0342992351975086,0.0425867913220451,0.0342900247243422,jhalawar
RJ,Jhalawar,S2015,13,5,madhya pradesh,shivpuri,0.025084573757169,0.0276935927893899,0.0250778377237808,jhalawar
RJ,Jhalawar,S2015,13,1,madhya pradesh,morena,0.0216749485921309,0.0230227660967452,0.0216691281552833,jhalawar
RJ,Jhalawar,S2015,13,6,madhya pradesh,guna,0.0194687246975655,0.0206676304002955,0.0194634967044229,jhalawar
RJ,Jhunjhunu,S2004,21,4,rajasthan,jhunjhunun,0.7378938018934841,0.862845225274933,0.7379011995445443,jhunjhunu
RJ,Jhunjhunu,S2004,21,10,rajasthan,sikar,0.0975241702231167,0.088221361747472,0.0975251479380391,jhunjhunu
RJ,Jhunjhunu,S2004,21,3,rajasthan,churu,0.0946884153763224,0.0401530450611038,0.0946893646617814,jhunjhunu
RJ,Jhunjhunu,S2004,8,12,haryana,mahendragarh,0.0363796975078295,0.1133525485789733,0.0363800622273964,jhunjhunu
RJ,Jhunjhunu,S2004,8,13,haryana,bhiwani,0.0335139149992472,0.0509342196059987,0.0335142509883126,jhunjhunu
RJ,Jodhpur,S2024,21,14,rajasthan,jodhpur,0.8600106515141652,0.6719507191354477,0.8583842635389505,jodhpur
RJ,Jodhpur,S2024,21,2,rajasthan,bikaner,0.0592201505066697,0.0388717250666977,0.0591081577766903,jodhpur
RJ,Jodhpur,S2024,21,15,rajasthan,nagaur,0.0527472612930007,0.0524345348455926,0.0526475096081333,jodhpur
RJ,Jodhpur,S2024,21,13,rajasthan,jaisalmer,0.0280219366861641,0.0137508392368306,0.0279689436903351,jodhpur
RJ,Kota,S2014,21,25,rajasthan,bundi,0.5151716504148082,0.9101416424886904,0.514377552124642,kota
RJ,Kota,S2014,21,26,rajasthan,kota,0.3999449676782415,0.3407591945358464,0.3993284826392489,kota
RJ,Kota,S2014,21,12,rajasthan,tonk,0.0481468542904567,0.0659139444496208,0.0480726395415703,kota
RJ,Kota,S2014,21,8,rajasthan,sawai madhopur,0.0171233864918722,0.0161469834094047,0.0170969920815351,kota
RJ,Kota,S2014,13,1,madhya pradesh,morena,0.0143749204585359,0.0134120779535605,0.0143527626015416,kota
RJ,Kota,S2014,21,20,rajasthan,bhilwara,0.0052382206660852,0.0053368112604346,0.0052301463435345,kota
RJ,Nagaur,S2025,21,15,rajasthan,nagaur,0.931319577093011,0.6968744081277425,0.928996676638922,nagaur
RJ,Nagaur,S2025,21,10,rajasthan,sikar,0.0415725920437951,0.0706883333020507,0.0414689015434433,nagaur
RJ,Nagaur,S2025,21,2,rajasthan,bikaner,0.0271078308631937,0.0133936009118216,0.0270402184193342,nagaur
RJ,Pali,S2021,21,16,rajasthan,pali,0.8674640899410634,0.9232288975858112,0.8651257880860547,pali
RJ,Pali,S2021,21,14,rajasthan,jodhpur,0.078668428671318,0.0445217662171212,0.0784563731697407,pali
RJ,Pali,S2021,21,15,rajasthan,nagaur,0.0229357601801375,0.016514634237353,0.0228739354531002,pali
RJ,Pali,S2021,21,11,rajasthan,ajmer,0.0146091392875773,0.0223204326503429,0.0145697594701389,pali
RJ,Pali,S2021,21,18,rajasthan,jalor,0.0088416307044258,0.0108818899429289,0.008817797554769,pali
RJ,Pali,S2021,21,19,rajasthan,sirohi,0.0074809512154778,0.0181203545953836,0.0074607858595776,pali
RJ,Salumber,S2017,21,21,rajasthan,udaipur,0.7203759684865686,0.4430531473152212,0.7183209746516681,salumber
RJ,Salumber,S2017,21,22,rajasthan,chittaurgarh,0.1636671011889526,0.150156817426036,0.163200213204577,salumber
RJ,Salumber,S2017,21,23,rajasthan,dungarpur,0.0793793682690462,0.2073709712875109,0.0791529252454763,salumber
RJ,Salumber,S2017,7,9,gujarat,sabar kantha,0.0174859266394622,0.0242966408551152,0.0174360450873095,salumber
RJ,Salumber,S2017,21,19,rajasthan,sirohi,0.0099150103812856,0.0194929902908436,0.0098867261434738,salumber
RJ,Salumber,S2017,21,24,rajasthan,banswara,0.0091766250346847,0.0173899030587126,0.0091504471654936,salumber
RJ,Sawai Madhopur,S2011,21,8,rajasthan,sawai madhopur,0.9225980478645792,0.8432747630450942,0.9225980478645792,sawai madhopur
RJ,Sawai Madhopur,S2011,21,9,rajasthan,jaipur,0.0326953401255043,0.0239303207994684,0.0326953401255043,sawai madhopur
RJ,Sawai Madhopur,S2011,21,6,rajasthan,bharatpur,0.0288157384530606,0.054835095382101,0.0288157384530606,sawai madhopur
RJ,Sawai Madhopur,S2011,21,7,rajasthan,dhaulpur,0.0085957455395681,0.0286711152289123,0.0085957455395681,sawai madhopur
RJ,Sawai Madhopur,S2011,21,12,rajasthan,tonk,0.0072951280172874,0.0096804853877331,0.0072951280172874,sawai madhopur
RJ,Sikar,S2005,21,10,rajasthan,sikar,0.8051387715516333,0.7767794699385683,0.8034572381640342,sikar
RJ,Sikar,S2005,21,4,rajasthan,jhunjhunun,0.1011964982767476,0.1262031013323526,0.1009851492564632,sikar
RJ,Sikar,S2005,21,9,rajasthan,jaipur,0.0663799184736701,0.036641019462786,0.0662412839262809,sikar
RJ,Sikar,S2005,8,12,haryana,mahendragarh,0.0207660117285622,0.0690066278604677,0.0207226418856448,sikar
RJ,Sikar,S2005,21,3,rajasthan,churu,0.0065187999693868,0.0029481854415102,0.0065051854470424,sikar
RJ,Tonk,S2013,21,12,rajasthan,tonk,0.5947241660035916,0.8825006788889659,0.5947241660035916,tonk
RJ,Tonk,S2013,21,9,rajasthan,jaipur,0.2587580409883726,0.2117833244751306,0.2587580409883726,tonk
RJ,Tonk,S2013,21,11,rajasthan,ajmer,0.0975304409273563,0.1302781438106237,0.0975304409273563,tonk
RJ,Tonk,S2013,21,8,rajasthan,sawai madhopur,0.0236209414522685,0.0241428769522738,0.0236209414522685,tonk
RJ,Tonk,S2013,21,15,rajasthan,nagaur,0.0164127752608962,0.0103321627650081,0.0164127752608962,tonk
RJ,Tonk,S2013,21,10,rajasthan,sikar,0.0089536353675145,0.0128083585094969,0.0089536353675145,tonk
RJ,Udaipur,S2018,21,21,rajasthan,udaipur,0.8777401168174126,0.5151236342206605,0.8777401168174129,udaipur
RJ,Udaipur,S2018,21,22,rajasthan,chittaurgarh,0.0320911012921172,0.0280942345687769,0.0320911012921173,udaipur
RJ,Udaipur,S2018,21,11,rajasthan,ajmer,0.0310377571295542,0.036727608585796,0.0310377571295542,udaipur
RJ,Udaipur,S2018,21,16,rajasthan,pali,0.0309406347240187,0.025504184710854,0.0309406347240187,udaipur
RJ,Udaipur,S2018,21,20,rajasthan,bhilwara,0.0281903900368971,0.0275778346600637,0.0281903900368971,udaipur
SK,Sikkim,S2101,22,1,sikkim,north district,0.5615557445295277,1.0,0.5186161109182359,sikkim
SK,Sikkim,S2101,22,4,sikkim,west district,0.1458850975717672,1.0,0.1347299225065963,sikkim
SK,Sikkim,S2101,22,2,sikkim,east district,0.1362313840781483,1.0,0.1258143849188293,sikkim
SK,Sikkim,S2101,22,3,sikkim,south district,0.110668169844666,1.0,0.1022058743168312,sikkim
SK,Sikkim,S2101,26,3,west bengal,darjiling,0.0456596039758907,0.0981803188677421,0.0421682201112237,sikkim
TN,Arakkonam,S2206,23,3,tamil nadu,vellore,0.5797172845357108,0.2976875817715134,0.5797172940733084,arakkonam
TN,Arakkonam,S2206,23,5,tamil nadu,tiruvannamalai,0.1972239424626407,0.1038872832076746,0.1972239457073992,arakkonam
TN,Arakkonam,S2206,23,13,tamil nadu,nagapattinam,0.1853396666937575,0.037962904702217,0.1853396697429941,arakkonam
TN,Arakkonam,S2206,2,10,andhra pradesh,chittoor,0.0377191063078908,0.007468528942759,0.0377191069284513,arakkonam
TN,Chengalpattu,S2205,23,13,tamil nadu,nagapattinam,0.964834823035899,0.2281971134514359,0.9486884634994084,chengalpattu
TN,Chengalpattu,S2205,23,5,tamil nadu,tiruvannamalai,0.0238468808988243,0.014504422954543,0.023447807084713,chengalpattu
TN,Chengalpattu,S2205,23,6,tamil nadu,cuddalore,0.0113182960652767,0.0037039518905266,0.01112888615464,chengalpattu
TN,Chidambaram,S2212,23,6,tamil nadu,cuddalore,0.9341296144742096,0.2210669805283745,0.8924392276515448,chidambaram
TN,Chidambaram,S2212,23,12,tamil nadu,tiruchirappalli,0.059916296890066,0.0131122695317848,0.0572422208778902,chidambaram
TN,Chidambaram,S2212,23,13,tamil nadu,thanjavur,0.0059540886357242,0.001018368421991,0.005688356499034,chidambaram
TN,Coimbatore,S2220,23,10,tamil nadu,coimbatore,0.9620447776942316,0.2113962947889563,0.9620447776942312,coimbatore
TN,Coimbatore,S2220,12,6,kerala,palakkad,0.0242881023681138,0.0082052350071954,0.0242881023681138,coimbatore
TN,Coimbatore,S2220,23,8,tamil nadu,erode,0.0136671199376546,0.0026673310610558,0.0136671199376546,coimbatore
TN,Cuddalore,S2211,23,6,tamil nadu,cuddalore,0.9808763344237452,0.3088084502008951,0.9711583149464804,cuddalore
TN,Cuddalore,S2211,23,7,tamil nadu,salem,0.0191236655762547,0.0071199479152475,0.018934198109231,cuddalore
TN,Dharmapuri,S2213,23,4,tamil nadu,dharmapuri,0.6760263686433925,0.3601125697833637,0.6725627395996019,dharmapuri
TN,Dharmapuri,S2213,23,7,tamil nadu,salem,0.2877682045472388,0.1596176141989464,0.2862938207696511,dharmapuri
TN,Dharmapuri,S2213,23,8,tamil nadu,erode,0.0292175794466429,0.0179548332074742,0.0290678828350096,dharmapuri
TN,Dharmapuri,S2213,23,5,tamil nadu,tiruvannamalai,0.0069878473627258,0.00609165426658,0.0069520450446481,dharmapuri
TN,Dindigul,S2223,23,16,tamil nadu,madurai,0.5421872714973394,0.2691221281949898,0.5416384350965254,dindigul
TN,Dindigul,S2223,23,11,tamil nadu,dindigul,0.4179699370338897,0.2342687832118713,0.4175468413104203,dindigul
TN,Dindigul,S2223,23,17,tamil nadu,virudhunagar,0.0398427914687708,0.0314125297008556,0.0398024600640742,dindigul
TN,Gobichettipalayam,S2219,23,8,tamil nadu,erode,0.9034914454900196,0.5389151509981646,0.9031389951878158,gobichettipalayam
TN,Gobichettipalayam,S2219,23,10,tamil nadu,coimbatore,0.0509587379655611,0.0342229293136917,0.0509388590583666,gobichettipalayam
TN,Gobichettipalayam,S2219,23,9,tamil nadu,the nilgiris,0.0272649065994167,0.0538434599149861,0.027254270610976,gobichettipalayam
TN,Gobichettipalayam,S2219,23,7,tamil nadu,salem,0.0182849099450024,0.0098444178870996,0.0182777770362537,gobichettipalayam
TN,Karur,S2226,23,12,tamil nadu,tiruchirappalli,0.9164949930155828,0.3524892109794652,0.9032812382208396,karur
TN,Karur,S2226,23,11,tamil nadu,dindigul,0.066818606807728,0.0508861963839991,0.0658552358206389,karur
TN,Karur,S2226,23,8,tamil nadu,erode,0.016686400176689,0.0090926842880273,0.0164458205750305,karur
TN,Krishnagiri,S2214,23,4,tamil nadu,dharmapuri,0.9686689675658552,0.555684391763576,0.965677100457668,krishnagiri
TN,Krishnagiri,S2214,11,16,karnataka,mysore,0.0261760142117999,0.0115338467716692,0.0260951659978424,krishnagiri
TN,Krishnagiri,S2214,23,3,tamil nadu,vellore,0.005155018222345,0.0047178260534291,0.0051390962407621,krishnagiri
TN,Madras Central,S2202,23,2,tamil nadu,chennai,0.7842354865849381,0.8138356455335435,0.7585337395118714,madras central
TN,Madras Central,S2202,23,13,tamil nadu,nagapattinam,0.2157645134150618,0.0019263000637443,0.2086932637126466,madras central
TN,Madras North,S2201,23,13,tamil nadu,nagapattinam,0.9210440551579236,0.0186829650221326,0.8866355938022233,madras north
TN,Madras North,S2201,23,2,tamil nadu,chennai,0.0789559448420763,0.1861643544664565,0.0760063002928419,madras north
TN,Madras South,S2203,23,13,tamil nadu,nagapattinam,1.0,0.0172966337427985,0.9671139976623322,madras south
TN,Madurai,S2224,23,16,tamil nadu,madurai,0.8724148179738779,0.1488991425424962,0.8724148179738781,madurai
TN,Madurai,S2224,23,15,tamil nadu,sivaganga,0.1275851820261219,0.0377013418586476,0.127585182026122,madurai
TN,Mayiladuturai,S2229,23,13,tamil nadu,thanjavur,0.9799936434652574,0.1099509235267107,0.8418124032635437,mayiladuturai
TN,Mayiladuturai,S2229,23,6,tamil nadu,cuddalore,0.0116114894648216,0.0018025638847173,0.0099742441362042,mayiladuturai
TN,Mayiladuturai,S2229,23,12,tamil nadu,tiruchirappalli,0.008394867069921,0.0012051267365107,0.0072111725115069,mayiladuturai
TN,Nagapattinam,S2230,23,13,tamil nadu,thanjavur,1.0,0.1769412386261354,0.8496539444458752,nagapattinam
TN,Nagercoil,S2239,23,21,tamil nadu,kanniyakumari,1.0,0.5809040442252206,0.9996207084433636,nagercoil
TN,Nilgiris,S2218,23,10,tamil nadu,coimbatore,0.4601392507154919,0.2890326152677984,0.4601392434592681,nilgiris
TN,Nilgiris,S2218,23,9,tamil nadu,the nilgiris,0.3663998916856105,0.6767734873206804,0.3663998859076214,nilgiris
TN,Nilgiris,S2218,12,6,kerala,palakkad,0.0850769557290545,0.0821608394666705,0.0850769543874227,nilgiris
TN,Nilgiris,S2218,12,5,kerala,malappuram,0.0758944989018663,0.0927214929338433,0.0758944977050385,nilgiris
TN,Nilgiris,S2218,23,8,tamil nadu,erode,0.0124894029679766,0.0069678225507091,0.0124894027710234,nilgiris
TN,Palani,S2222,23,11,tamil nadu,dindigul,0.6350902400910329,0.5606980547979173,0.6350902400910333,palani
TN,Palani,S2222,23,8,tamil nadu,erode,0.3164164002396808,0.199884666530585,0.316416400239681,palani
TN,Palani,S2222,23,16,tamil nadu,madurai,0.029472160190582,0.0230428553970267,0.029472160190582,palani
TN,Palani,S2222,23,12,tamil nadu,tiruchirappalli,0.0124489069766997,0.0055505752006521,0.0124489069766997,palani
TN,Palani,S2222,23,10,tamil nadu,coimbatore,0.0065722925020044,0.0046745471649118,0.0065722925020044,palani
TN,Perambalur,S2228,23,12,tamil nadu,tiruchirappalli,1.0,0.3777442389752158,0.991591703868974,perambalur
TN,Periyakulam,S2225,23,16,tamil nadu,madurai,0.7434346771830386,0.5312519138792591,0.7433948136751272,periyakulam
TN,Periyakulam,S2225,23,11,tamil nadu,dindigul,0.1416016030594025,0.1142602442952787,0.1415940102784937,periyakulam
TN,Periyakulam,S2225,23,17,tamil nadu,virudhunagar,0.0737343497312186,0.0836913571672733,0.0737303960417768,periyakulam
TN,Periyakulam,S2225,12,9,kerala,idukki,0.0412293700263402,0.035771307130088,0.0412271592775433,periyakulam
TN,Pollachi,S2221,23,10,tamil nadu,coimbatore,0.7231827997456844,0.4492339266022138,0.7202779832896199,pollachi
TN,Pollachi,S2221,23,8,tamil nadu,erode,0.1625948213417663,0.0897075508999094,0.1619417249007689,pollachi
TN,Pollachi,S2221,12,9,kerala,idukki,0.054438129062455,0.0451335745794773,0.0542194668193906,pollachi
TN,Pollachi,S2221,23,11,tamil nadu,dindigul,0.0517288628589216,0.0398867213109334,0.0515210829557782,pollachi
TN,Pollachi,S2221,12,6,kerala,palakkad,0.0080553869911726,0.0076931858340425,0.0080230308279727,pollachi
TN,Pudukkottai,S2232,23,14,tamil nadu,pudukkottai,0.7377028422301439,0.784900606552593,0.7046312855230791,pudukkottai
TN,Pudukkottai,S2232,23,13,tamil nadu,thanjavur,0.2091731283476983,0.0639316328090468,0.1997958010829256,pudukkottai
TN,Pudukkottai,S2232,23,12,tamil nadu,tiruchirappalli,0.0349414190816764,0.0136644991850072,0.0333749792410875,pudukkottai
TN,Pudukkottai,S2232,23,15,tamil nadu,sivaganga,0.0181826103404811,0.021588097697942,0.0173674755808809,pudukkottai
TN,Ramanathapuram,S2234,23,18,tamil nadu,ramanathapuram,0.6443350840056542,0.7037398151505174,0.5967840640816788,ramanathapuram
TN,Ramanathapuram,S2234,23,17,tamil nadu,virudhunagar,0.2380399541612264,0.2713850593986456,0.2204729414624062,ramanathapuram
TN,Ramanathapuram,S2234,23,15,tamil nadu,sivaganga,0.1010292319781111,0.1255502182542218,0.0935734172290062,ramanathapuram
TN,Ramanathapuram,S2234,23,19,tamil nadu,thoothukkudi,0.0109679256638042,0.0118763353958881,0.0101585082275815,ramanathapuram
TN,Ramanathapuram,S2234,23,16,tamil nadu,madurai,0.0056278041912039,0.0040394477245384,0.0052124801837628,ramanathapuram
TN,Rasipuram,S2215,23,7,tamil nadu,salem,0.8447002211583853,0.3718337348356273,0.8447002211583845,rasipuram
TN,Rasipuram,S2215,23,6,tamil nadu,cuddalore,0.1121818400371175,0.0417578358961859,0.1121818400371174,rasipuram
TN,Rasipuram,S2215,23,12,tamil nadu,tiruchirappalli,0.0431179388044971,0.0148419027262526,0.0431179388044971,rasipuram
TN,Salem,S2216,23,7,tamil nadu,salem,0.9929412943995808,0.2260497359753107,0.9915343246514616,salem
TN,Salem,S2216,23,6,tamil nadu,cuddalore,0.0070587056004192,0.0013588600907983,0.0070487036141017,salem
TN,Sivaganga,S2233,23,15,tamil nadu,sivaganga,0.59164415489146,0.8151603421891885,0.5796296101710209,sivaganga
TN,Sivaganga,S2233,23,18,tamil nadu,ramanathapuram,0.2446588342270168,0.2962601848494826,0.2396905361702055,sivaganga
TN,Sivaganga,S2233,23,14,tamil nadu,pudukkottai,0.1572193032028779,0.1941169221684711,0.1540266436732764,sivaganga
TN,Sivaganga,S2233,23,16,tamil nadu,madurai,0.006477707678645,0.0051548544035997,0.0063461645746566,sivaganga
TN,Sivakasi,S2235,23,17,tamil nadu,virudhunagar,0.6818403393781275,0.6135110537332252,0.6818403393781275,sivakasi
TN,Sivakasi,S2235,23,19,tamil nadu,thoothukkudi,0.1850454320932635,0.1581393494834388,0.1850454320932635,sivakasi
TN,Sivakasi,S2235,23,20,tamil nadu,tirunelveli,0.133114228528609,0.0715948631035657,0.133114228528609,sivakasi
TN,Sriperumbudur,S2204,23,13,tamil nadu,nagapattinam,0.9381172755126094,0.1926368483840691,0.9005027716557371,sriperumbudur
TN,Sriperumbudur,S2204,2,10,andhra pradesh,chittoor,0.0386647811375623,0.0076750356953431,0.0371144882294296,sriperumbudur
TN,Sriperumbudur,S2204,23,3,tamil nadu,vellore,0.0166197695295412,0.0085558003090199,0.0159533876161203,sriperumbudur
TN,Sriperumbudur,S2204,2,9,andhra pradesh,sri potti sriramulu nellore,0.0065981738202871,0.0016677703580981,0.0063336151759791,sriperumbudur
TN,Tenkasi,S2237,23,20,tamil nadu,tirunelveli,0.9417164382204414,0.4890635053828716,0.9375569599841964,tenkasi
TN,Tenkasi,S2237,23,21,tamil nadu,kanniyakumari,0.0365110420905324,0.0662941117513263,0.0363497760461113,tenkasi
TN,Tenkasi,S2237,12,13,kerala,kollam,0.0114845803244955,0.0153111077270903,0.0114338539487274,tenkasi
TN,Tenkasi,S2237,12,14,kerala,thiruvananthapuram,0.0102879393645306,0.0151552696890404,0.0102424984460696,tenkasi
TN,Thanjavur,S2231,23,13,tamil nadu,thanjavur,0.8159485604002112,0.1365976663470352,0.8159485604002109,thanjavur
TN,Thanjavur,S2231,23,12,tamil nadu,tiruchirappalli,0.1480472670198869,0.031712039169197,0.1480472670198869,thanjavur
TN,Thanjavur,S2231,23,14,tamil nadu,pudukkottai,0.0360041725799017,0.0209824712789359,0.0360041725799016,thanjavur
TN,Tindivanam,S2210,23,6,tamil nadu,cuddalore,0.9594138935377516,0.2522025094860891,0.9323330983582032,tindivanam
TN,Tindivanam,S2210,33,1,puducherry,puducherry,0.0405861064622484,0.4095201920543178,0.0394405070044517,tindivanam
TN,Tiruchendur,S2238,23,20,tamil nadu,tirunelveli,0.6330534839368127,0.3290787942588312,0.5933985637964482,tiruchendur
TN,Tiruchendur,S2238,23,19,tamil nadu,thoothukkudi,0.1956965849430293,0.1616392909670367,0.1834380117820412,tiruchendur
TN,Tiruchendur,S2238,23,21,tamil nadu,kanniyakumari,0.1712499311201578,0.3112400826883776,0.1605227137286955,tiruchendur
TN,Tiruchengode,S2217,23,7,tamil nadu,salem,0.7132359582288273,0.2255345491877683,0.7132359582288279,tiruchengode
TN,Tiruchengode,S2217,23,8,tamil nadu,erode,0.2150323395008544,0.0753325664188416,0.2150323395008546,tiruchengode
TN,Tiruchengode,S2217,23,12,tamil nadu,tiruchirappalli,0.0717317022703181,0.0177368459926583,0.0717317022703182,tiruchengode
TN,Tiruchirappalli,S2227,23,12,tamil nadu,tiruchirappalli,1.0,0.1719432915032558,0.9966453938488664,tiruchirappalli
TN,Tirunelveli,S2236,23,19,tamil nadu,thoothukkudi,0.8300360653817389,0.6683450241536363,0.7807631228874482,tirunelveli
TN,Tirunelveli,S2236,23,20,tamil nadu,tirunelveli,0.1699639346182611,0.0861303747325268,0.1598744655869396,tirunelveli
TN,Tiruppattur,S2208,23,5,tamil nadu,tiruvannamalai,0.5568918927452495,0.4056081921963729,0.5556407820586053,tiruppattur
TN,Tiruppattur,S2208,23,3,tamil nadu,vellore,0.3919554591732381,0.2783006727035785,0.391074893896479,tiruppattur
TN,Tiruppattur,S2208,23,6,tamil nadu,cuddalore,0.0395367179337767,0.0154935825755152,0.0394478949306657,tiruppattur
TN,Tiruppattur,S2208,23,4,tamil nadu,dharmapuri,0.0116159301477355,0.005169786666261,0.0115898338541237,tiruppattur
TN,Vandavasi,S2209,23,5,tamil nadu,tiruvannamalai,0.578791777005736,0.4089720864033855,0.5787917770057358,vandavasi
TN,Vandavasi,S2209,23,6,tamil nadu,cuddalore,0.3598928129486279,0.1368232502251,0.3598928129486278,vandavasi
TN,Vandavasi,S2209,23,3,tamil nadu,vellore,0.0545549456682212,0.0375791677867342,0.0545549456682212,vandavasi
TN,Vandavasi,S2209,23,13,tamil nadu,nagapattinam,0.0067604643774147,0.0018575313297592,0.0067604643774147,vandavasi
TN,Vellore,S2207,23,3,tamil nadu,vellore,0.8126929222956495,0.3492419524632388,0.8126929222956499,vellore
TN,Vellore,S2207,23,5,tamil nadu,tiruvannamalai,0.1382350904789689,0.0609363609714438,0.138235090478969,vellore
TN,Vellore,S2207,2,10,andhra pradesh,chittoor,0.0490719872253815,0.0081313523554671,0.0490719872253815,vellore
TR,Tripura East,S2302,24,2,tripura,north tripura,0.4632163599936392,1.0,0.3375457833117146,tripura east
TR,Tripura East,S2302,24,3,tripura,south tripura,0.2508549653620911,0.3792058850055311,0.1827980250566772,tripura east
TR,Tripura East,S2302,17,1,mizoram,aizawl,0.1672395658007383,0.072023117481556,0.1218674794640163,tripura east
TR,Tripura East,S2302,24,1,tripura,west tripura,0.0678525587253754,0.3287320560563418,0.049444162734182,tripura east
TR,Tripura East,S2302,4,21,assam,karimganj,0.0508365501181558,0.2381593367032447,0.0370445964618645,tripura east
TR,Tripura West,S2301,24,3,tripura,south tripura,0.7477282384699414,0.6207941149944688,0.7222978708975494,tripura west
TR,Tripura West,S2301,24,1,tripura,west tripura,0.2522717615300585,0.6712679439436581,0.2436919549990495,tripura west
UK,Almora,S2803,25,6,uttar pradesh,pithoragarh,0.5725431173959766,0.994457376509338,0.5484883648217124,almora
UK,Almora,S2803,25,7,uttar pradesh,almora,0.3930773898892596,0.9452254996510572,0.3765626872074277,almora
UK,Almora,S2803,25,2,uttar pradesh,chamoli,0.0193227984142282,0.0299790724781803,0.0185109728577344,almora
UK,Almora,S2803,25,8,uttar pradesh,nainital,0.0150566943005354,0.0307448198163014,0.0144241042911873,almora
UK,Garhwal,S2802,25,2,uttar pradesh,chamoli,0.6145206834384157,0.9700209275218198,0.5982568815089934,garhwal
UK,Garhwal,S2802,25,5,uttar pradesh,garhwal,0.3442693330889957,0.9200757533090668,0.3351579583303707,garhwal
UK,Garhwal,S2802,25,3,uttar pradesh,tehri garhwal,0.0275071969054217,0.0810028649062161,0.0267791960192672,garhwal
UK,Garhwal,S2802,25,1,uttar pradesh,uttar kashi,0.0078520593766006,0.0147106525524765,0.0076442480825615,garhwal
UK,Garhwal,S2802,25,7,uttar pradesh,almora,0.0058507271905661,0.0143140867166395,0.0056958828204173,garhwal
UK,Hardwar,S2805,25,13,uttar pradesh,hardwar,0.851049020435436,0.7793781688091113,0.8497555360212183,hardwar
UK,Hardwar,S2805,25,4,uttar pradesh,dehra dun,0.0905171211821785,0.0625669373420361,0.0903795468678234,hardwar
UK,Hardwar,S2805,25,5,uttar pradesh,garhwal,0.039688045581628,0.0155513244515353,0.0396277248866293,hardwar
UK,Hardwar,S2805,25,12,uttar pradesh,saharanpur,0.0187458128007574,0.0113672020447133,0.0187173215903719,hardwar
UK,Nainital,S2804,25,8,uttar pradesh,nainital,0.950049282649564,0.9016206064585806,0.9422970988442688,nainital
UK,Nainital,S2804,25,7,uttar pradesh,almora,0.0362024179050283,0.0404604136323032,0.0359070144949935,nainital
UK,Nainital,S2804,25,5,uttar pradesh,garhwal,0.0068823274526452,0.0084023259465758,0.0068261692423339,nainital
UK,Nainital,S2804,25,6,uttar pradesh,pithoragarh,0.0068659719927623,0.005542623490662,0.0068099472392448,nainital
UK,Tehri Garhwal,S2801,25,1,uttar pradesh,uttar kashi,0.4820443560090226,0.9852893474475236,0.4724019413435594,tehri garhwal
UK,Tehri Garhwal,S2801,25,3,uttar pradesh,tehri garhwal,0.2860432425511583,0.918997135093784,0.2803214712607165,tehri garhwal
UK,Tehri Garhwal,S2801,25,4,uttar pradesh,dehra dun,0.1722890141464733,0.8861714410848679,0.1688426878987015,tehri garhwal
UK,Tehri Garhwal,S2801,9,9,himachal pradesh,shimla,0.027192734702063,0.0746274547062967,0.0266487938372512,tehri garhwal
UK,Tehri Garhwal,S2801,9,12,himachal pradesh,kinnaur,0.0245061435554692,0.058344898355213,0.0240159430270996,tehri garhwal
UK,Tehri Garhwal,S2801,9,11,himachal pradesh,sirmaur,0.0079245090358133,0.0379726681807289,0.0077659937432039,tehri garhwal
UP,Agra,S2469,25,20,uttar pradesh,agra,0.860309814628445,0.2342348260850246,0.8603098146284449,agra
UP,Agra,S2469,25,19,uttar pradesh,mathura,0.1232090683726049,0.0428256125439179,0.1232090683726049,agra
UP,Agra,S2469,21,6,rajasthan,bharatpur,0.01648111699895,0.0041864453493987,0.01648111699895,agra
UP,Akbarpur,S2423,25,48,uttar pradesh,faizabad,0.8789500546484185,0.2402585131511657,0.8789500546484179,akbarpur
UP,Akbarpur,S2423,25,57,uttar pradesh,azamgarh,0.0547279049189787,0.0318849204605713,0.0547279049189787,akbarpur
UP,Akbarpur,S2423,25,53,uttar pradesh,basti,0.0422313611986451,0.0223621886413661,0.0422313611986451,akbarpur
UP,Akbarpur,S2423,25,50,uttar pradesh,sultanpur,0.0240906792339576,0.0126390993458014,0.0240906792339576,akbarpur
UP,Aligarh,S2472,25,18,uttar pradesh,aligarh,0.9058849396692568,0.446445105330478,0.9058849396692572,aligarh
UP,Aligarh,S2472,25,17,uttar pradesh,bulandshahr,0.0889899119108491,0.0532751948518708,0.0889899119108491,aligarh
UP,Aligarh,S2472,8,9,haryana,faridabad,0.0051251484198943,0.006351829698461,0.0051251484198943,aligarh
UP,Allahabad,S2452,25,45,uttar pradesh,allahabad,0.9793734891804948,0.3845921310886681,0.9772360968359032,allahabad
UP,Allahabad,S2452,25,62,uttar pradesh,mirzapur,0.0206265108195053,0.0124403808989504,0.0205814953613494,allahabad
UP,Amethi,S2421,25,33,uttar pradesh,rae bareli,0.4764591497658932,0.3477637714292969,0.4764591497658924,amethi
UP,Amethi,S2421,25,50,uttar pradesh,sultanpur,0.4733734802323845,0.3658590451925823,0.4733734802323838,amethi
UP,Amethi,S2421,25,44,uttar pradesh,pratapgarh,0.0314894911050637,0.0283873386543533,0.0314894911050637,amethi
UP,Amethi,S2421,25,48,uttar pradesh,bara banki,0.0186778788966584,0.0075211618275447,0.0186778788966583,amethi
UP,Amroha,S2402,25,10,uttar pradesh,moradabad,0.659034957076681,0.2112347947450875,0.659034957076681,amroha
UP,Amroha,S2402,25,9,uttar pradesh,bijnor,0.340965042923319,0.1625123336663992,0.340965042923319,amroha
UP,Aonla,S2407,25,25,uttar pradesh,bareilly,0.673798356226182,0.434298110175846,0.6707942910170821,aonla
UP,Aonla,S2407,25,24,uttar pradesh,budaun,0.2664842991526762,0.1385849969441464,0.2652962045180446,aonla
UP,Aonla,S2407,25,11,uttar pradesh,rampur,0.0313759481023902,0.0341507953320241,0.0312360614534752,aonla
UP,Aonla,S2407,25,27,uttar pradesh,shahjahanpur,0.0283413965187516,0.0169859246611554,0.0282150391264063,aonla
UP,Azamgarh,S2441,25,57,uttar pradesh,azamgarh,0.979795470700428,0.501630665206074,0.9768913031183812,azamgarh
UP,Azamgarh,S2441,25,48,uttar pradesh,faizabad,0.0202045292995718,0.0048532812521044,0.0201446419651668,azamgarh
UP,Baghpat,S2477,25,15,uttar pradesh,meerut,0.5796295396187946,0.3372589506224919,0.5796295396187952,baghpat
UP,Baghpat,S2477,25,16,uttar pradesh,ghaziabad,0.2694239662468196,0.2111215691831394,0.2694239662468198,baghpat
UP,Baghpat,S2477,25,14,uttar pradesh,muzaffarnagar,0.1509464941343857,0.0688719125433005,0.1509464941343858,baghpat
UP,Bahraich,S2427,25,46,uttar pradesh,bahraich,0.9703783767427776,0.6695159970047312,0.9676226858068664,bahraich
UP,Bahraich,S2427,25,28,uttar pradesh,kheri,0.0152210414878452,0.0084344878379762,0.0151778166107576,bahraich
UP,Bahraich,S2427,25,47,uttar pradesh,gonda,0.0144005817693772,0.0091145632125547,0.0143596868426096,bahraich
UP,Ballia,S2439,25,59,uttar pradesh,ballia,0.8509248021982758,0.4855663089062691,0.8509247994300216,ballia
UP,Ballia,S2439,5,3,bihar,bhojpur,0.1046924161234518,0.033734115365199,0.1046924157828633,ballia
UP,Ballia,S2439,5,9,bihar,saran,0.0283698582389951,0.0132052448550402,0.0283698581467014,ballia
UP,Ballia,S2439,25,60,uttar pradesh,ghazipur,0.0160129234392771,0.0069871132607225,0.0160129233871833,ballia
UP,Balrampur,S2428,25,47,uttar pradesh,gonda,0.9397838093303046,0.4408184273715581,0.9348625202359696,balrampur
UP,Balrampur,S2428,25,51,uttar pradesh,siddharthnagar,0.0452453665152829,0.0498487351923753,0.0450084338009818,balrampur
UP,Balrampur,S2428,25,46,uttar pradesh,bahraich,0.0149708241544124,0.0076549351430399,0.0148924276626737,balrampur
UP,Banda,S2455,25,42,uttar pradesh,banda,0.9543223087390388,0.7666639683418263,0.9477491826381378,banda
UP,Banda,S2455,25,45,uttar pradesh,allahabad,0.0174402425327798,0.0153345919075578,0.0173201186371646,banda
UP,Banda,S2455,25,43,uttar pradesh,fatehpur,0.0163034572391831,0.0260549957549234,0.0161911632276815,banda
UP,Banda,S2455,13,8,madhya pradesh,chhatarpur,0.0064732057807467,0.0050260238558403,0.0064286200076968,banda
UP,Banda,S2455,13,12,madhya pradesh,satna,0.0054607857082513,0.0048589804749618,0.0054231732237253,banda
UP,Bansgaon,S2433,25,54,uttar pradesh,gorakhpur,0.8564193022435491,0.4239313120837777,0.8563504508566242,bansgaon
UP,Bansgaon,S2433,25,56,uttar pradesh,mau,0.0846391370249215,0.069871394300237,0.0846323325052697,bansgaon
UP,Bansgaon,S2433,25,55,uttar pradesh,deoria,0.0282624338423511,0.0089159389176034,0.0282601616985977,bansgaon
UP,Bansgaon,S2433,25,57,uttar pradesh,azamgarh,0.0194462736217868,0.0082569668612714,0.0194447102486752,bansgaon
UP,Bansgaon,S2433,25,48,uttar pradesh,faizabad,0.0112328532673913,0.002237753822809,0.0112319502079617,bansgaon
UP,Bara Banki,S2425,25,48,uttar pradesh,bara banki,0.9605403813571411,0.3066412118212522,0.9584761673642828,bara banki
UP,Bara Banki,S2425,25,32,uttar pradesh,lucknow,0.0190651543388502,0.0199552104989823,0.0190241830698373,bara banki
UP,Bara Banki,S2425,25,29,uttar pradesh,sitapur,0.0140848690056457,0.0064241468133631,0.014054600435731,bara banki
UP,Bara Banki,S2425,25,50,uttar pradesh,sultanpur,0.0063095952983627,0.0038660627087453,0.0062960358945553,bara banki
UP,Bareilly,S2408,25,25,uttar pradesh,bareilly,0.9046190101879245,0.5334997378867942,0.903789422643072,bareilly
UP,Bareilly,S2408,25,8,uttar pradesh,nainital,0.0563769114619993,0.0202076681442939,0.0563252105989405,bareilly
UP,Bareilly,S2408,25,26,uttar pradesh,pilibhit,0.0237406661875756,0.0173433385456226,0.0237188946342986,bareilly
UP,Bareilly,S2408,25,11,uttar pradesh,rampur,0.0152634121625004,0.0152007880698925,0.0152494147376405,bareilly
UP,Basti,S2430,25,53,uttar pradesh,basti,0.626290918134181,0.3177816814866219,0.6262909181341808,basti
UP,Basti,S2430,25,47,uttar pradesh,gonda,0.3367930220001226,0.1077362326231019,0.3367930220001224,basti
UP,Basti,S2430,25,48,uttar pradesh,faizabad,0.0369160598656964,0.0096694872915939,0.0369160598656963,basti
UP,Bijnor,S2401,25,9,uttar pradesh,bijnor,0.8868124917432081,0.7866662234134719,0.8866276361327723,bijnor
UP,Bijnor,S2401,25,5,uttar pradesh,garhwal,0.0785549781887229,0.055970596292822,0.0785386034436883,bijnor
UP,Bijnor,S2401,25,13,uttar pradesh,hardwar,0.0283078758415608,0.0471389054873648,0.0283019750793168,bijnor
UP,Bijnor,S2401,25,8,uttar pradesh,nainital,0.0063246542265079,0.0035029707451016,0.0063233358555685,bijnor
UP,Bilhaur,S2460,25,36,uttar pradesh,kanpur dehat,0.6945580042939794,0.2788912086423849,0.69182401455553,bilhaur
UP,Bilhaur,S2460,25,36,uttar pradesh,kanpur nagar,0.2791173301328761,0.1120761247765353,0.2780186401578288,bilhaur
UP,Bilhaur,S2460,25,31,uttar pradesh,unnao,0.0139198432438572,0.0081226972049045,0.0138650505435294,bilhaur
UP,Bilhaur,S2460,25,34,uttar pradesh,farrukhabad,0.0124048223292871,0.0071927193421347,0.0123559932081109,bilhaur
UP,Budaun,S2406,25,24,uttar pradesh,budaun,0.8760379248542559,0.5365058606581986,0.8759904458358658,budaun
UP,Budaun,S2406,25,21,uttar pradesh,firozabad,0.10877742345668,0.0559667611942484,0.1087715279981134,budaun
UP,Budaun,S2406,25,18,uttar pradesh,aligarh,0.0101415069499984,0.0063289259874069,0.01014095730622,budaun
UP,Budaun,S2406,25,27,uttar pradesh,shahjahanpur,0.0050431447390656,0.0035593963615288,0.0050428714134995,budaun
UP,Bulandshahr,S2474,25,17,uttar pradesh,bulandshahr,0.8276702383102766,0.3818898150170515,0.8276702383102768,bulandshahr
UP,Bulandshahr,S2474,25,10,uttar pradesh,moradabad,0.076095304893926,0.0230129730613701,0.076095304893926,bulandshahr
UP,Bulandshahr,S2474,25,16,uttar pradesh,ghaziabad,0.0600258578589874,0.0433117570127194,0.0600258578589874,bulandshahr
UP,Bulandshahr,S2474,25,24,uttar pradesh,budaun,0.0362085989368098,0.0134966893570621,0.0362085989368098,bulandshahr
UP,Chail,S2453,25,45,uttar pradesh,allahabad,0.7166695104499046,0.2581721763063745,0.7166695104499053,chail
UP,Chail,S2453,25,43,uttar pradesh,fatehpur,0.2017893384293889,0.1321235758417198,0.2017893384293891,chail
UP,Chail,S2453,25,33,uttar pradesh,rae bareli,0.0480951842836861,0.0273719591817372,0.0480951842836862,chail
UP,Chail,S2453,25,42,uttar pradesh,banda,0.0181316627794823,0.0059678570856366,0.0181316627794823,chail
UP,Chail,S2453,25,44,uttar pradesh,pratapgarh,0.0153143040575379,0.0107646999031557,0.015314304057538,chail
UP,Chandauli,S2447,25,61,uttar pradesh,varanasi,0.9129128614482868,0.5306406326518434,0.9090882665642612,chandauli
UP,Chandauli,S2447,5,4,bihar,rohtas,0.0369922247284284,0.0148744322208934,0.036837247972793,chandauli
UP,Chandauli,S2447,25,63,uttar pradesh,sonbhadra,0.0210001711729381,0.0083408871346394,0.0209121921876226,chandauli
UP,Chandauli,S2447,25,60,uttar pradesh,ghazipur,0.014944914275577,0.0121709320945274,0.0148823034338479,chandauli
UP,Chandauli,S2447,25,58,uttar pradesh,jaunpur,0.0141498283747696,0.0098162259355571,0.0140905484987843,chandauli
UP,Deoria,S2437,25,55,uttar pradesh,deoria,0.9654491687688832,0.2810670640075658,0.9624140493343062,deoria
UP,Deoria,S2437,25,54,uttar pradesh,gorakhpur,0.0345508312311167,0.0157830367170881,0.034442212463042,deoria
UP,Domariaganj,S2431,25,51,uttar pradesh,siddharthnagar,0.8135470278368953,0.9501512648076248,0.8130576962933291,domariaganj
UP,Domariaganj,S2431,25,53,uttar pradesh,basti,0.1694558370375951,0.1336510623001615,0.1693539128912745,domariaganj
UP,Domariaganj,S2431,25,52,uttar pradesh,mahrajganj,0.0106086981805334,0.0141182290799499,0.0106023172701763,domariaganj
UP,Domariaganj,S2431,25,47,uttar pradesh,gonda,0.0063884369449762,0.003176555516861,0.0063845944335978,domariaganj
UP,Etah,S2467,25,21,uttar pradesh,firozabad,0.8522059074938185,0.380943412501525,0.8522059074938177,etah
UP,Etah,S2467,25,24,uttar pradesh,budaun,0.0884726530724175,0.0470744369124375,0.0884726530724174,etah
UP,Etah,S2467,25,34,uttar pradesh,farrukhabad,0.0364697983626533,0.0226390846865815,0.0364697983626533,etah
UP,Etah,S2467,25,21,uttar pradesh,firozabad,0.0132142935419626,0.0059069035210937,0.0132142935419626,etah
UP,Etah,S2467,25,23,uttar pradesh,mainpuri,0.009637347529148,0.0100078207610761,0.009637347529148,etah
UP,Etawah,S2462,25,35,uttar pradesh,etawah,0.9724650575404729,0.5483297015790255,0.971577211136505,etawah
UP,Etawah,S2462,25,23,uttar pradesh,mainpuri,0.0202126150658787,0.0197578951457966,0.0201941612433358,etawah
UP,Etawah,S2462,25,21,uttar pradesh,firozabad,0.0073223273936483,0.0030810677146336,0.0073156422156106,etawah
UP,Faizabad,S2424,25,48,uttar pradesh,faizabad,0.7947615429267961,0.2441148670185875,0.7947615584956386,faizabad
UP,Faizabad,S2424,25,48,uttar pradesh,bara banki,0.1249297263628142,0.0383727720712525,0.1249297288101032,faizabad
UP,Faizabad,S2424,25,50,uttar pradesh,sultanpur,0.036996005244826,0.0218104543332673,0.0369960059695528,faizabad
UP,Faizabad,S2424,25,53,uttar pradesh,basti,0.0219680227954132,0.0130711258213629,0.0219680232257519,faizabad
UP,Faizabad,S2424,25,47,uttar pradesh,gonda,0.0213447026701503,0.0080067835727631,0.0213447030882787,faizabad
UP,Farrukhabad,S2464,25,34,uttar pradesh,farrukhabad,0.7455864227547638,0.4570799280248437,0.7455864251077389,farrukhabad
UP,Farrukhabad,S2464,25,23,uttar pradesh,mainpuri,0.141980179726867,0.1456057003319831,0.1419801801749382,farrukhabad
UP,Farrukhabad,S2464,25,27,uttar pradesh,shahjahanpur,0.0627839164710917,0.0380203841820886,0.0627839166692297,farrukhabad
UP,Farrukhabad,S2464,25,21,uttar pradesh,firozabad,0.0289734697917512,0.0127904284747045,0.0289734698831878,farrukhabad
UP,Farrukhabad,S2464,25,30,uttar pradesh,hardoi,0.0122364107179179,0.0056585064960789,0.0122364107565345,farrukhabad
UP,Farrukhabad,S2464,25,24,uttar pradesh,budaun,0.0084396005376081,0.0044347243622359,0.0084396005642424,farrukhabad
UP,Fatehpur,S2454,25,43,uttar pradesh,fatehpur,0.7105727108740503,0.6325346002151514,0.7052455519282967,fatehpur
UP,Fatehpur,S2454,25,42,uttar pradesh,banda,0.2347140061130133,0.1050300196526325,0.232954356750993,fatehpur
UP,Fatehpur,S2454,25,33,uttar pradesh,rae bareli,0.0297725282146853,0.023036349856628,0.029549323766232,fatehpur
UP,Fatehpur,S2454,25,45,uttar pradesh,allahabad,0.0185512984174653,0.0090857017901854,0.0184122194550908,fatehpur
UP,Fatehpur,S2454,25,41,uttar pradesh,hamirpur,0.0063894563807857,0.0033559225377902,0.0063415546682705,fatehpur
UP,Firozabad,S2468,25,20,uttar pradesh,agra,0.6036245393876276,0.3842427451764864,0.6009805598583112,firozabad
UP,Firozabad,S2468,25,21,uttar pradesh,firozabad,0.3197174176890781,0.1625748627037008,0.3183170002898893,firozabad
UP,Firozabad,S2468,21,6,rajasthan,bharatpur,0.0420093874116029,0.0249486662182909,0.0418253790535795,firozabad
UP,Firozabad,S2468,25,35,uttar pradesh,etawah,0.0346486555116911,0.0236096284277044,0.0344968884281591,firozabad
UP,Ghatampur,S2459,25,36,uttar pradesh,kanpur dehat,0.729061183123187,0.4388284864698691,0.7253625981826982,ghatampur
UP,Ghatampur,S2459,25,43,uttar pradesh,fatehpur,0.2107178018969133,0.1967427583418194,0.2096488138519728,ghatampur
UP,Ghatampur,S2459,25,36,uttar pradesh,kanpur nagar,0.0538020498650534,0.032383937943475,0.0535291078184807,ghatampur
UP,Ghatampur,S2459,25,35,uttar pradesh,etawah,0.0064189651148462,0.0053836671949329,0.006386401198049,ghatampur
UP,Ghazipur,S2446,25,60,uttar pradesh,ghazipur,0.9725881188913524,0.4556013399282115,0.9682028668782516,ghazipur
UP,Ghazipur,S2446,5,4,bihar,rohtas,0.0156975069157799,0.0036306656053126,0.0156267292428205,ghazipur
UP,Ghazipur,S2446,25,56,uttar pradesh,mau,0.0062135840396629,0.0048531722387877,0.0061855679335752,ghazipur
UP,Ghazipur,S2446,5,3,bihar,bhojpur,0.0055007901532048,0.0019028653477959,0.00547598792642,ghazipur
UP,Ghosi,S2440,25,56,uttar pradesh,mau,0.7459191311838193,0.6336080876428078,0.7439397468972909,ghosi
UP,Ghosi,S2440,25,59,uttar pradesh,ballia,0.1179387630982731,0.0785756978373992,0.1176257986967852,ghosi
UP,Ghosi,S2440,25,57,uttar pradesh,azamgarh,0.1163682127474063,0.0508416101964291,0.1160594159862909,ghosi
UP,Ghosi,S2440,25,60,uttar pradesh,ghazipur,0.0197738929705013,0.0100738075526337,0.019721420616069,ghosi
UP,Gonda,S2429,25,47,uttar pradesh,gonda,0.9341991126326183,0.416264424023161,0.9291157265381336,gonda
UP,Gonda,S2429,25,53,uttar pradesh,basti,0.0410817659494579,0.0290357463443428,0.0408582220871908,gonda
UP,Gonda,S2429,25,46,uttar pradesh,bahraich,0.0247191214179238,0.012006789587382,0.0245846138633944,gonda
UP,Gorakhpur,S2434,25,54,uttar pradesh,gorakhpur,0.8036861183195224,0.4067967418071147,0.8036285359749138,gorakhpur
UP,Gorakhpur,S2434,25,52,uttar pradesh,mahrajganj,0.1466442416420887,0.097641866865014,0.1466337349043654,gorakhpur
UP,Gorakhpur,S2434,25,55,uttar pradesh,deoria,0.0496696400383888,0.0160225076976122,0.0496660813178086,gorakhpur
UP,Hamirpur,S2456,25,41,uttar pradesh,hamirpur,0.9254822847356112,0.9374992234033562,0.9239857128628524,hamirpur
UP,Hamirpur,S2456,25,36,uttar pradesh,kanpur dehat,0.0195487055873301,0.0216362436722449,0.0195170939147855,hamirpur
UP,Hamirpur,S2456,25,38,uttar pradesh,jalaun,0.0175642836573869,0.0274768827819734,0.017535880938804,hamirpur
UP,Hamirpur,S2456,25,42,uttar pradesh,banda,0.0121347451866527,0.0104727295969637,0.0121151224249543,hamirpur
UP,Hamirpur,S2456,13,7,madhya pradesh,tikamgarh,0.0115162190876239,0.0147493994574756,0.0114975965274179,hamirpur
UP,Hamirpur,S2456,25,43,uttar pradesh,fatehpur,0.0073064751728311,0.0125440698463858,0.0072946600733818,hamirpur
UP,Hamirpur,S2456,25,39,uttar pradesh,jhansi,0.0064472865725639,0.0087246413042071,0.006436860843299,hamirpur
UP,Hapur,S2475,25,16,uttar pradesh,ghaziabad,0.683578509139383,0.3522666638268452,0.6807203879168123,hapur
UP,Hapur,S2475,25,15,uttar pradesh,meerut,0.1752087374718207,0.0670433180826387,0.1744761693699088,hapur
UP,Hapur,S2475,25,10,uttar pradesh,moradabad,0.1412127533887962,0.0305003278753507,0.1406223264488588,hapur
UP,Hardoi,S2415,25,30,uttar pradesh,hardoi,0.9762746984237132,0.5281947111831241,0.9718219853392588,hardoi
UP,Hardoi,S2415,25,34,uttar pradesh,farrukhabad,0.0123744128565778,0.0088755035542006,0.0123179741205049,hardoi
UP,Hardoi,S2415,25,29,uttar pradesh,sitapur,0.011350888719709,0.0059918005341231,0.0112991181977401,hardoi
UP,Hathras,S2471,25,18,uttar pradesh,aligarh,0.8651636875355624,0.4459099368339206,0.8651636875355624,hathras
UP,Hathras,S2471,25,24,uttar pradesh,budaun,0.0497143499878404,0.0251451755057892,0.0497143499878404,hathras
UP,Hathras,S2471,25,17,uttar pradesh,bulandshahr,0.0448658755376745,0.0280901629335789,0.0448658755376745,hathras
UP,Hathras,S2471,25,21,uttar pradesh,firozabad,0.0402560869389226,0.0171058361455383,0.0402560869389226,hathras
UP,Jalaun,S2458,25,38,uttar pradesh,jalaun,0.6866685923438662,0.9572888996442008,0.686668846508626,jalaun
UP,Jalaun,S2458,25,39,uttar pradesh,jhansi,0.225952939249761,0.2724880256737848,0.2259530228843922,jalaun
UP,Jalaun,S2458,25,36,uttar pradesh,kanpur dehat,0.0252994338600733,0.0249536156418673,0.0252994432244517,jalaun
UP,Jalaun,S2458,25,41,uttar pradesh,hamirpur,0.0252768029829374,0.0228183254811803,0.0252768123389391,jalaun
UP,Jalaun,S2458,25,35,uttar pradesh,etawah,0.0179783794228008,0.0247090230170375,0.0179783860773508,jalaun
UP,Jalaun,S2458,13,2,madhya pradesh,bhind,0.0122243770108961,0.0179451212809067,0.0122243815356492,jalaun
UP,Jalaun,S2458,13,3,madhya pradesh,gwalior,0.0065994751296648,0.0078414879037182,0.0065994775724066,jalaun
UP,Jalesar,S2466,25,21,uttar pradesh,firozabad,0.3208390261059408,0.129082481183077,0.3208390261059407,jalesar
UP,Jalesar,S2466,25,20,uttar pradesh,agra,0.3010008497978765,0.1516001137207188,0.3010008497978765,jalesar
UP,Jalesar,S2466,25,21,uttar pradesh,firozabad,0.2002518882756585,0.0805669151722304,0.2002518882756585,jalesar
UP,Jalesar,S2466,25,19,uttar pradesh,mathura,0.1022010688525519,0.0657130407557453,0.1022010688525518,jalesar
UP,Jalesar,S2466,25,18,uttar pradesh,aligarh,0.075707166967972,0.0369447921167644,0.075707166967972,jalesar
UP,Jaunpur,S2444,25,58,uttar pradesh,jaunpur,0.8940149259407283,0.4477725209373698,0.8940149259407301,jaunpur
UP,Jaunpur,S2444,25,61,uttar pradesh,varanasi,0.0736580717966838,0.0309108407222697,0.073658071796684,jaunpur
UP,Jaunpur,S2444,25,57,uttar pradesh,azamgarh,0.0261887090109914,0.0132052691613082,0.0261887090109914,jaunpur
UP,Jaunpur,S2444,25,50,uttar pradesh,sultanpur,0.0061382932515964,0.0027872207575423,0.0061382932515964,jaunpur
UP,Jhansi,S2457,25,40,uttar pradesh,lalitpur,0.5329892301853191,0.8844454211584556,0.5302853676333165,jhansi
UP,Jhansi,S2457,25,39,uttar pradesh,jhansi,0.3533414240959767,0.5734229679357127,0.3515489176238437,jhansi
UP,Jhansi,S2457,13,7,madhya pradesh,tikamgarh,0.0621207149943416,0.0954137110466101,0.0618055756529361,jhansi
UP,Jhansi,S2457,13,5,madhya pradesh,shivpuri,0.0252668226023086,0.0201184601369548,0.0251386436231223,jhansi
UP,Jhansi,S2457,13,4,madhya pradesh,datia,0.0160285768699271,0.0676454561809221,0.0159472636532503,jhansi
UP,Jhansi,S2457,13,3,madhya pradesh,gwalior,0.0102532312521266,0.0163946041467873,0.0102012164524842,jhansi
UP,Kairana,S2479,25,14,uttar pradesh,muzaffarnagar,0.935575668141358,0.4966852660881133,0.9343384272269456,kairana
UP,Kairana,S2479,25,12,uttar pradesh,saharanpur,0.0482777153691817,0.0341006295199531,0.0482138710787164,kairana
UP,Kairana,S2479,25,13,uttar pradesh,hardwar,0.0161466164894602,0.0172242996964717,0.0161252635885347,kairana
UP,Kaiserganj,S2426,25,46,uttar pradesh,bahraich,0.5519312833204995,0.2972027429722185,0.5519312086262015,kaiserganj
UP,Kaiserganj,S2426,25,48,uttar pradesh,bara banki,0.3192298369706611,0.1291209344101872,0.3192297937684559,kaiserganj
UP,Kaiserganj,S2426,25,29,uttar pradesh,sitapur,0.0910104721287581,0.0525935276483156,0.0910104598120739,kaiserganj
UP,Kaiserganj,S2426,25,47,uttar pradesh,gonda,0.0301291654388366,0.0148830136800001,0.0301291613613782,kaiserganj
UP,Kaiserganj,S2426,25,28,uttar pradesh,kheri,0.0076992421412446,0.003329739668906,0.0076992410992862,kaiserganj
UP,Kannauj,S2463,25,34,uttar pradesh,farrukhabad,0.5823471722896186,0.4837414424155546,0.5815168447535735,kannauj
UP,Kannauj,S2463,25,35,uttar pradesh,etawah,0.3954044338499324,0.316941384292903,0.394840654707657,kannauj
UP,Kannauj,S2463,25,36,uttar pradesh,kanpur dehat,0.0140639070173243,0.0080902333487929,0.0140438542896448,kannauj
UP,Kannauj,S2463,25,30,uttar pradesh,hardoi,0.0081844868431245,0.0051283350674079,0.0081728171637346,kannauj
UP,Kanpur,S2461,25,36,uttar pradesh,kanpur nagar,0.8259297033129791,0.0703855800729537,0.8259297033129791,kanpur
UP,Kanpur,S2461,25,31,uttar pradesh,unnao,0.0897086811153284,0.0111100163093256,0.0897086811153284,kanpur
UP,Kanpur,S2461,25,36,uttar pradesh,kanpur dehat,0.0843616155716923,0.0071892816350921,0.0843616155716923,kanpur
UP,Khalilabad,S2432,25,53,uttar pradesh,basti,0.9169724234705638,0.4767529429934732,0.9169724234705654,khalilabad
UP,Khalilabad,S2432,25,54,uttar pradesh,gorakhpur,0.0566994780712512,0.0378127580404197,0.0566994780712513,khalilabad
UP,Khalilabad,S2432,25,48,uttar pradesh,faizabad,0.0263280984581848,0.0070662982118613,0.0263280984581848,khalilabad
UP,Kheri,S2411,25,28,uttar pradesh,kheri,0.9779838319419708,0.7071571325463631,0.9383999325116252,kheri
UP,Kheri,S2411,25,46,uttar pradesh,bahraich,0.0151276872459726,0.0136195352926283,0.0145153940454099,kheri
UP,Kheri,S2411,25,29,uttar pradesh,sitapur,0.0068884808120565,0.006655586567913,0.0066096695241941,kheri
UP,Khurja,S2473,25,17,uttar pradesh,bulandshahr,0.6999376780833196,0.4994383852140551,0.6966538402674252,khurja
UP,Khurja,S2473,25,16,uttar pradesh,ghaziabad,0.220686772369745,0.2462552724699632,0.219651395090785,khurja
UP,Khurja,S2473,25,24,uttar pradesh,budaun,0.0579412154805832,0.0333998826975308,0.0576693776292261,khurja
UP,Khurja,S2473,31,1,nct of delhi,north west,0.0160930806583459,0.0306450593152165,0.0160175781264851,khurja
UP,Khurja,S2473,8,9,haryana,faridabad,0.005341253408006,0.0078899428434895,0.0053161943056391,khurja
UP,Lalganj,S2442,25,57,uttar pradesh,azamgarh,0.6661617017273663,0.3789391594733972,0.6661617017273662,lalganj
UP,Lalganj,S2442,25,56,uttar pradesh,mau,0.2365164162713138,0.2615743471637705,0.2365164162713138,lalganj
UP,Lalganj,S2442,25,60,uttar pradesh,ghazipur,0.0831670524180306,0.0551642444743969,0.0831670524180305,lalganj
UP,Lalganj,S2442,25,58,uttar pradesh,jaunpur,0.0141548295832892,0.007997863216423,0.0141548295832892,lalganj
UP,Lucknow,S2416,25,32,uttar pradesh,lucknow,0.9577689475979352,0.3489022925389803,0.9576134546941156,lucknow
UP,Lucknow,S2416,25,48,uttar pradesh,bara banki,0.0422310524020648,0.0046921715514461,0.042224196229722,lucknow
UP,Machhlishahr,S2443,25,58,uttar pradesh,jaunpur,0.6747192526028063,0.3873713294378053,0.6747192516385045,machhlishahr
UP,Machhlishahr,S2443,25,44,uttar pradesh,pratapgarh,0.2902022217165476,0.1761835412030114,0.2902022213017936,machhlishahr
UP,Machhlishahr,S2443,25,50,uttar pradesh,sultanpur,0.0141650887976326,0.007372838813431,0.014165088777388,machhlishahr
UP,Machhlishahr,S2443,25,45,uttar pradesh,allahabad,0.0109760550945012,0.0034150473203852,0.0109760550788143,machhlishahr
UP,Machhlishahr,S2443,25,61,uttar pradesh,varanasi,0.0099373817885121,0.004780288961894,0.0099373817743097,machhlishahr
UP,Maharajganj,S2435,25,52,uttar pradesh,mahrajganj,0.8580885880833335,0.8680746738122473,0.8515297818712535,maharajganj
UP,Maharajganj,S2435,25,54,uttar pradesh,gorakhpur,0.1296600600424423,0.0997128470015411,0.1286690024534298,maharajganj
UP,Maharajganj,S2435,25,53,uttar pradesh,basti,0.012251351874224,0.0073452524126713,0.0121577085792368,maharajganj
UP,Mainpuri,S2465,25,23,uttar pradesh,mainpuri,0.6750019447347971,0.8246285837611442,0.6750019447347976,mainpuri
UP,Mainpuri,S2465,25,21,uttar pradesh,firozabad,0.2658725644031192,0.1398172686911036,0.2658725644031193,mainpuri
UP,Mainpuri,S2465,25,34,uttar pradesh,farrukhabad,0.0280316734356177,0.0204713219766848,0.0280316734356177,mainpuri
UP,Mainpuri,S2465,25,21,uttar pradesh,firozabad,0.0231308376525435,0.0121640626981443,0.0231308376525435,mainpuri
UP,Mainpuri,S2465,25,35,uttar pradesh,etawah,0.0079629797739224,0.0056114948388707,0.0079629797739224,mainpuri
UP,Mathura,S2470,25,19,uttar pradesh,mathura,0.8742224946923671,0.8185428616054031,0.871003336615597,mathura
UP,Mathura,S2470,25,18,uttar pradesh,aligarh,0.0905841719521131,0.0643712397314298,0.0902506129662284,mathura
UP,Mathura,S2470,8,9,haryana,faridabad,0.0351933333555197,0.0628922787111282,0.0350637405985182,mathura
UP,Meerut,S2476,25,15,uttar pradesh,meerut,0.8230885043531178,0.4796472765706517,0.8230885043531181,meerut
UP,Meerut,S2476,25,16,uttar pradesh,ghaziabad,0.0821223545264315,0.0644496027948808,0.0821223545264315,meerut
UP,Meerut,S2476,25,9,uttar pradesh,bijnor,0.0352309248310203,0.017232560147496,0.0352309248310203,meerut
UP,Meerut,S2476,25,10,uttar pradesh,moradabad,0.0313809351767611,0.0103221977641998,0.0313809351767611,meerut
UP,Meerut,S2476,25,14,uttar pradesh,muzaffarnagar,0.0281772811126692,0.0128759911682514,0.0281772811126692,meerut
UP,Mirzapur,S2450,25,62,uttar pradesh,mirzapur,0.6608037961969784,0.4394891439782858,0.6587818953305161,mirzapur
UP,Mirzapur,S2450,25,61,uttar pradesh,varanasi,0.3211089326885292,0.214982880701836,0.3201264164969331,mirzapur
UP,Mirzapur,S2450,25,45,uttar pradesh,allahabad,0.0180872711144925,0.0078323630951161,0.0180319284101242,mirzapur
UP,Misrikh,S2414,25,29,uttar pradesh,sitapur,0.7826104012884557,0.4890983348653892,0.7788941669650129,misrikh
UP,Misrikh,S2414,25,30,uttar pradesh,hardoi,0.182449228309383,0.1168657181948954,0.1815828660895445,misrikh
UP,Misrikh,S2414,25,28,uttar pradesh,kheri,0.0247442681087793,0.0115730158740773,0.0246267696723888,misrikh
UP,Misrikh,S2414,25,32,uttar pradesh,lucknow,0.0101961022933819,0.0146230543889499,0.0101476859865636,misrikh
UP,Mohanlalganj,S2417,25,32,uttar pradesh,lucknow,0.5002669408999479,0.6165194425730872,0.500266940899948,mohanlalganj
UP,Mohanlalganj,S2417,25,31,uttar pradesh,unnao,0.4588526894395627,0.3369528888307202,0.4588526894395628,mohanlalganj
UP,Mohanlalganj,S2417,25,33,uttar pradesh,rae bareli,0.0181834673549557,0.0123885896712803,0.0181834673549557,mohanlalganj
UP,Mohanlalganj,S2417,25,30,uttar pradesh,hardoi,0.0165093708331558,0.009086919602479,0.0165093708331558,mohanlalganj
UP,Mohanlalganj,S2417,25,48,uttar pradesh,bara banki,0.0061875314723777,0.0023257407417611,0.0061875314723777,mohanlalganj
UP,Moradabad,S2403,25,10,uttar pradesh,moradabad,0.9695721033752568,0.2834709577315684,0.969572103375255,moradabad
UP,Moradabad,S2403,25,11,uttar pradesh,rampur,0.030427896624743,0.0229488237082016,0.030427896624743,moradabad
UP,Muzaffarnagar,S2478,25,14,uttar pradesh,muzaffarnagar,0.7339167173667785,0.3930553008510357,0.7339167173667792,muzaffarnagar
UP,Muzaffarnagar,S2478,25,15,uttar pradesh,meerut,0.1379182688008327,0.094193847308798,0.1379182688008328,muzaffarnagar
UP,Muzaffarnagar,S2478,25,13,uttar pradesh,hardwar,0.0695721794139303,0.0748686789801707,0.0695721794139304,muzaffarnagar
UP,Muzaffarnagar,S2478,25,9,uttar pradesh,bijnor,0.0585928344184583,0.0335888827726328,0.0585928344184584,muzaffarnagar
UP,Padrauna,S2436,25,55,uttar pradesh,deoria,0.9199133371319308,0.421463304147874,0.91991339533989,padrauna
UP,Padrauna,S2436,25,54,uttar pradesh,gorakhpur,0.0222053907111275,0.0159633043500584,0.0222053921161843,padrauna
UP,Padrauna,S2436,5,11,bihar,gopalganj,0.0218311483812272,0.0278685232358713,0.0218311497626036,padrauna
UP,Padrauna,S2436,25,52,uttar pradesh,mahrajganj,0.021323512683976,0.0201652302427885,0.0213235140332315,padrauna
UP,Padrauna,S2436,5,12,bihar,pashchim champaran,0.0147266110917384,0.0075327043330076,0.0147266120235718,padrauna
UP,Phulpur,S2451,25,45,uttar pradesh,allahabad,0.9261572549663168,0.2842235897055548,0.9217529262801066,phulpur
UP,Phulpur,S2451,25,44,uttar pradesh,pratapgarh,0.0496949455020256,0.029757864380847,0.0494586218400767,phulpur
UP,Phulpur,S2451,25,61,uttar pradesh,varanasi,0.0241477995316575,0.0114573630773565,0.0240329649875066,phulpur
UP,Pilibhit,S2409,25,26,uttar pradesh,pilibhit,0.6736396565692712,0.9544917614804675,0.6557209488809145,pilibhit
UP,Pilibhit,S2409,25,27,uttar pradesh,shahjahanpur,0.2404870954933047,0.2557849399784586,0.2340901770147927,pilibhit
UP,Pilibhit,S2409,25,28,uttar pradesh,kheri,0.0495771142449929,0.0294015988450823,0.0482583708938183,pilibhit
UP,Pilibhit,S2409,25,8,uttar pradesh,nainital,0.0261479396753941,0.0181784618831398,0.0254524086401781,pilibhit
UP,Pilibhit,S2409,25,25,uttar pradesh,bareilly,0.0101481940170371,0.0116081229741534,0.0098782536707664,pilibhit
UP,Pratapgarh,S2420,25,44,uttar pradesh,pratapgarh,0.9601999862786372,0.7433974010544653,0.9568119619502776,pratapgarh
UP,Pratapgarh,S2420,25,58,uttar pradesh,jaunpur,0.019901803474275,0.0145710734031654,0.0198315808172112,pratapgarh
UP,Pratapgarh,S2420,25,45,uttar pradesh,allahabad,0.0129598629310579,0.0051421601327082,0.0129141346124472,pratapgarh
UP,Pratapgarh,S2420,25,50,uttar pradesh,sultanpur,0.0069383473160297,0.0046053878926267,0.0069138656561242,pratapgarh
UP,Rae Bareli,S2419,25,33,uttar pradesh,rae bareli,0.9922300777291618,0.5819499830600967,0.9856983002137292,rae bareli
UP,Rae Bareli,S2419,25,31,uttar pradesh,unnao,0.0077699222708382,0.0049118000744726,0.0077187734448507,rae bareli
UP,Rampur,S2404,25,11,uttar pradesh,rampur,0.7495379161429278,0.914947578334748,0.74485560124794,rampur
UP,Rampur,S2404,25,10,uttar pradesh,moradabad,0.1918620562776762,0.0907886716093628,0.1906635064184311,rampur
UP,Rampur,S2404,25,8,uttar pradesh,nainital,0.0586000275793959,0.0257454729525825,0.0582339569963443,rampur
UP,Robertsganj,S2449,25,63,uttar pradesh,sonbhadra,0.7050984154020832,0.9180985846719556,0.70378025456946,robertsganj
UP,Robertsganj,S2449,25,62,uttar pradesh,mirzapur,0.2595847059844189,0.4913880366196161,0.2590994199807884,robertsganj
UP,Robertsganj,S2449,25,61,uttar pradesh,varanasi,0.0141038387739358,0.0268756316765502,0.0140774720605022,robertsganj
UP,Robertsganj,S2449,5,35,bihar,palamu,0.0118467340196487,0.0083856627375174,0.0118245868974342,robertsganj
UP,Robertsganj,S2449,5,4,bihar,rohtas,0.0093663058199131,0.0123466304544055,0.0093487957855569,robertsganj
UP,Saharanpur,S2480,25,12,uttar pradesh,saharanpur,0.8240066725184156,0.9545321684353336,0.8231623595486824,saharanpur
UP,Saharanpur,S2480,8,2,haryana,yamunanagar,0.0824272004408207,0.167248066323888,0.0823427419567914,saharanpur
UP,Saharanpur,S2480,25,13,uttar pradesh,hardwar,0.0465228774896161,0.0813899470268814,0.0464752081318745,saharanpur
UP,Saharanpur,S2480,9,11,himachal pradesh,sirmaur,0.0258474084490359,0.0317965713184868,0.0258209240734655,saharanpur
UP,Saharanpur,S2480,25,4,uttar pradesh,dehra dun,0.0211958411021115,0.0279882249382343,0.0211741229241601,saharanpur
UP,Saidpur,S2445,25,60,uttar pradesh,ghazipur,0.7352448982556291,0.455798090163012,0.7352448982556287,saidpur
UP,Saidpur,S2445,25,58,uttar pradesh,jaunpur,0.2217445128549917,0.1170998464787783,0.2217445128549915,saidpur
UP,Saidpur,S2445,25,61,uttar pradesh,varanasi,0.0368917983142367,0.0163234168935469,0.0368917983142367,saidpur
UP,Saidpur,S2445,25,57,uttar pradesh,azamgarh,0.0061187905751423,0.0032530409628225,0.0061187905751423,saidpur
UP,Salempur,S2438,25,59,uttar pradesh,ballia,0.4771420803191485,0.4105820001577298,0.477142080319149,salempur
UP,Salempur,S2438,25,55,uttar pradesh,deoria,0.4685966886961544,0.1964617609701145,0.4685966886961549,salempur
UP,Salempur,S2438,25,56,uttar pradesh,mau,0.0274293800052361,0.0300929986543968,0.0274293800052361,salempur
UP,Salempur,S2438,5,10,bihar,siwan,0.0153255735071314,0.0198579295861578,0.0153255735071314,salempur
UP,Salempur,S2438,5,11,bihar,gopalganj,0.0115062774723294,0.0134412042987778,0.0115062774723294,salempur
UP,Sambhal,S2405,25,10,uttar pradesh,moradabad,0.6732917607661121,0.3506700772130605,0.6732917607661116,sambhal
UP,Sambhal,S2405,25,24,uttar pradesh,budaun,0.303342931833563,0.1947286948737954,0.3033429318335628,sambhal
UP,Sambhal,S2405,25,25,uttar pradesh,bareilly,0.013874058716322,0.0110385747589844,0.013874058716322,sambhal
UP,Sambhal,S2405,25,11,uttar pradesh,rampur,0.0094912486840028,0.0127520145551334,0.0094912486840028,sambhal
UP,Shahabad,S2412,25,30,uttar pradesh,hardoi,0.4923136223378552,0.3182904981965253,0.4920622805016977,shahabad
UP,Shahabad,S2412,25,28,uttar pradesh,kheri,0.473756421099285,0.2236473543133649,0.473514553307358,shahabad
UP,Shahabad,S2412,25,27,uttar pradesh,shahjahanpur,0.0339299565628597,0.0287266808250554,0.0339126342357977,shahabad
UP,Shahjahanpur,S2410,25,27,uttar pradesh,shahjahanpur,0.9324024706516568,0.6569226739917129,0.929459077517066,shahjahanpur
UP,Shahjahanpur,S2410,25,26,uttar pradesh,pilibhit,0.0300079295738205,0.0281648999739096,0.0299132010240032,shahjahanpur
UP,Shahjahanpur,S2410,25,30,uttar pradesh,hardoi,0.0141344149907809,0.0076044594821587,0.0140897956966941,shahjahanpur
UP,Shahjahanpur,S2410,25,25,uttar pradesh,bareilly,0.0126110269532886,0.0095554542042217,0.0125712166660759,shahjahanpur
UP,Shahjahanpur,S2410,25,24,uttar pradesh,budaun,0.0108441578304529,0.0066295386888038,0.0108099251672916,shahjahanpur
UP,Sitapur,S2413,25,29,uttar pradesh,sitapur,0.9523232670665636,0.4392366035708956,0.9523232670665638,sitapur
UP,Sitapur,S2413,25,28,uttar pradesh,kheri,0.0476767329334365,0.0164566709142299,0.0476767329334365,sitapur
UP,Sultanpur,S2422,25,50,uttar pradesh,sultanpur,0.9421258451053202,0.5810598909560033,0.9421258451053216,sultanpur
UP,Sultanpur,S2422,25,57,uttar pradesh,azamgarh,0.0175040538646486,0.011988367678126,0.0175040538646486,sultanpur
UP,Sultanpur,S2422,25,44,uttar pradesh,pratapgarh,0.0159986113125655,0.0115091548041671,0.0159986113125655,sultanpur
UP,Sultanpur,S2422,25,58,uttar pradesh,jaunpur,0.0146439581242647,0.0099622948721438,0.0146439581242648,sultanpur
UP,Sultanpur,S2422,25,48,uttar pradesh,faizabad,0.0097275315932008,0.0031258068284339,0.0097275315932008,sultanpur
UP,Unnao,S2418,25,31,uttar pradesh,unnao,0.9574471578843748,0.6389025975805769,0.9574444488831404,unnao
UP,Unnao,S2418,25,30,uttar pradesh,hardoi,0.0183357878096436,0.0091708517773304,0.0183357359303608,unnao
UP,Unnao,S2418,25,33,uttar pradesh,rae bareli,0.0120969207914901,0.0074893468009607,0.0120968865644593,unnao
UP,Unnao,S2418,25,36,uttar pradesh,kanpur dehat,0.0061642568178395,0.002830485588591,0.0061642393766897,unnao
UP,Unnao,S2418,25,36,uttar pradesh,kanpur nagar,0.0059558766966518,0.0027348022081933,0.0059558598450927,unnao
UP,Varanasi,S2448,25,61,uttar pradesh,varanasi,0.8605973180672286,0.164028945314703,0.8605973180672282,varanasi
UP,Varanasi,S2448,25,62,uttar pradesh,mirzapur,0.1156254172276187,0.021892630572579,0.1156254172276187,varanasi
UP,Varanasi,S2448,25,58,uttar pradesh,jaunpur,0.0237772647051526,0.0054088457187569,0.0237772647051526,varanasi
WB,Alipurduars,S2502,26,2,west bengal,jalpaiguri,0.8714136163188189,0.5636094815270498,0.8667976739566339,alipurduars
WB,Alipurduars,S2502,26,1,west bengal,koch bihar,0.0534944401822338,0.0704511991417903,0.0532110761769504,alipurduars
WB,Alipurduars,S2502,4,2,assam,kokrajhar,0.0488312960921633,0.0311086743861272,0.0485726331059405,alipurduars
WB,Alipurduars,S2502,4,2,assam,dhubri,0.0262606474067839,0.0167297203786005,0.0261215428156307,alipurduars
WB,Arambagh,S2528,26,12,west bengal,hugli,0.6687734110215549,0.3783586271295119,0.6669846872360082,arambagh
WB,Arambagh,S2528,26,13,west bengal,purba medinipur,0.2294828981469227,0.0305003032039007,0.2288691154941934,arambagh
WB,Arambagh,S2528,26,11,west bengal,haora,0.1017436908315225,0.1110888814910416,0.1014715637450977,arambagh
WB,Asansol,S2538,26,16,west bengal,barddhaman,0.8704276854805845,0.1349205422212823,0.8697183296038133,asansol
WB,Asansol,S2538,26,14,west bengal,bankura,0.0881597026415598,0.0121189056648905,0.0880878568073723,asansol
WB,Asansol,S2538,26,15,west bengal,puruliya,0.0231075903784678,0.003573939142327,0.0230887588255354,asansol
WB,Asansol,S2538,26,17,west bengal,birbhum,0.0183050214993878,0.0039662407897302,0.0182901038045677,asansol
WB,Balurghat,S2506,26,4,west bengal,uttar dinajpur,0.7186429971504364,0.4366720190876539,0.593864447778767,balurghat
WB,Balurghat,S2506,26,5,west bengal,maldah,0.2813570028495635,0.2012480564097012,0.2325047649368074,balurghat
WB,Bankura,S2535,26,14,west bengal,bankura,0.508512525561086,0.2365892065722317,0.5080050233321565,bankura
WB,Bankura,S2535,26,15,west bengal,puruliya,0.491487474438914,0.2572793511111567,0.4909969634362726,bankura
WB,Barasat,S2513,26,8,west bengal,north twenty four parganas,1.0,0.2833659899936046,0.6720101419556572,barasat
WB,Barrackpore,S2519,26,8,west bengal,north twenty four parganas,1.0,0.1253790970898338,1.0000000000000002,barrackpore
WB,Basirhat,S2514,26,8,west bengal,north twenty four parganas,0.8306278077660437,0.1859343003879468,0.4211804056475559,basirhat
WB,Basirhat,S2514,26,9,west bengal,south twenty four parganas,0.1693721922339563,0.0286429040202824,0.0858823265529369,basirhat
WB,Berhampore,S2510,26,6,west bengal,murshidabad,0.6184412153722387,0.2514854654186691,0.6158625176952843,berhampore
WB,Berhampore,S2510,26,7,west bengal,nadia,0.2361047800936156,0.1322681932418458,0.2351203003519497,berhampore
WB,Berhampore,S2510,26,16,west bengal,barddhaman,0.1454540045341456,0.0456789216180483,0.1448475088894946,berhampore
WB,Birbhum,S2542,26,17,west bengal,birbhum,0.8045664908259014,0.4567030881799679,0.804566490825901,birbhum
WB,Birbhum,S2542,26,6,west bengal,murshidabad,0.1954335091740986,0.1027618445514847,0.1954335091740986,birbhum
WB,Bolpur,S2541,26,16,west bengal,barddhaman,0.5107146421982083,0.214850740811754,0.5107146421982083,bolpur
WB,Bolpur,S2541,26,17,west bengal,birbhum,0.4305903371130864,0.2532131624574619,0.4305903371130864,bolpur
WB,Bolpur,S2541,26,6,west bengal,murshidabad,0.0586950206887054,0.0319730532675505,0.0586950206887054,bolpur
WB,Burdwan,S2539,26,16,west bengal,barddhaman,0.8275691354574674,0.2906749463827994,0.8275691354574669,burdwan
WB,Burdwan,S2539,26,12,west bengal,hugli,0.1672516455211003,0.114868530207867,0.1672516455211002,burdwan
WB,Burdwan,S2539,26,14,west bengal,bankura,0.0051792190214323,0.0016133013582046,0.0051792190214323,burdwan
WB,Calcutta North East,S2522,26,8,west bengal,north twenty four parganas,0.5489663657507027,0.0048467134270777,0.548966365750708,calcutta north east
WB,Calcutta North East,S2522,26,9,west bengal,south twenty four parganas,0.4370262441545391,0.0029149493588613,0.4370262441545433,calcutta north east
WB,Calcutta North East,S2522,26,10,west bengal,kolkata,0.0140073900947581,0.0017030428100653,0.0140073900947582,calcutta north east
WB,Calcutta North West,S2521,26,10,west bengal,kolkata,0.3915358814021636,0.0202004727654879,0.3915358814021547,calcutta north west
WB,Calcutta North West,S2521,26,8,west bengal,north twenty four parganas,0.3573662731732823,0.0013388650109379,0.3573662731732742,calcutta north west
WB,Calcutta North West,S2521,26,9,west bengal,south twenty four parganas,0.251097845424554,0.0007107029310144,0.2510978454245483,calcutta north west
WB,Calcutta South,S2523,26,9,west bengal,south twenty four parganas,0.903807469951296,0.0402732191868396,0.9038074699512968,calcutta south
WB,Calcutta South,S2523,26,10,west bengal,kolkata,0.096192530048704,0.0781315809636896,0.0961925300487041,calcutta south
WB,Contai,S2531,26,13,west bengal,purba medinipur,1.0,0.1108379091333009,0.8624696476312437,contai
WB,Cooch Behar,S2501,26,1,west bengal,koch bihar,0.9934975505534384,0.7050743004237804,0.8441177938591697,cooch behar
WB,Cooch Behar,S2501,4,2,assam,dhubri,0.0065024494465615,0.0022322795461227,0.0055247577394173,cooch behar
WB,Darjeeling,S2504,26,3,west bengal,darjiling,0.76637011100629,0.8929397172913736,0.7173370131459146,darjeeling
WB,Darjeeling,S2504,26,4,west bengal,uttar dinajpur,0.1584584829661769,0.1307744020610554,0.1483201566007539,darjeeling
WB,Darjeeling,S2504,26,2,west bengal,jalpaiguri,0.075171406027533,0.046939512764964,0.0703618670657247,darjeeling
WB,Diamond Harbour,S2517,26,9,west bengal,south twenty four parganas,0.9340285733918268,0.1235426875993741,0.9338768991817236,diamond harbour
WB,Diamond Harbour,S2517,26,10,west bengal,kolkata,0.0659714266081732,0.1590587640926399,0.0659607136981989,diamond harbour
WB,Dum Dum,S2520,26,8,west bengal,north twenty four parganas,0.8316177917554637,0.0639817664936519,0.8316177917554657,dum dum
WB,Dum Dum,S2520,26,9,west bengal,south twenty four parganas,0.1683822082445362,0.0097870215911128,0.1683822082445366,dum dum
WB,Durgapur,S2537,26,14,west bengal,bankura,0.5977183396209923,0.2332839475547537,0.597718339620992,durgapur
WB,Durgapur,S2537,26,16,west bengal,barddhaman,0.3808817901667478,0.1676218299400014,0.3808817901667476,durgapur
WB,Durgapur,S2537,26,17,west bengal,birbhum,0.0213998702122598,0.0131648210108758,0.0213998702122598,durgapur
WB,Hooghly,S2527,26,12,west bengal,hugli,0.7650862104547316,0.2318382847684332,0.7650862104547327,hooghly
WB,Hooghly,S2527,26,8,west bengal,north twenty four parganas,0.2117035177255072,0.0584969614873955,0.2117035177255075,hooghly
WB,Hooghly,S2527,26,7,west bengal,nadia,0.0232102718197612,0.0064163513838491,0.0232102718197612,hooghly
WB,Howrah,S2524,26,10,west bengal,kolkata,0.604078924065758,0.4152554428766389,0.604078924065752,howrah
WB,Howrah,S2524,26,8,west bengal,north twenty four parganas,0.2728382803528,0.0136194703001003,0.2728382803527973,howrah
WB,Howrah,S2524,26,11,west bengal,haora,0.0876304475778485,0.0092580165638753,0.0876304475778477,howrah
WB,Howrah,S2524,26,9,west bengal,south twenty four parganas,0.0354523480035935,0.0013369704496013,0.0354523480035931,howrah
WB,Jadavpur,S2518,26,9,west bengal,south twenty four parganas,0.8808824797326259,0.1183305765054366,0.8808824797326251,jadavpur
WB,Jadavpur,S2518,26,10,west bengal,kolkata,0.119117520267374,0.2916751952891222,0.1191175202673739,jadavpur
WB,Jalpaiguri,S2503,26,2,west bengal,jalpaiguri,0.7793828636884841,0.3894510057079861,0.6856881130942674,jalpaiguri
WB,Jalpaiguri,S2503,26,1,west bengal,koch bihar,0.2206171363115159,0.2244745004344293,0.1940952963704984,jalpaiguri
WB,Jangipur,S2508,26,6,west bengal,murshidabad,0.98540637918996,0.3356683342952486,0.9373126511003518,jangipur
WB,Jangipur,S2508,26,5,west bengal,maldah,0.0145936208100401,0.0066905921456232,0.0138813647846043,jangipur
WB,Jhargram,S2533,26,13,west bengal,purba medinipur,0.964315297539194,0.3467668619504979,0.9599984351098816,jhargram
WB,Jhargram,S2533,19,5,odisha,baleshwar,0.0152136294191557,0.0123923362579193,0.0151455239505184,jhargram
WB,Jhargram,S2533,26,14,west bengal,bankura,0.0105787131848021,0.0073441703881547,0.0105313564233626,jhargram
WB,Jhargram,S2533,26,12,west bengal,hugli,0.0098923598568482,0.0151422094983439,0.0098480756308152,jhargram
WB,Joynagar,S2515,26,9,west bengal,south twenty four parganas,0.816479410860508,0.3513154563969889,0.3696652985455825,joynagar
WB,Joynagar,S2515,26,8,west bengal,north twenty four parganas,0.183520589139492,0.1045237357165974,0.0830899009468125,joynagar
WB,Katwa,S2540,26,16,west bengal,barddhaman,0.4360410193400119,0.1156554440295221,0.436041019340012,katwa
WB,Katwa,S2540,26,7,west bengal,nadia,0.2840904926704192,0.1344175314206372,0.2840904926704193,katwa
WB,Katwa,S2540,26,12,west bengal,hugli,0.2798684879895688,0.1451510174651955,0.279868487989569,katwa
WB,Krishnagar,S2511,26,7,west bengal,nadia,1.0,0.3957656652321658,0.6757901221528323,krishnagar
WB,Malda,S2507,26,5,west bengal,maldah,1.0,0.3891083435073215,0.6606790930174259,malda
WB,Mathurapur,S2516,26,9,west bengal,south twenty four parganas,1.0,0.2427568672916349,0.5396404161008995,mathurapur
WB,Midnapore,S2532,26,13,west bengal,purba medinipur,1.0,0.1876516706208286,0.9999999999999992,midnapore
WB,Murshidabad,S2509,26,6,west bengal,murshidabad,0.8440126428687813,0.2388168898452048,0.5650206096732541,murshidabad
WB,Murshidabad,S2509,26,7,west bengal,nadia,0.1559873571312187,0.0608053317451031,0.104425060894856,murshidabad
WB,Nabadwip,S2512,26,7,west bengal,nadia,0.6962952121494768,0.2703269269763987,0.6249782448770934,nabadwip
WB,Nabadwip,S2512,26,8,west bengal,north twenty four parganas,0.3037047878505232,0.117854143985166,0.2725982915861884,nabadwip
WB,Panskura,S2529,26,13,west bengal,purba medinipur,0.928235624245914,0.1364182614522786,0.9282356242459135,panskura
WB,Panskura,S2529,26,11,west bengal,haora,0.0585151541868834,0.0706467044625908,0.0585151541868834,panskura
WB,Panskura,S2529,26,12,west bengal,hugli,0.0132492215672025,0.0082884906799656,0.0132492215672025,panskura
WB,Purulia,S2534,26,15,west bengal,puruliya,0.8588933955929745,0.552620365025018,0.8574185730859769,purulia
WB,Purulia,S2534,26,14,west bengal,bankura,0.0982734602989303,0.0561984924921786,0.0981047130343302,purulia
WB,Purulia,S2534,5,32,bihar,dhanbad,0.0250386393484468,0.0315400639643734,0.0249956450152208,purulia
WB,Purulia,S2534,26,13,west bengal,purba medinipur,0.0177945047596483,0.0052708778732284,0.0177639494704179,purulia
WB,Raiganj,S2505,26,4,west bengal,uttar dinajpur,0.5586101034626488,0.2817966147783087,0.4957621971541422,raiganj
WB,Raiganj,S2505,26,5,west bengal,maldah,0.4413898965373512,0.2621085407302209,0.3917301594664557,raiganj
WB,Serampore,S2526,26,11,west bengal,haora,0.5396171221416286,0.2240579370251377,0.5396171221416296,serampore
WB,Serampore,S2526,26,12,west bengal,hugli,0.2076933752930242,0.0446846944331734,0.2076933752930246,serampore
WB,Serampore,S2526,26,8,west bengal,north twenty four parganas,0.2072476539003242,0.0406589561076877,0.2072476539003246,serampore
WB,Serampore,S2526,26,9,west bengal,south twenty four parganas,0.0328661380718492,0.0048712135373948,0.0328661380718493,serampore
WB,Serampore,S2526,26,10,west bengal,kolkata,0.0125757105931734,0.033975501202356,0.0125757105931734,serampore
WB,Tamluk,S2530,26,13,west bengal,purba medinipur,0.7115372470887924,0.0570353780261657,0.5913816481585602,tamluk
WB,Tamluk,S2530,26,11,west bengal,haora,0.16609482913987,0.1093734906372236,0.1380467912385945,tamluk
WB,Tamluk,S2530,26,9,west bengal,south twenty four parganas,0.1223679237713375,0.028763215360395,0.1017039441543165,tamluk
WB,Uluberia,S2525,26,11,west bengal,haora,0.7677653766784263,0.4755749698201307,0.7664242599426073,uluberia
WB,Uluberia,S2525,26,9,west bengal,south twenty four parganas,0.2114542555804447,0.0467542157710633,0.2110848916450118,uluberia
WB,Uluberia,S2525,26,12,west bengal,hugli,0.020780367741129,0.0066696835881286,0.0207440690230562,uluberia
WB,Vishnupur,S2536,26,14,west bengal,bankura,0.8241640057016661,0.4528519759695859,0.8241640057016661,vishnupur
WB,Vishnupur,S2536,26,13,west bengal,purba medinipur,0.0975803389482344,0.0277724105352472,0.0975803389482344,vishnupur
WB,Vishnupur,S2536,26,12,west bengal,hugli,0.0453971386565423,0.0549984622293806,0.0453971386565423,vishnupur
WB,Vishnupur,S2536,26,16,west bengal,barddhaman,0.0328585166935569,0.0203583544699321,0.0328585166935569,vishnupur
